,project_id,state,bead_support,estimated_miles_aerial_fiber,estimated_miles_buried_fiber,estimated_jobs,project_type,priority_broadband_project,funded_locations,funded_cai,dominant_technology,avg_download_speed,avg_upload_speed,state_num_providers
0,CM61-BEAD-AL-1,AL,2629267.7,8.0,38.0,0.0,L,True,366,0,50.0,5000.0,5000.0,13
1,CM61-BEAD-AL-10,AL,606229.99,9.0,4.0,0.0,L,True,142,0,50.0,1000.0,1000.0,13
2,CM61-BEAD-AL-11,AL,19908009.0,204.0,36.0,50.0,L,True,2006,15,50.0,2000.0,2000.0,13
3,CM61-BEAD-AL-12,AL,138750.0,0.0,0.0,0.0,L,False,160,0,61.0,100.0,20.0,13
4,CM61-BEAD-AL-4,AL,1540000.0,13.0,32.0,0.0,L,True,154,0,50.0,5000.0,5000.0,13
5,CM61-BEAD-AL-14,AL,1821711.0,31.0,5.0,56.0,L,True,947,13,50.0,1000.0,1000.0,13
6,CM61-BEAD-AL-15,AL,20547945.0,181.0,35.0,50.0,L,True,2066,11,50.0,1994.6757018393027,1994.6757018393027,13
7,CM61-BEAD-AL-16,AL,2071855.0,107.0,6.0,2.0,L,True,349,2,50.0,2000.0,2000.0,13
8,CM61-BEAD-AL-8,AL,10302719.64,120.0,180.0,5.0,L,True,1231,38,50.0,2000.0,2000.0,13
9,CM61-BEAD-AL-18,AL,22812894.56,449.0,79.0,8.0,L,True,3149,13,50.0,2000.0,2000.0,13
10,CM61-BEAD-AL-19,AL,2892574.0,1.0,44.0,5.0,L,True,514,0,50.0,1000.0,1000.0,13
11,CM61-BEAD-AL-2,AL,29835625.15,189.0,1387.0,47.0,L,True,9984,40,50.0,2000.0,2000.0,13
12,CM61-BEAD-AL-20,AL,317250.0,0.0,0.0,0.0,L,False,406,0,61.0,100.0,20.0,13
13,CM61-BEAD-AL-21,AL,3705174.0,125.0,16.0,5.0,L,True,466,0,50.0,2000.0,2000.0,13
14,CM61-BEAD-AL-13,AL,7790000.0,20.0,112.0,0.0,L,True,779,0,50.0,5000.0,5000.0,13
15,CM61-BEAD-AL-23,AL,9509519.58,140.0,60.0,0.0,L,True,1093,0,50.0,1000.0,1000.0,13
16,CM61-BEAD-AL-22,AL,3679632.0,27.0,69.0,0.0,L,True,368,0,50.0,5000.0,5000.0,13
17,CM61-BEAD-AL-25,AL,2601109.45,15.0,34.0,2.0,L,True,263,0,50.0,10000.0,10000.0,13
18,CM61-BEAD-AL-26,AL,5072861.0,21.0,64.0,5.0,L,True,865,0,50.0,1000.0,1000.0,13
19,CM61-BEAD-AL-27,AL,10848841.04,597.0,105.0,10.0,L,True,1383,14,50.0,2000.0,2000.0,13
20,CM61-BEAD-AL-17,AL,7712060.0,134.0,119.0,5.0,L,True,1042,32,50.0,2000.0,2000.0,13
21,CM61-BEAD-AL-29,AL,2536208.0,122.0,12.0,5.0,L,True,396,10,50.0,2000.0,2000.0,13
22,CM61-BEAD-AL-3,AL,6196425.0,0.0,98.0,5.0,L,True,864,0,50.0,1000.0,1000.0,13
23,CM61-BEAD-AL-30,AL,2686739.13,23.0,1.0,1.0,L,True,320,10,50.0,1000.0,1000.0,13
24,CM61-BEAD-AL-31,AL,6371720.05,91.0,1.0,1.0,L,True,729,11,50.0,1000.0,1000.0,13
25,CM61-BEAD-AL-32,AL,1870990.0,108.0,12.0,7.0,L,True,680,3,50.0,2000.0,2000.0,13
26,CM61-BEAD-AL-28,AL,11611650.0,84.0,126.0,5.0,L,True,1194,27,50.0,2000.0,2000.0,13
27,CM61-BEAD-AL-34,AL,251250.0,0.0,0.0,0.0,L,False,260,0,61.0,100.0,20.0,13
28,CM61-BEAD-AL-24,AL,14453640.0,48.0,203.0,0.0,L,True,1487,0,50.0,5000.0,5000.0,13
29,CM61-BEAD-AL-33,AL,14286209.0,206.0,309.0,5.0,L,True,2585,29,50.0,2000.0,2000.0,13
30,CM61-BEAD-AL-37,AL,5889918.97,55.0,9.0,35.0,L,True,658,11,50.0,2000.0,2000.0,13
31,CM61-BEAD-AL-35,AL,9277793.44,139.0,197.0,0.0,L,True,1542,0,50.0,5000.0,5000.0,13
32,CM61-BEAD-AL-39,AL,2635500.0,0.0,56.0,0.0,L,True,251,0,50.0,1000.0,1000.0,13
33,CM61-BEAD-AL-38,AL,9936916.0,75.0,206.0,0.0,L,True,1132,0,50.0,5000.0,5000.0,13
34,CM61-BEAD-AL-40,AL,3711922.0,0.0,58.0,5.0,L,True,531,0,50.0,1000.0,1000.0,13
35,CM61-BEAD-AL-41,AL,3755894.06,56.0,1.0,1.0,L,True,425,17,50.0,1000.0,1000.0,13
36,CM61-BEAD-AL-42,AL,1634280.0,7.0,17.0,5.0,L,True,251,1,50.0,10000.0,10000.0,13
37,CM61-BEAD-AL-36,AL,8832315.48,78.0,117.0,5.0,L,True,1190,21,40.0,2000.0,2000.0,13
38,CM61-BEAD-AL-44,AL,23952872.02,477.0,84.0,12.0,L,True,3395,16,50.0,2000.0,2000.0,13
39,CM61-BEAD-AL-45,AL,4486573.32,38.0,139.0,0.0,L,True,862,0,50.0,5000.0,5000.0,13
40,CM61-BEAD-AL-46,AL,194503.51,9.0,17.0,0.0,L,True,105,0,50.0,5000.0,5000.0,13
41,CM61-BEAD-AL-47,AL,4794710.21,44.0,1.0,1.0,L,True,975,11,50.0,1000.0,1000.0,13
42,CM61-BEAD-AL-48,AL,2386271.0,180.0,20.0,20.0,L,True,1804,12,50.0,2000.0,2000.0,13
43,CM61-BEAD-AL-49,AL,498000.0,0.0,0.0,0.0,L,False,431,0,61.0,100.0,20.0,13
44,CM61-BEAD-AL-5,AL,6511050.06,100.0,43.0,0.0,L,True,1271,0,50.0,1000.0,1000.0,13
45,CM61-BEAD-AL-50,AL,12042888.0,0.0,715.0,11.0,L,True,4538,10,50.0,2000.0,2000.0,13
46,CM61-BEAD-AL-51,AL,1122740.36,56.0,101.0,0.0,L,True,639,0,50.0,5000.0,5000.0,13
47,CM61-BEAD-AL-52,AL,8170000.0,65.0,140.0,0.0,L,True,817,0,50.0,5000.0,5000.0,13
48,CM61-BEAD-AL-43,AL,30602736.0,504.0,591.0,5.0,L,True,5295,113,50.0,2000.0,2000.0,13
49,CM61-BEAD-AL-54,AL,6607419.7,72.0,2.0,1.0,L,True,739,10,50.0,1000.0,1000.0,13
50,CM61-BEAD-AL-55,AL,4679532.0,41.0,65.0,0.0,L,True,468,0,50.0,5000.0,5000.0,13
51,CM61-BEAD-AL-56,AL,761250.0,0.0,0.0,0.0,L,False,848,0,61.0,100.0,20.0,13
52,CM61-BEAD-AL-53,AL,16609082.0,181.0,271.0,5.0,L,True,2172,15,50.0,2000.0,2000.0,13
53,CM61-BEAD-AL-58,AL,5050000.0,45.0,82.0,0.0,L,True,505,0,50.0,5000.0,5000.0,13
54,CM61-BEAD-AL-59,AL,9450000.0,0.0,131.0,2.0,L,True,1117,0,50.0,10000.0,10000.0,13
55,CM61-BEAD-AL-6,AL,41250.0,0.0,0.0,0.0,L,False,48,0,61.0,100.0,20.0,13
56,CM61-BEAD-AL-60,AL,1473000.0,0.0,0.0,0.0,L,False,1534,0,61.0,100.0,20.0,13
57,CM61-BEAD-AL-61,AL,198000.0,0.0,0.0,0.0,L,False,245,0,61.0,100.0,20.0,13
58,CM61-BEAD-AL-7,AL,1732373.0,107.0,14.0,8.0,L,True,707,13,50.0,2000.0,2000.0,13
59,CM61-BEAD-AL-57,AL,32410935.0,485.0,499.0,5.0,L,True,3389,75,50.0,2000.0,2000.0,13
60,CM61-BEAD-AL-9,AL,306000.0,0.0,0.0,0.0,L,False,378,0,61.0,100.0,20.0,13
61,CM61-BEAD-AL-62,AL,8836800.0,0.0,0.0,0.0,L,False,14728,0,61.0,149.9762357414449,49.985741444866925,13
62,CM61-BEAD-AL-63,AL,3914250.0,0.0,0.0,0.0,L,False,3461,0,61.0,100.0,20.0,13
63,CM61-BEAD-KS-1012,KS,416482.0,0.0,2.0,4.0,L,False,341,0,71.0,100.0,20.0,13
64,CM61-BEAD-KS-1015,KS,2861122.0,0.0,2.0,3.0,L,False,920,0,71.0,100.0,20.0,13
65,CM61-BEAD-KS-1019,KS,3929589.0,0.0,2.0,4.0,L,False,1424,0,71.0,100.0,20.0,13
66,CM61-BEAD-KS-1022,KS,804742.0,0.0,2.0,3.0,L,False,294,0,71.0,100.0,20.0,13
67,CM61-BEAD-KS-1026,KS,222253.0,0.0,2.0,4.0,L,False,57,0,71.0,100.0,20.0,13
68,CM61-BEAD-KS-1028-A,KS,414931.0,0.0,2.0,4.0,L,False,163,0,71.0,100.0,20.0,13
69,CM61-BEAD-KS-1028-B,KS,129825.0,0.0,2.0,3.0,L,False,51,0,71.0,100.0,20.0,13
70,CM61-BEAD-KS-1045-A,KS,263408.0,0.0,2.0,3.0,L,False,416,0,71.0,100.0,20.0,13
71,CM61-BEAD-KS-1045-B,KS,1266.0,0.0,2.0,4.0,L,False,2,0,71.0,100.0,20.0,13
72,CM61-BEAD-KS-1057,KS,412036.64,0.0,26.0,1.0,L,True,65,0,72.0,1238.4615384615383,1553.8461538461538,13
73,CM61-BEAD-KS-1058,KS,2673972.33,0.0,123.0,3.0,L,True,407,1,50.0,2500.0,2500.0,13
74,CM61-BEAD-KS-1061,KS,375000.0,0.0,75.0,1.0,L,True,100,0,72.0,500.0,1000.0,13
75,CM61-BEAD-KS-1062,KS,1618818.32,0.0,175.0,2.0,L,True,396,0,72.0,792.9292929292926,1219.6969696969707,13
76,CM61-BEAD-KS-1063-A,KS,409640.0,0.0,0.0,1.0,L,True,418,0,71.0,1000.0,500.0,13
77,CM61-BEAD-KS-1063-B,KS,544880.0,0.0,0.0,1.0,L,True,556,0,71.0,1000.0,500.0,13
78,CM61-BEAD-KS-1063-C,KS,26460.0,0.0,0.0,0.0,L,False,27,0,71.0,1000.0,500.0,13
79,CM61-BEAD-KS-1063-D,KS,62720.0,0.0,0.0,1.0,L,False,64,0,71.0,1000.0,500.0,13
80,CM61-BEAD-KS-1064-A,KS,99960.0,0.0,0.0,1.0,L,False,102,0,71.0,1000.0,500.0,13
81,CM61-BEAD-KS-1064-B,KS,282240.0,0.0,0.0,1.0,L,False,288,0,71.0,1000.0,500.0,13
82,CM61-BEAD-KS-1064-C,KS,133280.0,0.0,0.0,1.0,L,False,136,0,71.0,1000.0,500.0,13
83,CM61-BEAD-KS-1065-A,KS,356720.0,0.0,0.0,1.0,L,True,364,0,71.0,1000.0,500.0,13
84,CM61-BEAD-KS-1065-B,KS,22540.0,0.0,0.0,1.0,L,True,23,0,71.0,1000.0,500.0,13
85,CM61-BEAD-KS-1065-C,KS,26460.0,0.0,0.0,0.0,L,False,27,0,71.0,1000.0,500.0,13
86,CM61-BEAD-KS-1065-D,KS,2940.0,0.0,0.0,1.0,L,False,3,0,71.0,1000.0,500.0,13
87,CM61-BEAD-KS-1065-E,KS,87220.0,0.0,0.0,0.0,L,True,89,0,71.0,1000.0,500.0,13
88,CM61-BEAD-KS-1065-F,KS,235200.0,0.0,0.0,0.0,L,True,240,0,71.0,1000.0,500.0,13
89,CM61-BEAD-KS-1065-G,KS,146020.0,0.0,0.0,1.0,L,True,149,0,71.0,1000.0,500.0,13
90,CM61-BEAD-KS-1065-H,KS,122500.0,0.0,0.0,1.0,L,True,125,0,71.0,1000.0,500.0,13
91,CM61-BEAD-KS-1065-I,KS,226380.0,0.0,0.0,1.0,L,True,231,0,71.0,1000.0,500.0,13
92,CM61-BEAD-KS-1066-A,KS,62720.0,0.0,0.0,0.0,L,False,64,0,71.0,1000.0,500.0,13
93,CM61-BEAD-KS-1066-B,KS,80360.0,0.0,0.0,0.0,L,False,82,0,71.0,1000.0,500.0,13
94,CM61-BEAD-KS-1066-C,KS,2975280.0,0.0,0.0,0.0,L,False,3036,0,71.0,1000.0,500.0,13
95,CM61-BEAD-KS-1066-D,KS,96040.0,0.0,0.0,0.0,L,False,98,0,71.0,1000.0,500.0,13
96,CM61-BEAD-KS-1066-E,KS,337120.0,0.0,0.0,0.0,L,False,344,0,71.0,1000.0,500.0,13
97,CM61-BEAD-KS-1066-F,KS,1738520.0,0.0,0.0,0.0,L,False,1774,0,71.0,1000.0,500.0,13
98,CM61-BEAD-KS-1069,KS,525000.0,0.0,225.0,1.0,L,True,140,0,72.0,500.0,1000.0,13
99,CM61-BEAD-KS-1071,KS,549154.19,0.0,2.0,1.0,L,True,44,0,50.0,1590.9090909090912,1818.1818181818182,13
100,CM61-BEAD-KS-1075,KS,2353674.96,0.0,0.0,0.0,L,False,796,0,61.0,450.0,50.0,13
101,CM61-BEAD-KS-1092,KS,945713.21,0.0,0.0,0.0,L,False,115,0,71.0,100.0,20.0,13
102,CM61-BEAD-KS-1094,KS,646001.49,0.0,0.0,0.0,L,False,321,0,71.0,100.0,20.0,13
103,CM61-BEAD-KS-1095,KS,1161224.18,0.0,0.0,0.0,L,False,448,0,71.0,100.0,20.0,13
104,CM61-BEAD-KS-1096,KS,888394.5,0.0,0.0,0.0,L,False,142,0,71.0,283.80281690140833,220.14084507042253,13
105,CM61-BEAD-KS-1145,KS,1261381.77,0.0,4.0,1.0,L,True,230,0,71.0,475.65217391304344,429.0434782608697,13
106,CM61-BEAD-KS-1302,KS,71184.9,0.0,1.0,0.0,L,True,22,0,50.0,1000.0,1000.0,13
107,CM61-BEAD-KS-1304,KS,849232.5,0.0,4.0,1.0,L,True,132,0,50.0,556.8181818181816,517.4242424242424,13
108,CM61-BEAD-KS-1305,KS,850811.99,6.0,4.0,0.0,L,True,192,2,50.0,1000.0,1000.0,13
109,CM61-BEAD-KS-1307,KS,10471776.87,0.0,390.0,3.0,L,True,1950,3,72.0,1151.282051282051,1488.4615384615386,13
110,CM61-BEAD-KS-1308-A,KS,589899.77,0.0,110.0,1.0,L,True,145,1,50.0,1741.3793103448286,1931.034482758621,13
111,CM61-BEAD-KS-1308-B,KS,1185088.64,0.0,110.0,3.0,L,True,183,0,50.0,2500.0,2500.0,13
112,CM61-BEAD-KS-1308-C,KS,1380000.0,0.0,110.0,1.0,L,True,368,0,72.0,500.0,1000.0,13
113,CM61-BEAD-KS-339-R,KS,104000.0,0.0,0.0,0.0,L,True,26,0,71.0,1000.0,500.0,13
114,CM61-BEAD-KS-917,KS,725577.86,0.0,0.0,1.0,L,False,143,0,71.0,100.0,20.0,13
115,CM61-BEAD-KS-920,KS,3297810.83,0.0,99.0,2.0,L,True,701,0,50.0,2500.0,2500.0,13
116,CM61-BEAD-KS-921,KS,235109.0,0.0,18.0,6.0,L,True,73,0,50.0,1000.0,1000.0,13
117,CM61-BEAD-KS-960,KS,1172710.0,0.0,64.0,0.0,L,True,34,0,50.0,629.4117647058823,596.470588235294,13
118,CM61-BEAD-KS-961,KS,2024683.0,0.0,18.0,0.0,L,True,202,0,71.0,180.19801980198022,107.32673267326733,13
119,CM61-BEAD-KS-963,KS,1020000.0,0.0,128.0,2.0,L,True,273,1,72.0,507.3260073260073,1005.4945054945055,13
120,CM61-BEAD-KS-964-A,KS,4581765.0,0.0,117.0,2.0,L,True,141,0,50.0,1000.0,1000.0,13
121,CM61-BEAD-KS-964-B,KS,3261163.5,0.0,161.0,3.0,L,True,154,0,50.0,1000.0,1000.0,13
122,CM61-BEAD-KS-968-A,KS,1078588.46,0.0,115.0,2.0,L,True,191,0,50.0,2332.4607329842934,2374.3455497382183,13
123,CM61-BEAD-KS-968-B,KS,416250.0,0.0,115.0,2.0,L,True,111,0,72.0,500.0,1000.0,13
124,CM61-BEAD-KS-968-C,KS,71250.0,0.0,115.0,2.0,L,True,19,0,72.0,500.0,1000.0,13
125,CM61-BEAD-KS-970-A,KS,7427912.25,0.0,126.0,2.0,L,True,246,0,50.0,1000.0,1000.0,13
126,CM61-BEAD-KS-970-B,KS,10580524.5,0.0,196.0,3.0,L,True,319,0,50.0,1000.0,1000.0,13
127,CM61-BEAD-KS-973,KS,767163.76,0.0,247.0,3.0,L,True,238,1,72.0,1197.4789915966394,1523.109243697479,13
128,CM61-BEAD-KS-974,KS,333750.0,0.0,76.0,1.0,L,True,89,0,72.0,500.0,1000.0,13
129,CM61-BEAD-KS-975,KS,81249.33,0.0,0.0,1.0,L,False,32,0,72.0,500.0,500.0,13
130,CM61-BEAD-KS-976,KS,64073.59,0.0,1.0,2.0,L,True,3,0,50.0,2000.0,2000.0,13
131,CM61-BEAD-KS-982,KS,1679383.98,0.0,55.0,2.0,L,True,130,0,50.0,2500.0,2500.0,13
132,CM61-BEAD-KS-983,KS,1315942.26,0.0,55.0,2.0,L,True,108,0,50.0,2500.0,2500.0,13
133,CM61-BEAD-KS-985,KS,135996.0,0.0,9.0,0.0,L,True,4,0,50.0,2500.0,2500.0,13
134,CM61-BEAD-KS-986,KS,390000.0,0.0,88.0,2.0,L,True,104,0,72.0,500.0,1000.0,13
135,CM61-BEAD-KS-988,KS,1698750.0,0.0,447.0,3.0,L,True,453,0,72.0,500.0,1000.0,13
136,CM61-BEAD-KS-989,KS,6037458.92,0.0,455.0,4.0,L,True,553,0,50.0,1856.238698010848,2017.1790235081367,13
137,CM61-BEAD-KS-990-A,KS,701250.0,0.0,260.0,2.0,L,True,187,0,72.0,500.0,1000.0,13
138,CM61-BEAD-KS-990-B,KS,660000.0,0.0,250.0,2.0,L,True,176,0,72.0,500.0,1000.0,13
139,CM61-BEAD-KS-993,KS,2571181.34,0.0,37.0,1.0,L,True,169,0,50.0,1000.0,1000.0,13
140,CM61-BEAD-KS-994,KS,2184501.82,0.0,85.0,1.0,L,True,218,0,50.0,2500.0,2500.0,13
141,CM61-BEAD-KS-996-R,KS,5703500.0,0.0,50.0,0.0,L,True,189,0,50.0,1000.0,1000.0,13
142,CM61-BEAD-KS-998,KS,1799789.19,0.0,48.0,1.0,L,True,73,0,50.0,2500.0,2500.0,13
143,CM61-BEAD-KS-999,KS,58556500.87,714.0,1070.0,40.0,L,True,3150,4,50.0,915.269841269841,902.8095238095265,13
144,CM61-BEAD-VT-85803,VT,27000.0,0.0,0.0,0.0,L,False,18,0,61.0,450.0,50.0,7
145,CM61-BEAD-VT-85804,VT,16500.0,0.0,0.0,0.0,L,False,11,0,61.0,450.0,50.0,7
146,CM61-BEAD-VT-85805,VT,4500.0,0.0,0.0,0.0,L,False,3,0,61.0,450.0,50.0,7
147,CM61-BEAD-VT-83171,VT,85833.0,2.0,0.0,0.0,L,True,8,0,50.0,10000.0,10000.0,7
148,CM61-BEAD-VT-85808,VT,28500.0,0.0,0.0,0.0,L,False,19,0,61.0,450.0,50.0,7
149,CM61-BEAD-VT-85809,VT,28500.0,0.0,0.0,0.0,L,False,19,0,61.0,450.0,50.0,7
150,CM61-BEAD-VT-85559,VT,527023.0,11.0,1.0,7.0,L,True,66,0,40.0,2000.0,2000.0,7
151,CM61-BEAD-VT-85811,VT,1500.0,0.0,0.0,0.0,L,False,1,0,61.0,450.0,50.0,7
152,CM61-BEAD-VT-85812,VT,9000.0,0.0,0.0,0.0,L,False,6,0,61.0,450.0,50.0,7
153,CM61-BEAD-VT-85813,VT,22500.0,0.0,0.0,0.0,L,False,15,0,61.0,450.0,50.0,7
154,CM61-BEAD-VT-85560,VT,702442.0,10.0,1.0,7.0,L,True,65,0,50.0,2000.0,2000.0,7
155,CM61-BEAD-VT-85298,VT,150934.0,7.0,0.0,1.0,L,True,36,0,50.0,2000.0,2000.0,7
156,CM61-BEAD-VT-85835,VT,10500.0,0.0,0.0,0.0,L,False,7,0,61.0,450.0,50.0,7
157,CM61-BEAD-VT-85884,VT,15000.0,0.0,0.0,0.0,L,False,10,0,61.0,450.0,50.0,7
158,CM61-BEAD-VT-85562,VT,211631.0,4.0,1.0,7.0,L,True,23,0,40.0,2000.0,2000.0,7
159,CM61-BEAD-VT-85511,VT,3525650.0,252.0,8.0,1.0,L,True,996,0,50.0,2000.0,2000.0,7
160,CM61-BEAD-VT-85890,VT,310500.0,0.0,0.0,0.0,L,False,207,0,61.0,450.0,50.0,7
161,CM61-BEAD-VT-83186,VT,565691.0,5.0,4.0,1.0,L,True,54,0,50.0,2000.0,2000.0,7
162,CM61-BEAD-VT-83181,VT,9269083.0,130.0,24.0,0.0,L,True,1747,0,50.0,1000.0,1000.0,7
163,CM61-BEAD-VT-83905,VT,66658142.0,940.0,35.0,17.0,L,True,7441,0,50.0,1000.0,1000.0,7
164,CM61-BEAD-VT-85518,VT,2796839.0,262.0,20.0,1.0,L,True,1583,0,50.0,2000.0,2000.0,7
165,CM61-BEAD-VT-85519,VT,107370.0,6.0,0.0,1.0,L,True,17,0,50.0,2000.0,2000.0,7
166,CM61-BEAD-VT-85903,VT,39000.0,0.0,0.0,0.0,L,False,26,0,61.0,450.0,50.0,7
167,CM61-BEAD-VT-85568,VT,1008490.0,49.0,3.0,7.0,L,True,324,0,40.0,2000.0,2000.0,7
168,CM61-BEAD-VT-85907,VT,2742000.0,0.0,0.0,0.0,L,False,1828,0,61.0,450.0,50.0,7
169,CM61-BEAD-VT-85073,VT,1994135.3,45.0,2.0,13.0,L,True,184,0,50.0,1000.0,1000.0,7
170,CM61-BEAD-VT-85521,VT,870888.0,87.0,1.0,1.0,L,True,215,0,50.0,2000.0,2000.0,7
171,CM61-BEAD-VT-85915,VT,36000.0,0.0,0.0,0.0,L,False,24,0,61.0,450.0,50.0,7
172,CM61-BEAD-VT-85522,VT,1076098.0,126.0,1.0,1.0,L,True,343,0,50.0,2000.0,2000.0,7
173,CM61-BEAD-VT-85807,VT,4500.0,0.0,0.0,0.0,L,False,3,0,61.0,450.0,50.0,7
174,CM61-BEAD-SC-AECSC,SC,1065267.15,62.0,7.0,0.0,L,True,371,11,50.0,1000.0,1000.0,11
175,CM61-BEAD-SC-AMZSC,SC,5337600.0,0.0,0.0,11.0,L,False,8891,0,61.0,100.0,20.0,11
176,CM61-BEAD-SC-ATTSC,SC,4209849.0,24.0,117.0,0.0,L,True,803,45,50.0,5000.0,5000.0,11
177,CM61-BEAD-SC-BRESC,SC,401004.0,5.0,4.0,12.0,L,True,131,26,50.0,8000.0,8000.0,11
178,CM61-BEAD-SC-BRISC,SC,10400.0,23.0,162.0,3.0,L,True,118,29,50.0,2000.0,2000.0,11
179,CM61-BEAD-SC-CHRSC,SC,3611535.0,54.0,27.0,0.0,L,True,837,4,50.0,1000.0,1000.0,11
180,CM61-BEAD-SC-COMSC,SC,3640032.0,116.0,0.0,5.0,L,True,533,73,40.0,2000.0,2000.0,11
181,CM61-BEAD-SC-CMPSC,SC,1275523.0,3.0,22.0,64.0,L,True,267,30,40.0,2932.5842696629206,2441.5730337078635,11
182,CM61-BEAD-SC-HOMSC,SC,1508065.0,0.0,23.0,29.0,L,True,312,0,50.0,907.692307692308,890.3846153846152,11
183,CM61-BEAD-SC-HTCSC,SC,806400.0,22.0,31.0,0.0,L,True,120,12,50.0,5000.0,5000.0,11
184,CM61-BEAD-SC-INTSC,SC,2553850.0,0.0,112.0,15.0,L,True,325,19,50.0,1000.0,1000.0,11
185,CM61-BEAD-SC-NECSC,SC,198083.0,3.0,0.0,0.0,L,True,72,0,50.0,1000.0,1000.0,11
186,CM61-BEAD-SC-RIPSC,SC,296227.0,0.0,48.0,9.0,L,True,64,5,50.0,2000.0,2000.0,11
187,CM61-BEAD-SC-SPXSC,SC,2079000.0,0.0,0.0,0.0,L,False,1083,0,61.0,450.0,55.0,11
188,CM61-BEAD-SC-TVCSC,SC,6247010.0,15.0,131.0,0.0,L,True,2318,50,50.0,10000.0,10000.0,11
189,CM61-BEAD-SC-ZTLSC,SC,8118544.0,0.0,785.0,98.0,L,True,4235,39,50.0,10000.0,10000.0,11
190,CM61-BEAD-AR-43-5289,AR,62612.74,2.0,5.0,0.0,L,True,17,3,50.0,1000.0,1000.0,17
191,CM61-BEAD-AR-43-5290,AR,98273.16,0.0,5.0,0.0,L,True,15,1,50.0,1000.0,1000.0,17
192,CM61-BEAD-AR-43-5291,AR,165055.67,3.0,9.0,0.0,L,True,17,0,50.0,1000.0,1000.0,17
193,CM61-BEAD-AR-43-5292,AR,79900.15,2.0,6.0,0.0,L,True,13,0,50.0,1000.0,1000.0,17
194,CM61-BEAD-AR-43-5294,AR,1747999.09,3.0,15.0,0.0,L,True,152,0,50.0,1000.0,1000.0,17
195,CM61-BEAD-AR-211-5352,AR,19440.0,0.0,0.0,15.0,L,False,12,0,61.0,150.0,20.0,17
196,CM61-BEAD-AR-211-5367,AR,12150.0,0.0,0.0,15.0,L,False,6,0,61.0,150.0,20.0,17
197,CM61-BEAD-AR-211-5470,AR,22000.0,0.0,0.0,15.0,L,False,16,1,61.0,150.0,20.0,17
198,CM61-BEAD-AR-211-5475,AR,24750.0,0.0,0.0,15.0,L,False,17,2,61.0,150.0,20.0,17
199,CM61-BEAD-AR-211-5477,AR,2200.0,0.0,0.0,15.0,L,False,2,1,61.0,150.0,20.0,17
200,CM61-BEAD-AR-211-5478,AR,23552.94,0.0,0.0,15.0,L,False,14,1,61.0,150.0,20.0,17
201,CM61-BEAD-AR-211-5480,AR,9428.57,0.0,0.0,15.0,L,False,6,1,61.0,150.0,20.0,17
202,CM61-BEAD-AR-211-5492,AR,52983.33,0.0,0.0,15.0,L,False,34,1,61.0,150.0,20.0,17
203,CM61-BEAD-AR-211-5493,AR,62436.0,0.0,0.0,15.0,L,False,44,2,61.0,150.0,20.0,17
204,CM61-BEAD-AR-211-5517,AR,24933.33,0.0,0.0,15.0,L,False,17,2,61.0,150.0,20.0,17
205,CM61-BEAD-AR-211-5523,AR,11550.0,0.0,0.0,15.0,L,False,8,1,61.0,150.0,20.0,17
206,CM61-BEAD-AR-211-5528,AR,48227.14,0.0,0.0,15.0,L,False,33,2,61.0,150.0,20.0,17
207,CM61-BEAD-AR-211-5530,AR,16800.0,0.0,0.0,15.0,L,False,16,2,61.0,150.0,20.0,17
208,CM61-BEAD-AR-211-5532,AR,65192.31,0.0,0.0,15.0,L,False,50,13,61.0,150.0,20.0,17
209,CM61-BEAD-AR-211-5545,AR,49500.0,0.0,0.0,15.0,L,False,31,1,61.0,150.0,20.0,17
210,CM61-BEAD-AR-211-5550,AR,8250.0,0.0,0.0,15.0,L,False,6,1,61.0,150.0,20.0,17
211,CM61-BEAD-AR-211-6418,AR,543600.0,0.0,0.0,15.0,L,True,910,387,61.0,150.0,20.0,17
212,CM61-BEAD-AR-130-5153,AR,2145161.91,60.0,60.0,1.0,L,True,225,2,50.0,1000.0,1000.0,17
213,CM61-BEAD-AR-211-5370,AR,4050.0,0.0,0.0,15.0,L,False,2,0,61.0,150.0,20.0,17
214,CM61-BEAD-AR-211-5380,AR,8376.92,0.0,0.0,15.0,L,False,11,5,61.0,150.0,20.0,17
215,CM61-BEAD-AR-211-5381,AR,3300.0,0.0,0.0,15.0,L,False,3,1,61.0,150.0,20.0,17
216,CM61-BEAD-AR-211-5403,AR,1650.0,0.0,0.0,15.0,L,False,2,1,61.0,150.0,20.0,17
217,CM61-BEAD-AR-211-5404,AR,1650.0,0.0,0.0,15.0,L,False,6,5,61.0,150.0,20.0,17
218,CM61-BEAD-AR-211-5429,AR,6600.0,0.0,0.0,15.0,L,False,6,2,61.0,150.0,20.0,17
219,CM61-BEAD-AR-211-5453,AR,745348.55,0.0,0.0,15.0,L,False,485,45,61.0,150.0,20.0,17
220,CM61-BEAD-AR-211-5457,AR,675.0,0.0,0.0,15.0,L,False,1,0,61.0,150.0,20.0,17
221,CM61-BEAD-AR-130-5156,AR,732619.83,2.0,22.0,2.0,L,True,102,1,50.0,1000.0,1000.0,17
222,CM61-BEAD-AR-130-5160,AR,2761098.65,8.0,71.0,2.0,L,True,447,6,50.0,1000.0,1000.0,17
223,CM61-BEAD-AR-130-5161,AR,4157699.76,4.0,72.0,5.0,L,True,794,4,50.0,1000.0,1000.0,17
224,CM61-BEAD-AR-130-5163,AR,2029297.06,0.0,67.0,1.0,L,True,790,0,50.0,1000.0,1000.0,17
225,CM61-BEAD-AR-130-5165,AR,126382.21,0.0,8.0,1.0,L,True,15,4,50.0,1000.0,1000.0,17
226,CM61-BEAD-AR-130-5166,AR,3198046.17,7.0,65.0,3.0,L,True,419,9,50.0,1000.0,1000.0,17
227,CM61-BEAD-AR-130-5167,AR,9365640.06,31.0,300.0,5.0,L,True,1381,11,50.0,1000.0,1000.0,17
228,CM61-BEAD-AR-130-5170,AR,4010652.69,12.0,110.0,3.0,L,True,434,3,50.0,1000.0,1000.0,17
229,CM61-BEAD-AR-130-5172,AR,7932209.48,57.0,200.0,5.0,L,True,823,12,50.0,1000.0,1000.0,17
230,CM61-BEAD-AR-130-5175,AR,2313830.54,6.0,53.0,3.0,L,True,398,1,50.0,1000.0,1000.0,17
231,CM61-BEAD-AR-130-5179,AR,6186783.58,13.0,138.0,4.0,L,True,1410,12,50.0,1000.0,1000.0,17
232,CM61-BEAD-AR-130-5183,AR,24038337.2,83.0,732.0,15.0,L,True,2189,46,50.0,1000.0,1000.0,17
233,CM61-BEAD-AR-190-5069,AR,2055339.85,81.0,7.0,5.0,L,True,569,5,50.0,2000.0,2000.0,17
234,CM61-BEAD-AR-190-5070,AR,821542.99,55.0,60.0,10.0,L,True,781,13,50.0,2000.0,2000.0,17
235,CM61-BEAD-AR-190-5072,AR,5388703.58,281.0,37.0,35.0,L,True,3354,8,50.0,2000.0,2000.0,17
236,CM61-BEAD-AR-190-5074,AR,2807678.76,105.0,13.0,10.0,L,True,1321,39,50.0,2000.0,2000.0,17
237,CM61-BEAD-AR-190-5075,AR,4675806.71,209.0,16.0,20.0,L,True,2579,22,50.0,2000.0,2000.0,17
238,CM61-BEAD-AR-190-5076,AR,2842909.5,158.0,19.0,15.0,L,True,1413,6,50.0,2000.0,2000.0,17
239,CM61-BEAD-AR-190-5077,AR,770141.64,39.0,5.0,3.0,L,True,191,1,50.0,2000.0,2000.0,17
240,CM61-BEAD-AR-190-5081,AR,2360206.81,249.0,11.0,16.0,L,True,1605,25,50.0,2000.0,2000.0,17
241,CM61-BEAD-AR-190-5082,AR,243360.0,10.0,1.0,2.0,L,True,84,2,50.0,2000.0,2000.0,17
242,CM61-BEAD-AR-190-5083,AR,1730118.1,59.0,7.0,8.0,L,True,762,15,50.0,2000.0,2000.0,17
243,CM61-BEAD-AR-190-5085,AR,0.0,18.0,1.0,3.0,L,True,175,21,50.0,2000.0,2000.0,17
244,CM61-BEAD-AR-190-5086,AR,775526.56,46.0,0.0,5.0,L,True,430,22,50.0,2000.0,2000.0,17
245,CM61-BEAD-AR-190-5087,AR,1808442.81,94.0,8.0,5.0,L,True,534,15,50.0,2000.0,2000.0,17
246,CM61-BEAD-AR-150-5662,AR,965963.76,59.0,20.0,3.0,L,True,85,5,50.0,1000.0,1000.0,17
247,CM61-BEAD-AR-1-5094,AR,1848388.76,20.0,430.0,17.0,L,True,4965,9,50.0,2000.0,2000.0,17
248,CM61-BEAD-AR-1-5095,AR,2693751.75,0.0,132.0,5.0,L,True,681,28,50.0,2000.0,2000.0,17
249,CM61-BEAD-AR-1-5305,AR,4455320.58,15.0,186.0,7.0,L,True,2332,18,50.0,2000.0,2000.0,17
250,CM61-BEAD-AR-1-5306,AR,436965.52,0.0,17.0,1.0,L,True,50,9,50.0,2000.0,2000.0,17
251,CM61-BEAD-AR-1-5307,AR,1146805.56,0.0,72.0,3.0,L,True,272,4,50.0,2000.0,2000.0,17
252,CM61-BEAD-AR-1-5309,AR,297826.86,0.0,106.0,4.0,L,True,484,5,50.0,2000.0,2000.0,17
253,CM61-BEAD-AR-1-5319,AR,798720.0,0.0,22.0,1.0,L,True,121,2,50.0,2000.0,2000.0,17
254,CM61-BEAD-AR-1-5328,AR,547722.93,0.0,50.0,2.0,L,True,144,0,50.0,2000.0,2000.0,17
255,CM61-BEAD-AR-1-5329,AR,0.0,0.0,8.0,0.0,L,True,21,0,50.0,2000.0,2000.0,17
256,CM61-BEAD-AR-1-5330,AR,0.0,0.0,14.0,1.0,L,True,65,4,50.0,2000.0,2000.0,17
257,CM61-BEAD-AR-1-5331,AR,0.0,0.0,2.0,0.0,L,True,9,0,50.0,2000.0,2000.0,17
258,CM61-BEAD-AR-1-5332,AR,10000.0,0.0,1.0,0.0,L,True,1,0,50.0,2000.0,2000.0,17
259,CM61-BEAD-AR-1-5333,AR,24895.83,0.0,2.0,0.0,L,True,11,8,50.0,2000.0,2000.0,17
260,CM61-BEAD-AR-1-5334,AR,569850.75,0.0,29.0,1.0,L,True,55,1,50.0,2000.0,2000.0,17
261,CM61-BEAD-AR-1-5335,AR,1848275.42,5.0,102.0,4.0,L,True,581,5,50.0,2000.0,2000.0,17
262,CM61-BEAD-AR-10-5136,AR,162777.6,0.0,5.0,0.0,L,True,64,4,50.0,1000.0,1000.0,17
263,CM61-BEAD-AR-10-5137,AR,206108.16,0.0,3.0,0.0,L,True,74,2,50.0,1000.0,1000.0,17
264,CM61-BEAD-AR-10-5138,AR,0.0,0.0,0.0,0.0,L,True,2,1,50.0,1000.0,1000.0,17
265,CM61-BEAD-AR-194-5905,AR,2193878.08,27.0,40.0,5.0,L,True,549,5,50.0,2000.0,2000.0,17
266,CM61-BEAD-AR-194-5906,AR,2375639.9,41.0,62.0,5.0,L,True,949,5,50.0,2000.0,2000.0,17
267,CM61-BEAD-AR-194-5908,AR,17324913.4,130.0,195.0,5.0,L,True,1725,13,50.0,2000.0,2000.0,17
268,CM61-BEAD-AR-132-5342,AR,2080549.6,24.0,8.0,2.0,L,True,250,3,50.0,1000.0,1000.0,17
269,CM61-BEAD-AR-132-5559,AR,825047.9,17.0,6.0,2.0,L,True,187,1,50.0,1000.0,1000.0,17
270,CM61-BEAD-AR-158-5132,AR,1342472.75,0.0,25.0,1.0,L,True,275,3,50.0,2000.0,2000.0,17
271,CM61-BEAD-AR-87-5056,AR,11221786.12,286.0,32.0,5.0,L,True,2496,10,40.0,1000.0,1000.0,17
272,CM61-BEAD-AR-87-5101,AR,82440.0,12.0,3.0,0.0,L,True,21,2,50.0,1000.0,1000.0,17
273,CM61-BEAD-AR-87-5114,AR,7438311.65,189.0,21.0,3.0,L,True,1975,7,50.0,1000.0,1000.0,17
274,CM61-BEAD-AR-87-5119,AR,4748520.0,113.0,13.0,3.0,L,True,1066,0,50.0,1000.0,1000.0,17
275,CM61-BEAD-AR-87-5120,AR,13718788.36,185.0,21.0,6.0,L,True,2227,3,50.0,1000.0,1000.0,17
276,CM61-BEAD-AR-87-5121,AR,22927408.84,405.0,45.0,10.0,L,True,2780,3,50.0,1000.0,1000.0,17
277,CM61-BEAD-AR-87-5122,AR,6218750.95,68.0,8.0,5.0,L,True,705,3,50.0,1000.0,1000.0,17
278,CM61-BEAD-AR-87-5127,AR,9037528.77,308.0,35.0,8.0,L,True,1605,19,50.0,1000.0,1000.0,17
279,CM61-BEAD-AR-87-5129,AR,9596561.28,270.0,30.0,8.0,L,True,1724,25,50.0,1000.0,1000.0,17
280,CM61-BEAD-AR-87-5130,AR,3465626.5,112.0,13.0,6.0,L,True,1468,3,50.0,1000.0,1000.0,17
281,CM61-BEAD-AR-151-5073,AR,12762544.58,287.0,8.0,300.0,L,True,1436,10,50.0,2500.0,2500.0,17
282,CM61-BEAD-AR-28-5268,AR,2125562.5,3.0,9.0,4.0,L,True,322,0,50.0,2500.0,2500.0,17
283,CM61-BEAD-AR-156-5107,AR,198990.05,2.0,0.0,5.0,L,True,18,1,50.0,1000.0,1000.0,17
284,CM61-BEAD-AR-156-5109,AR,1882972.31,12.0,2.0,6.0,L,True,224,3,50.0,1000.0,1000.0,17
285,CM61-BEAD-AR-156-5110,AR,748496.29,12.0,0.0,5.0,L,True,84,2,50.0,1000.0,1000.0,17
286,CM61-BEAD-AR-156-5112,AR,15765129.0,148.0,128.0,40.0,L,True,1371,0,50.0,1000.0,1000.0,17
287,CM61-BEAD-AR-174-5124,AR,284445.0,0.0,0.0,2.0,L,False,298,11,71.0,1000.0,500.0,17
288,CM61-BEAD-AR-174-5192,AR,820534.22,0.0,0.0,2.0,L,False,831,22,71.0,1000.0,500.0,17
289,CM61-BEAD-AR-174-5194,AR,6300.0,0.0,0.0,2.0,L,False,7,7,71.0,1000.0,500.0,17
290,CM61-BEAD-AR-174-5200,AR,346410.0,0.0,0.0,2.0,L,False,364,20,71.0,1000.0,500.0,17
291,CM61-BEAD-AR-174-5206,AR,59310.0,0.0,0.0,2.0,L,False,64,20,71.0,1000.0,500.0,17
292,CM61-BEAD-AR-174-5207,AR,308250.0,0.0,0.0,2.0,L,False,334,24,71.0,1000.0,500.0,17
293,CM61-BEAD-AR-174-5208,AR,98820.0,0.0,0.0,2.0,L,False,106,18,71.0,1000.0,500.0,17
294,CM61-BEAD-AR-174-5211,AR,764997.88,0.0,0.0,2.0,L,True,815,18,71.0,1000.0,500.0,17
295,CM61-BEAD-AR-174-5215,AR,124020.0,0.0,0.0,2.0,L,False,135,25,71.0,1000.0,500.0,17
296,CM61-BEAD-AR-174-5216,AR,208350.0,0.0,0.0,2.0,L,False,204,24,71.0,1000.0,500.0,17
297,CM61-BEAD-AR-174-5217,AR,26955.0,0.0,0.0,2.0,L,True,31,9,71.0,1000.0,500.0,17
298,CM61-BEAD-AR-174-5219,AR,121275.0,0.0,0.0,2.0,L,False,130,17,71.0,1000.0,500.0,17
299,CM61-BEAD-AR-174-5225,AR,31455.0,0.0,0.0,2.0,L,False,34,11,71.0,1000.0,500.0,17
300,CM61-BEAD-AR-174-5229,AR,314055.0,0.0,0.0,2.0,L,False,316,25,71.0,1000.0,500.0,17
301,CM61-BEAD-AR-174-5231,AR,35100.0,0.0,0.0,2.0,L,False,40,6,71.0,1000.0,500.0,17
302,CM61-BEAD-AR-174-5232,AR,133425.0,0.0,0.0,2.0,L,False,134,1,71.0,1000.0,500.0,17
303,CM61-BEAD-AR-174-5233,AR,148815.0,0.0,0.0,2.0,L,False,150,3,71.0,1000.0,500.0,17
304,CM61-BEAD-AR-174-5234,AR,117765.0,0.0,0.0,2.0,L,False,130,18,71.0,1000.0,500.0,17
305,CM61-BEAD-AR-174-5235,AR,112185.0,0.0,0.0,2.0,L,True,120,55,71.0,1000.0,500.0,17
306,CM61-BEAD-AR-174-5236,AR,36675.0,0.0,0.0,2.0,L,False,36,5,71.0,1000.0,500.0,17
307,CM61-BEAD-AR-174-5239,AR,46620.0,0.0,0.0,2.0,L,False,48,7,71.0,1000.0,500.0,17
308,CM61-BEAD-AR-174-5241,AR,40455.0,0.0,0.0,2.0,L,True,44,3,71.0,1000.0,500.0,17
309,CM61-BEAD-AR-174-5242,AR,29475.0,0.0,0.0,2.0,L,False,28,1,71.0,1000.0,500.0,17
310,CM61-BEAD-AR-174-5243,AR,229855.75,0.0,0.0,2.0,L,False,242,8,71.0,1000.0,500.0,17
311,CM61-BEAD-AR-174-5245,AR,10800.0,0.0,0.0,2.0,L,True,12,8,71.0,1000.0,500.0,17
312,CM61-BEAD-AR-174-5246,AR,229951.75,0.0,0.0,2.0,L,True,248,22,71.0,1000.0,500.0,17
313,CM61-BEAD-AR-174-5247,AR,10800.0,0.0,0.0,2.0,L,False,12,1,71.0,1000.0,500.0,17
314,CM61-BEAD-AR-174-5248,AR,87255.91,0.0,0.0,2.0,L,False,98,24,71.0,1000.0,500.0,17
315,CM61-BEAD-AR-174-5249,AR,37755.0,0.0,0.0,2.0,L,True,41,2,71.0,1000.0,500.0,17
316,CM61-BEAD-AR-174-5251,AR,48375.0,0.0,0.0,2.0,L,True,51,7,71.0,1000.0,500.0,17
317,CM61-BEAD-AR-174-5255,AR,116730.0,0.0,0.0,2.0,L,False,124,11,71.0,1000.0,500.0,17
318,CM61-BEAD-AR-174-5256,AR,235350.0,0.0,0.0,2.0,L,False,252,20,71.0,1000.0,500.0,17
319,CM61-BEAD-AR-174-5257,AR,15255.0,0.0,0.0,2.0,L,True,16,1,71.0,1000.0,500.0,17
320,CM61-BEAD-AR-174-5978,AR,3600.0,0.0,0.0,2.0,L,True,4,1,71.0,1000.0,500.0,17
321,CM61-BEAD-AR-142-5080,AR,340470.14,0.0,6.0,0.0,L,True,34,2,50.0,1000.0,1000.0,17
322,CM61-BEAD-AR-142-5089,AR,52165.56,0.0,1.0,0.0,L,True,18,0,50.0,1000.0,1000.0,17
323,CM61-BEAD-AR-142-5123,AR,44070.2,0.0,0.0,0.0,L,True,6,0,50.0,1000.0,1000.0,17
324,CM61-BEAD-AR-178-5687,AR,13500.0,0.0,0.0,0.0,L,False,24,0,61.0,100.0,20.0,17
325,CM61-BEAD-AR-178-5692,AR,9750.0,0.0,0.0,0.0,L,False,13,0,61.0,100.0,20.0,17
326,CM61-BEAD-AR-178-5709,AR,750.0,0.0,0.0,0.0,L,False,1,0,61.0,100.0,20.0,17
327,CM61-BEAD-AR-178-5710,AR,1500.0,0.0,0.0,0.0,L,False,2,0,61.0,100.0,20.0,17
328,CM61-BEAD-AR-178-5711,AR,2250.0,0.0,0.0,0.0,L,False,3,0,61.0,100.0,20.0,17
329,CM61-BEAD-AR-178-5713,AR,750.0,0.0,0.0,0.0,L,False,1,0,61.0,100.0,20.0,17
330,CM61-BEAD-AR-178-5714,AR,2250.0,0.0,0.0,0.0,L,False,3,0,61.0,100.0,20.0,17
331,CM61-BEAD-AR-178-5716,AR,750.0,0.0,0.0,0.0,L,False,1,0,61.0,100.0,20.0,17
332,CM61-BEAD-AR-178-5719,AR,1500.0,0.0,0.0,0.0,L,False,2,0,61.0,100.0,20.0,17
333,CM61-BEAD-AR-178-5721,AR,189712.81,0.0,0.0,0.0,L,False,241,0,61.0,100.0,20.0,17
334,CM61-BEAD-AR-178-5730,AR,48262.5,0.0,0.0,0.0,L,False,39,0,61.0,100.0,20.0,17
335,CM61-BEAD-AR-178-5743,AR,6750.0,0.0,0.0,0.0,L,False,9,0,61.0,100.0,20.0,17
336,CM61-BEAD-AR-178-5748,AR,5142.86,0.0,0.0,0.0,L,False,6,0,61.0,100.0,20.0,17
337,CM61-BEAD-AR-178-5751,AR,89250.0,0.0,0.0,0.0,L,False,75,0,61.0,100.0,20.0,17
338,CM61-BEAD-AR-178-5762,AR,750.0,0.0,0.0,0.0,L,False,1,0,61.0,100.0,20.0,17
339,CM61-BEAD-AR-178-5774,AR,35250.0,0.0,0.0,0.0,L,False,46,0,61.0,100.0,20.0,17
340,CM61-BEAD-AR-178-5775,AR,12150.0,0.0,0.0,0.0,L,False,18,0,61.0,100.0,20.0,17
341,CM61-BEAD-AR-178-5776,AR,1500.0,0.0,0.0,0.0,L,False,2,0,61.0,100.0,20.0,17
342,CM61-BEAD-AR-178-5777,AR,45750.0,0.0,0.0,0.0,L,False,5,0,61.0,100.0,20.0,17
343,CM61-BEAD-AR-178-5778,AR,9000.0,0.0,0.0,0.0,L,False,12,0,61.0,100.0,20.0,17
344,CM61-BEAD-AR-178-5782,AR,26909.09,0.0,0.0,0.0,L,False,32,0,61.0,100.0,20.0,17
345,CM61-BEAD-AR-178-5802,AR,115429.53,0.0,0.0,0.0,L,False,147,0,61.0,100.0,20.0,17
346,CM61-BEAD-AR-178-5805,AR,21750.0,0.0,0.0,0.0,L,False,20,0,61.0,100.0,20.0,17
347,CM61-BEAD-AR-178-5810,AR,1000.0,0.0,0.0,0.0,L,False,2,0,61.0,100.0,20.0,17
348,CM61-BEAD-AR-178-5811,AR,750.0,0.0,0.0,0.0,L,False,1,0,61.0,100.0,20.0,17
349,CM61-BEAD-AR-178-5812,AR,41972.73,0.0,0.0,0.0,L,False,54,0,61.0,100.0,20.0,17
350,CM61-BEAD-AR-178-5818,AR,8250.0,0.0,0.0,0.0,L,False,10,0,61.0,100.0,20.0,17
351,CM61-BEAD-AR-178-5819,AR,502966.64,0.0,0.0,0.0,L,False,653,0,61.0,100.0,20.0,17
352,CM61-BEAD-AR-178-5833,AR,160039.77,0.0,0.0,0.0,L,False,229,0,61.0,100.0,20.0,17
353,CM61-BEAD-AR-178-5851,AR,286057.89,0.0,0.0,0.0,L,False,366,0,61.0,100.0,20.0,17
354,CM61-BEAD-AR-178-5854,AR,6075.0,0.0,0.0,0.0,L,False,9,0,61.0,100.0,20.0,17
355,CM61-BEAD-AR-178-5855,AR,18000.0,0.0,0.0,0.0,L,False,24,0,61.0,100.0,20.0,17
356,CM61-BEAD-AR-178-5863,AR,29250.0,0.0,0.0,0.0,L,False,39,0,61.0,100.0,20.0,17
357,CM61-BEAD-AR-178-5867,AR,531836.8,0.0,0.0,0.0,L,False,730,0,61.0,100.0,20.0,17
358,CM61-BEAD-AR-178-5871,AR,6818.18,0.0,0.0,0.0,L,False,10,0,61.0,100.0,20.0,17
359,CM61-BEAD-AR-178-5879,AR,358049.05,0.0,0.0,0.0,L,False,459,0,61.0,100.0,20.0,17
360,CM61-BEAD-AR-178-5883,AR,4500.0,0.0,0.0,0.0,L,False,6,0,61.0,100.0,20.0,17
361,CM61-BEAD-AR-178-5884,AR,1687.5,0.0,0.0,0.0,L,False,3,0,61.0,100.0,20.0,17
362,CM61-BEAD-AR-178-5890,AR,3750.0,0.0,0.0,0.0,L,False,5,0,61.0,100.0,20.0,17
363,CM61-BEAD-AR-178-5892,AR,12000.0,0.0,0.0,0.0,L,False,15,0,61.0,100.0,20.0,17
364,CM61-BEAD-AR-178-5893,AR,10500.0,0.0,0.0,0.0,L,False,14,0,61.0,100.0,20.0,17
365,CM61-BEAD-AR-178-5894,AR,5250.0,0.0,0.0,0.0,L,False,7,0,61.0,100.0,20.0,17
366,CM61-BEAD-AR-178-5895,AR,17361.11,0.0,0.0,0.0,L,False,25,0,61.0,100.0,20.0,17
367,CM61-BEAD-AR-178-5911,AR,59212.03,0.0,0.0,0.0,L,False,77,0,61.0,100.0,20.0,17
368,CM61-BEAD-AR-178-5912,AR,178931.17,0.0,0.0,0.0,L,False,232,0,61.0,100.0,20.0,17
369,CM61-BEAD-AR-178-5915,AR,3857.14,0.0,0.0,0.0,L,False,6,0,61.0,100.0,20.0,17
370,CM61-BEAD-AR-178-5917,AR,324509.73,0.0,0.0,0.0,L,False,423,0,61.0,100.0,20.0,17
371,CM61-BEAD-AR-178-5924,AR,28500.0,0.0,0.0,0.0,L,False,38,0,61.0,100.0,20.0,17
372,CM61-BEAD-AR-178-5927,AR,7500.0,0.0,0.0,0.0,L,False,10,0,61.0,100.0,20.0,17
373,CM61-BEAD-AR-178-5928,AR,58500.0,0.0,0.0,0.0,L,False,78,0,61.0,100.0,20.0,17
374,CM61-BEAD-AR-178-5935,AR,750.0,0.0,0.0,0.0,L,False,1,0,61.0,100.0,20.0,17
375,CM61-BEAD-AR-178-5936,AR,102047.54,0.0,0.0,0.0,L,False,139,0,61.0,100.0,20.0,17
376,CM61-BEAD-AR-178-5938,AR,176575.58,0.0,0.0,0.0,L,False,242,0,61.0,100.0,20.0,17
377,CM61-BEAD-AR-178-5939,AR,750.0,0.0,0.0,0.0,L,False,1,0,61.0,100.0,20.0,17
378,CM61-BEAD-AR-178-5941,AR,26979.17,0.0,0.0,0.0,L,False,35,0,61.0,100.0,20.0,17
379,CM61-BEAD-AR-178-5946,AR,6000.0,0.0,0.0,0.0,L,False,4,0,61.0,100.0,20.0,17
380,CM61-BEAD-AR-178-5949,AR,8181.82,0.0,0.0,0.0,L,False,10,0,61.0,100.0,20.0,17
381,CM61-BEAD-AR-178-5956,AR,4083.33,0.0,0.0,0.0,L,False,7,0,61.0,100.0,20.0,17
382,CM61-BEAD-AR-178-5957,AR,8250.0,0.0,0.0,0.0,L,False,11,0,61.0,100.0,20.0,17
383,CM61-BEAD-AR-178-5958,AR,171456.52,0.0,0.0,0.0,L,False,239,0,61.0,100.0,20.0,17
384,CM61-BEAD-AR-178-5963,AR,697751.28,0.0,0.0,0.0,L,False,938,0,61.0,100.0,20.0,17
385,CM61-BEAD-AR-178-5965,AR,452652.78,0.0,0.0,0.0,L,False,598,0,61.0,100.0,20.0,17
386,CM61-BEAD-AR-178-5967,AR,51617.65,0.0,0.0,0.0,L,False,65,0,61.0,100.0,20.0,17
387,CM61-BEAD-AR-178-5968,AR,51739.13,0.0,0.0,0.0,L,False,68,0,61.0,100.0,20.0,17
388,CM61-BEAD-AR-178-5970,AR,3439778.55,0.0,0.0,0.0,L,False,4582,0,61.0,100.0,20.0,17
389,CM61-BEAD-AR-185-5051,AR,19410312.0,0.0,429.0,15.0,L,True,1691,17,50.0,1000.0,1000.0,17
390,CM61-BEAD-AR-133-5050,AR,231371.0,5.0,1.0,5.0,L,True,71,0,50.0,1000.0,1000.0,17
391,CM61-BEAD-AR-133-5057,AR,670500.0,10.0,2.0,10.0,L,True,139,0,50.0,1000.0,1000.0,17
392,CM61-BEAD-AR-133-5060,AR,16500.0,1.0,0.0,1.0,L,True,6,0,40.0,1000.0,50.0,17
393,CM61-BEAD-AR-133-5064,AR,1623878.38,36.0,4.0,15.0,L,True,389,7,50.0,1000.0,1000.0,17
394,CM61-BEAD-AR-133-5079,AR,619765.43,3.0,10.0,5.0,L,True,126,0,50.0,1000.0,1000.0,17
395,CM61-BEAD-AR-133-5088,AR,353775.95,10.0,1.0,7.0,L,True,78,1,50.0,1000.0,1000.0,17
396,CM61-BEAD-AR-133-5091,AR,76500.0,2.0,1.0,2.0,L,True,23,0,50.0,1000.0,1000.0,17
397,CM61-BEAD-AR-208-5140,AR,1095681.22,9.0,15.0,5.0,L,True,538,2,50.0,1000.0,1000.0,17
398,CM61-BEAD-AR-208-5141,AR,2775010.19,5.0,48.0,5.0,L,True,437,1,50.0,1000.0,1000.0,17
399,CM61-BEAD-AR-208-5143,AR,371990.52,12.0,141.0,5.0,L,True,81,1,50.0,1000.0,1000.0,17
400,CM61-BEAD-AR-208-5144,AR,120146.42,0.0,2.0,5.0,L,True,72,0,50.0,1000.0,1000.0,17
401,CM61-BEAD-AR-208-5145,AR,77847.0,2.0,1.0,0.0,L,True,73,1,50.0,1000.0,1000.0,17
402,CM61-BEAD-AR-208-5146,AR,143236.41,2.0,2.0,5.0,L,True,54,3,50.0,1000.0,1000.0,17
403,CM61-BEAD-AR-208-5147,AR,166868.42,2.0,6.0,5.0,L,True,60,1,50.0,1000.0,1000.0,17
404,CM61-BEAD-AR-208-5148,AR,128251.07,0.0,2.0,5.0,L,True,38,1,50.0,1000.0,1000.0,17
405,CM61-BEAD-AR-208-5150,AR,59624.0,0.0,1.0,5.0,L,True,27,0,50.0,1000.0,1000.0,17
406,CM61-BEAD-AR-208-5155,AR,70802.0,0.0,1.0,5.0,L,True,14,0,50.0,1000.0,1000.0,17
407,CM61-BEAD-MD-SHA6-Verizon,MD,15749265.0,401.0,96.0,0.0,L,True,1769,54,50.0,945.392877331827,887.3940079140755,4
408,CM61-BEAD-MD-SHA1-Comcast,MD,798578.0,9.0,3.0,5.0,L,True,100,36,40.0,2000.0,2000.0,4
409,CM61-BEAD-MD-SHA2-Comcast,MD,1415141.0,19.0,6.0,5.0,L,True,144,9,40.0,2000.0,2000.0,4
410,CM61-BEAD-MD-SHACluster-Comcast,MD,53546374.0,831.0,234.0,60.0,L,True,4891,932,40.0,2000.0,2000.0,4
411,CM61-BEAD-MD-SHA6-Comcast,MD,3671694.0,158.0,57.0,10.0,L,True,306,83,50.0,2000.0,2000.0,4
412,CM61-BEAD-MD-SHA2-Talkie,MD,1328541.0,0.0,40.0,0.0,L,True,140,6,50.0,10000.0,10000.0,4
413,CM61-BEAD-MD-SHA6-Talkie,MD,971920.0,0.0,4.0,0.0,L,True,81,0,50.0,10000.0,10000.0,4
414,CM61-BEAD-MD-SHA1-Kuiper,MD,2400.0,0.0,0.0,0.0,L,False,4,0,61.0,150.0,20.0,4
415,CM61-BEAD-MD-SHA3-Kuiper,MD,119400.0,0.0,0.0,0.0,L,False,147,0,61.0,150.0,20.0,4
416,CM61-BEAD-MD-SHA4-Kuiper,MD,42600.0,0.0,0.0,0.0,L,False,72,0,61.0,150.0,20.0,4
417,CM61-BEAD-MD-SHA5-Kuiper,MD,132600.0,0.0,0.0,0.0,L,False,221,0,61.0,150.0,20.0,4
418,CM61-BEAD-MD-SHA6-Kuiper,MD,760800.0,0.0,0.0,0.0,L,False,1283,0,61.0,150.0,20.0,4
419,CM61-BEAD-MD-SHA7-Kuiper,MD,267000.0,0.0,0.0,0.0,L,False,445,0,61.0,150.0,20.0,4
420,CM61-BEAD-MD-SHA3-Starlink,MD,19200.0,0.0,0.0,0.0,L,False,12,0,61.0,100.0,20.0,4
421,CM61-BEAD-MD-SHA4-Starlink,MD,36800.0,0.0,0.0,0.0,L,False,23,0,61.0,100.0,20.0,4
422,CM61-BEAD-MD-SHA5-Starlink,MD,60800.0,0.0,0.0,0.0,L,False,38,0,61.0,100.0,20.0,4
423,CM61-BEAD-MD-SHA6-Starlink,MD,123200.0,0.0,0.0,0.0,L,False,77,0,61.0,100.0,20.0,4
424,CM61-BEAD-MD-SHA7-Starlink,MD,19200.0,0.0,0.0,0.0,L,False,12,0,61.0,100.0,20.0,4
425,CM61-BEAD-004286,MO,15868529.95,0.0,404.6107962,5.0,L,True,1234,4,50.0,7014.262560777967,7009.0113452188125,35
426,CM61-BEAD-004207,MO,2914054.6,0.0,391.3438423,9.0,L,False,416,0,71.0,3497.5961538461506,3454.3269230769224,35
427,CM61-BEAD-004773,MO,2748000.0,0.0,0.0,0.0,L,False,1832,0,60.0,100.0,20.0,35
428,CM61-BEAD-003961,MO,4256073.668,324.6047207,16.20133058,33.0,L,True,3275,11,50.0,10000.0,10000.0,35
429,CM61-BEAD-004168,MO,2298000.0,73.25314054,46.38526285,37.0,L,True,1939,20,50.0,10000.0,10000.0,35
430,CM61-BEAD-004170,MO,3369079.93,227.52,11.97,45.0,L,True,1239,8,50.0,10000.0,10000.0,35
431,CM61-BEAD-004169,MO,6118681.218,176.4163157,9.288133063,30.0,L,True,1200,12,50.0,10000.0,10000.0,35
432,CM61-BEAD-004171,MO,3218966.568,76.08871097,6.478301356,8.0,L,True,1213,1,50.0,10000.0,10000.0,35
433,CM61-BEAD-004172,MO,1556626.697,46.17,2.43,46.0,L,True,140,1,50.0,10000.0,10000.0,35
434,CM61-BEAD-003953,MO,8758805.29,319.8377862,0.0,21.0,L,True,1018,1,50.0,1000.0,1000.0,35
435,CM61-BEAD-004456,MO,436824.07,0.0,0.0,1.0,L,False,189,2,71.0,400.0,30.0,35
436,CM61-BEAD-004820.Cal,MO,1325.0,0.0,0.0,0.0,L,False,1,0,71.0,400.0,30.0,35
437,CM61-BEAD-004820.Pul,MO,102000.0,0.0,0.0,0.0,L,False,32,4,71.0,400.0,30.0,35
438,CM61-BEAD-004820.Chr,MO,2625.0,0.0,0.0,0.0,L,False,6,3,71.0,400.0,30.0,35
439,CM61-BEAD-004654,MO,205551.2,0.0,0.0,1.0,L,False,81,1,71.0,400.0,30.0,35
440,CM61-BEAD-004454,MO,1243020.13,0.0,0.0,1.0,L,False,547,27,71.0,400.0,30.0,35
441,CM61-BEAD-004424,MO,2696854.9,0.0,28.16,3.0,L,True,218,0,50.0,2000.0,2000.0,35
442,CM61-BEAD-004655,MO,338738.4,0.0,0.0,1.0,L,False,142,9,71.0,400.0,30.0,35
443,CM61-BEAD-004820.Gre,MO,8475.0,0.0,0.0,0.0,L,False,23,11,71.0,400.0,30.0,35
444,CM61-BEAD-004452,MO,416459.86,0.0,0.0,1.0,L,False,183,0,71.0,400.0,30.0,35
445,CM61-BEAD-004442,MO,804137.83,0.0,0.0,1.0,L,False,469,5,71.0,400.0,30.0,35
446,CM61-BEAD-004414,MO,1478454.61,0.0,25.92530939,1.0,L,False,139,0,50.0,1953.9568345323742,1943.3093525179847,35
447,CM61-BEAD-004808.Dad,MO,10000.0,0.0,0.0,0.0,L,False,1,0,71.0,400.0,30.0,35
448,CM61-BEAD-004639,MO,218509.2,0.0,0.0,1.0,L,False,87,0,71.0,400.0,30.0,35
449,CM61-BEAD-004447,MO,214018.04,0.0,0.0,1.0,L,False,79,0,71.0,400.0,30.0,35
450,CM61-BEAD-004820.Bar,MO,2600.0,0.0,0.0,0.0,L,False,8,4,71.0,400.0,30.0,35
451,CM61-BEAD-004652,MO,361001.67,0.0,0.0,2.0,L,False,145,0,71.0,400.0,30.0,35
452,CM61-BEAD-004411,MO,2965270.0,0.0,38.54211073,4.0,L,True,205,4,50.0,1687.8048780487813,1615.6097560975604,35
453,CM61-BEAD-004820.Car,MO,75625.0,0.0,0.0,0.0,L,True,9,0,72.0,400.0,30.0,35
454,CM61-BEAD-004448,MO,1125595.43,0.0,0.0,1.0,L,False,582,13,71.0,400.0,30.0,35
455,CM61-BEAD-004651,MO,183885.07,0.0,0.0,1.0,L,False,75,1,71.0,400.0,30.0,35
456,CM61-BEAD-004820.Tan,MO,4600.0,0.0,0.0,0.0,L,False,8,3,71.0,400.0,30.0,35
457,CM61-BEAD-004645,MO,488457.07,0.0,0.0,1.0,L,True,113,0,71.0,400.0,30.0,35
458,CM61-BEAD-004429,MO,2741391.72,45.73305334,1.914830989,3.0,L,True,287,1,50.0,1949.8257839721246,1938.2229965156796,35
459,CM61-BEAD-004419,MO,3299179.12,55.36434558,4.87911778,4.0,L,True,335,2,50.0,1947.462686567165,1935.313432835821,35
460,CM61-BEAD-004808.St.,MO,10000.0,0.0,0.0,0.0,L,False,1,0,71.0,400.0,30.0,35
461,CM61-BEAD-004457,MO,391289.6,0.0,0.0,1.0,L,False,158,2,71.0,400.0,30.0,35
462,CM61-BEAD-004635,MO,550580.6,0.0,0.0,1.0,L,False,221,2,71.0,400.0,30.0,35
463,CM61-BEAD-004436,MO,286225.65,0.0,0.0,1.0,L,False,187,1,71.0,400.0,30.0,35
464,CM61-BEAD-004646,MO,528756.25,0.0,0.0,2.0,L,False,214,2,71.0,400.0,30.0,35
465,CM61-BEAD-004657,MO,178992.0,0.0,0.0,1.0,L,False,72,0,72.0,400.0,30.0,35
466,CM61-BEAD-004647,MO,979602.0,0.0,0.0,1.0,L,False,392,2,71.0,400.0,30.0,35
467,CM61-BEAD-004659,MO,151528.06,0.0,0.0,2.0,L,False,61,0,71.0,400.0,30.0,35
468,CM61-BEAD-004658,MO,181551.0,0.0,0.0,1.0,L,False,95,22,72.0,400.0,30.0,35
469,CM61-BEAD-004437,MO,177510.05,0.0,0.0,1.0,L,False,121,0,72.0,400.0,30.0,35
470,CM61-BEAD-004209,MO,3965586.0,0.0,113.0000285,10.0,L,True,427,0,50.0,1000.0,1000.0,35
471,CM61-BEAD-004226,MO,4096321.804,0.0,35.11554593,1.0,L,True,1334,0,50.0,1918.8155922038989,1915.3973013493223,35
472,CM61-BEAD-004164,MO,630099.009,0.0,11.83597912,0.0,L,True,175,3,50.0,2000.0,2000.0,35
473,CM61-BEAD-004182,MO,10899103.68,0.0,126.953347,0.0,L,True,1374,1,50.0,2000.0,2000.0,35
474,CM61-BEAD-004183,MO,5439666.972,0.0,78.03762907,0.0,L,True,1001,2,50.0,2000.0,2000.0,35
475,CM61-BEAD-004184,MO,441854.7872,0.0,7.983524565,0.0,L,True,68,0,50.0,2000.0,2000.0,35
476,CM61-BEAD-004185,MO,207052.2176,0.0,3.312269036,0.0,L,True,69,1,50.0,2000.0,2000.0,35
477,CM61-BEAD-004186,MO,693706.8467,0.0,20.84575742,0.0,L,True,85,1,50.0,2000.0,2000.0,35
478,CM61-BEAD-004188,MO,2995815.018,0.0,63.45471263,0.0,L,True,392,5,50.0,2000.0,2000.0,35
479,CM61-BEAD-004191,MO,264474.4007,0.0,7.930000022,0.0,L,True,23,0,50.0,2000.0,2000.0,35
480,CM61-BEAD-004829,MO,87292.21534,0.0,0.770000576,0.0,L,True,11,0,50.0,2000.0,2000.0,35
481,CM61-BEAD-004985.Car,MO,1230.0,0.0,0.0,0.0,L,False,1,0,71.0,400.0,200.0,35
482,CM61-BEAD-004985.Sha,MO,649440.0,0.0,0.0,0.0,L,False,528,0,71.0,400.0,200.0,35
483,CM61-BEAD-005015,MO,1535773.17,0.0,20.0,0.0,L,True,245,0,50.0,1000.0,1000.0,35
484,CM61-BEAD-004633,MO,3112448.0,4.276141065,38.48526959,0.0,L,True,416,0,50.0,1000.0,1000.0,35
485,CM61-BEAD-005006,MO,745656.8723,9.673144876,11.99469965,0.0,L,True,219,0,50.0,1000.0,1000.0,35
486,CM61-BEAD-005005,MO,27920011.26,39.00000001,350.0000001,0.0,L,True,3975,3,50.0,1000.0,1000.0,35
487,CM61-BEAD-004997,MO,2785203.86,54.0,36.0,0.0,L,True,1288,2,50.0,1000.0,1000.0,35
488,CM61-BEAD-004625,MO,1983298.0,12.13986914,28.32975329,0.0,L,True,381,0,50.0,1000.0,1000.0,35
489,CM61-BEAD-004618,MO,0.0,0.0,0.0,0.0,L,True,182,0,50.0,1000.0,1000.0,35
490,CM61-BEAD-004628,MO,1562874.0,6.389721831,25.58025763,0.0,L,True,263,0,50.0,1000.0,1000.0,35
491,CM61-BEAD-005009.Law,MO,3757211.04,0.0,0.0,0.0,L,True,446,0,50.0,1000.0,1000.0,35
492,CM61-BEAD-005009.Bar,MO,8424.24,0.0,0.0,0.0,L,True,1,0,50.0,1000.0,1000.0,35
493,CM61-BEAD-004921.Jas,MO,15109155.47,0.0,0.0,0.0,L,True,1958,0,50.0,1000.0,1000.0,35
494,CM61-BEAD-004921.New,MO,229715.2709,0.0,0.0,0.0,L,True,40,0,50.0,1000.0,1000.0,35
495,CM61-BEAD-004907,MO,344951.6296,0.0,8.661851852,0.0,L,True,26,0,50.0,2000.0,2000.0,35
496,CM61-BEAD-004737,MO,1489584.0,0.0,59.34,0.0,L,True,172,2,50.0,2000.0,2000.0,35
497,CM61-BEAD-004904,MO,363977.0,0.0,3.5,0.0,L,True,27,0,50.0,2000.0,2000.0,35
498,CM61-BEAD-004047,MO,2607777.0,0.0,124.6123631,17.0,L,True,324,1,50.0,925.0,850.0,35
499,CM61-BEAD-004819.Put,MO,75009.09091,0.0,0.0,0.0,L,True,10,0,50.0,925.0,850.0,35
500,CM61-BEAD-004819.Sul,MO,115821.0,0.0,0.0,0.0,L,True,25,1,50.0,925.0,850.0,35
501,CM61-BEAD-003997,MO,9026970.25,0.0,322.0344294,41.0,L,True,833,0,50.0,925.0,850.0,35
502,CM61-BEAD-004819.Sch,MO,172840.9091,0.0,0.0,0.0,L,True,24,0,50.0,925.0,850.0,35
503,CM61-BEAD-003979,MO,716394.0,0.0,69.82650053,11.0,L,True,107,1,50.0,925.0,850.0,35
504,CM61-BEAD-004095,MO,2679084.37,36.56,7.21,25.0,L,True,264,0,50.0,1000.0,1000.0,35
505,CM61-BEAD-004104,MO,321481.42,7.51,0.0,34.0,L,True,47,0,50.0,1000.0,1000.0,35
506,CM61-BEAD-004501,MO,6404816.27,155.92,7.07,114.0,L,True,2305,3,40.0,1000.0,1000.0,35
507,CM61-BEAD-004174,MO,2739286.7,67.72,3.25,32.0,L,True,841,0,40.0,1000.0,1000.0,35
508,CM61-BEAD-004948.New,MO,29957.44642,0.0,0.0,0.0,L,True,3,0,50.0,1000.0,1000.0,35
509,CM61-BEAD-004948.Dun,MO,2680127.364,0.0,0.0,0.0,L,True,280,12,50.0,1000.0,1000.0,35
510,CM61-BEAD-004500,MO,1583172.44,28.64,2.09,52.0,L,True,297,5,40.0,1000.0,1000.0,35
511,CM61-BEAD-004040,MO,1033000.0,0.0,7.5,0.0,L,True,284,0,50.0,1000.0,1000.0,35
512,CM61-BEAD-004770,MO,45000.0,0.0,0.21,0.0,L,True,15,0,50.0,1000.0,1000.0,35
513,CM61-BEAD-004041,MO,434000.0,0.0,3.2,0.0,L,True,109,0,50.0,1000.0,1000.0,35
514,CM61-BEAD-004037,MO,1525800.0,0.0,11.47,0.0,L,True,498,0,50.0,1000.0,1000.0,35
515,CM61-BEAD-004772,MO,125000.0,0.0,0.52,0.0,L,True,20,0,50.0,1000.0,1000.0,35
516,CM61-BEAD-004731,MO,4700000.0,44.73,0.0,0.0,L,True,320,0,50.0,2000.0,2000.0,35
517,CM61-BEAD-003969,MO,4150681.69,49.11784448,64.7370937,3.0,L,True,1174,14,50.0,1000.0,1000.0,35
518,CM61-BEAD-004050,MO,5826027.55,130.1700004,71.40000025,10.0,L,True,1596,12,50.0,1000.0,1000.0,35
519,CM61-BEAD-004054,MO,8114118.19,261.7495209,16.62807818,5.0,L,True,2527,10,50.0,1000.0,1000.0,35
520,CM61-BEAD-004051,MO,3246939.29,41.62396042,25.30846424,3.0,L,True,369,0,50.0,1000.0,1000.0,35
521,CM61-BEAD-004052,MO,8023193.68,194.6000003,38.94000003,5.0,L,True,2271,2,50.0,1000.0,1000.0,35
522,CM61-BEAD-004006,MO,1783332.81,72.48,7.92,3.0,L,True,421,0,50.0,1000.0,1000.0,35
523,CM61-BEAD-004053,MO,1403539.3,14.2918773,24.49092045,2.0,L,True,387,0,50.0,1000.0,1000.0,35
524,CM61-BEAD-004323,MO,13125996.0,0.0,274.7982141,0.0,L,True,998,0,50.0,1000.0,1000.0,35
525,CM61-BEAD-004479,MO,5068000.0,0.0,392.0,2.0,L,True,406,0,50.0,4000.0,4000.0,35
526,CM61-BEAD-004488,MO,4914000.0,0.0,342.6462495,1.0,L,True,351,0,50.0,4000.0,4000.0,35
527,CM61-BEAD-004301,MO,150500.0,0.0,8.91,1.0,L,True,44,1,50.0,4000.0,4000.0,35
528,CM61-BEAD-004304,MO,643500.0,0.0,14.47,1.0,L,True,99,0,50.0,4000.0,4000.0,35
529,CM61-BEAD-004311,MO,1064000.0,0.0,45.18942529,1.0,L,True,152,0,50.0,4000.0,4000.0,35
530,CM61-BEAD-004306,MO,461020.0,0.0,15.32295918,1.0,L,True,94,0,50.0,4000.0,4000.0,35
531,CM61-BEAD-004749,MO,1310466.1,5.58,31.63,4.0,L,True,126,1,40.0,1000.0,1000.0,35
532,CM61-BEAD-004884,MO,533314.43,2.0,11.35,1.0,L,True,95,1,50.0,1927.0833333333337,1000.0,35
533,CM61-BEAD-003991,MO,12991067.96,44.00000003,430.0000003,11.0,L,True,1350,0,50.0,1000.0,1000.0,35
534,CM61-BEAD-004509,MO,12100139.92,41.99999997,409.9999997,10.0,L,True,1424,1,50.0,1000.0,1000.0,35
535,CM61-BEAD-004614,MO,16518597.21,65.91700125,653.8966524,11.0,L,True,1770,4,50.0,1000.0,1000.0,35
536,CM61-BEAD-004073,MO,312047.84,0.0,4.367488364,1.0,L,True,84,0,50.0,2000.0,2000.0,35
537,CM61-BEAD-004072,MO,3412918.89,0.0,60.87812321,1.0,L,True,270,0,50.0,2000.0,2000.0,35
538,CM61-BEAD-004018,MO,372562.0,9.0,2.0,5.0,L,True,110,0,50.0,2000.0,2000.0,35
539,CM61-BEAD-004105,MO,2567185.17,117.0000036,12.00000121,9.0,L,True,1640,12,50.0,2000.0,2000.0,35
540,CM61-BEAD-004083,MO,11760928.62,330.5460797,29.74324349,9.0,L,True,3940,1,50.0,2000.0,2000.0,35
541,CM61-BEAD-004010,MO,1259253.168,0.0,0.0,2.0,L,False,1049,0,72.0,500.0,300.0,35
542,CM61-BEAD-004844,MO,0.0,0.0,0.0,0.0,L,True,12,5,50.0,2000.0,2000.0,35
543,CM61-BEAD-004860,MO,4423634.59,197.9999816,9.999999073,20.0,L,True,2239,6,50.0,2000.0,2000.0,35
544,CM61-BEAD-004128,MO,8241619.24,223.675678,30.96930682,22.0,L,True,2538,0,50.0,2000.0,2000.0,35
545,CM61-BEAD-004077,MO,2440182.44,79.00001457,8.000004286,11.0,L,True,700,5,50.0,2000.0,2000.0,35
546,CM61-BEAD-004865,MO,996293.74,24.99999346,5.99999843,5.0,L,True,236,0,50.0,2000.0,2000.0,35
547,CM61-BEAD-004090,MO,144383.0,3.0,0.0,5.0,L,True,135,0,50.0,2000.0,2000.0,35
548,CM61-BEAD-004082,MO,4488059.24,148.9999742,20.99999502,11.0,L,True,2887,1,50.0,2000.0,2000.0,35
549,CM61-BEAD-004845,MO,234463.89,9.999995308,0.999999531,3.0,L,True,56,0,50.0,2000.0,2000.0,35
550,CM61-BEAD-004021,MO,4287548.0,152.0000355,8.000001866,6.0,L,True,2490,0,50.0,2000.0,2000.0,35
551,CM61-BEAD-004848,MO,1831768.55,61.99998477,2.999999263,6.0,L,True,488,6,50.0,2000.0,2000.0,35
552,CM61-BEAD-004878,MO,6541476.74,240.9999908,30.99999911,22.0,L,True,3837,0,50.0,2000.0,2000.0,35
553,CM61-BEAD-004111,MO,428291.0,11.0,1.0,6.0,L,True,380,0,50.0,2000.0,2000.0,35
554,CM61-BEAD-004863,MO,1778802.83,49.99999486,4.9999993,9.0,L,True,699,1,50.0,2000.0,2000.0,35
555,CM61-BEAD-004842,MO,107332.26,5.000012112,0.0,3.0,L,True,40,0,50.0,2000.0,2000.0,35
556,CM61-BEAD-004121,MO,317138.0,13.22861544,0.715060294,1.0,L,True,417,3,50.0,2000.0,2000.0,35
557,CM61-BEAD-004116,MO,6262232.55,226.0000223,24.00000226,9.0,L,True,6950,13,50.0,2000.0,2000.0,35
558,CM61-BEAD-004127,MO,530378.0,14.0,1.0,6.0,L,True,330,0,50.0,2000.0,2000.0,35
559,CM61-BEAD-004088,MO,845408.0,40.0,2.0,5.0,L,True,268,0,50.0,2000.0,2000.0,35
560,CM61-BEAD-004874,MO,3065617.67,114.9999876,11.99999871,10.0,L,True,1298,3,50.0,2000.0,2000.0,35
561,CM61-BEAD-004132,MO,6343516.0,224.0,12.0,6.0,L,True,1885,3,50.0,2000.0,2000.0,35
562,CM61-BEAD-004839,MO,4151510.62,187.0000295,17.00000279,44.0,L,True,4832,0,50.0,2000.0,2000.0,35
563,CM61-BEAD-004879,MO,4104700.89,129.9999965,6.999999812,10.0,L,True,1302,6,50.0,2000.0,2000.0,35
564,CM61-BEAD-004009,MO,2774059.3,127.0000117,8.0000014,6.0,L,True,1111,2,50.0,2000.0,2000.0,35
565,CM61-BEAD-004002,MO,2486659.0,108.1954083,5.455230671,5.0,L,True,1052,0,50.0,2000.0,2000.0,35
566,CM61-BEAD-004107,MO,210119.0,4.0,0.0,5.0,L,True,131,0,50.0,2000.0,2000.0,35
567,CM61-BEAD-004119,MO,6597.12,1.00001819,0.0,2.0,L,True,367,0,50.0,2000.0,2000.0,35
568,CM61-BEAD-004741,MO,0.0,0.0,0.0,0.0,L,True,18,9,50.0,2000.0,2000.0,35
569,CM61-BEAD-004110,MO,207653.0,3.0,0.0,5.0,L,True,99,0,50.0,2000.0,2000.0,35
570,CM61-BEAD-004869,MO,5492365.33,116.9999818,26.9999991,29.0,L,True,2381,0,50.0,2000.0,2000.0,35
571,CM61-BEAD-004020,MO,1698631.7,72.99992829,4.999994657,5.0,L,True,1842,0,50.0,2000.0,2000.0,35
572,CM61-BEAD-004080,MO,1938117.0,88.77624368,5.222131981,4.0,L,True,657,4,50.0,2000.0,2000.0,35
573,CM61-BEAD-004001,MO,0.0,0.0,0.0,0.0,L,True,253,0,50.0,2000.0,2000.0,35
574,CM61-BEAD-004017,MO,742918.33,22.11134355,2.933361768,4.0,L,True,137,0,50.0,2000.0,2000.0,35
575,CM61-BEAD-004115,MO,333920.0,22.0,2.0,6.0,L,True,1295,0,50.0,2000.0,2000.0,35
576,CM61-BEAD-003992,MO,53706.0,1.0,1.0,6.0,L,True,397,2,50.0,2000.0,2000.0,35
577,CM61-BEAD-004859,MO,2872.3925,0.099999739,0.0,1.0,L,True,1,0,50.0,2000.0,2000.0,35
578,CM61-BEAD-004075,MO,147940.0,2.0,0.0,5.0,L,True,88,0,50.0,2000.0,2000.0,35
579,CM61-BEAD-004012,MO,4365873.38,116.6150917,18.88957917,9.0,L,True,987,0,50.0,2000.0,2000.0,35
580,CM61-BEAD-004076,MO,7396387.72,354.9999765,19.99999906,14.0,L,True,2710,2,50.0,2000.0,2000.0,35
581,CM61-BEAD-004014,MO,3722345.11,135.3580826,18.10498895,9.0,L,True,2930,0,50.0,2000.0,2000.0,35
582,CM61-BEAD-004109,MO,2063103.0,53.99997383,7.999996122,5.0,L,True,973,0,50.0,2000.0,2000.0,35
583,CM61-BEAD-004015,MO,611231.908,15.74199781,2.063141928,1.0,L,True,175,6,50.0,2000.0,2000.0,35
584,CM61-BEAD-004092,MO,964262.0,40.38997493,1.835907952,5.0,L,True,277,0,50.0,2000.0,2000.0,35
585,CM61-BEAD-004000,MO,42393.0,0.618538898,0.099764338,1.0,L,True,20,0,50.0,2000.0,2000.0,35
586,CM61-BEAD-003999,MO,832074.0,23.0,4.0,5.0,L,True,199,0,50.0,2000.0,2000.0,35
587,CM61-BEAD-004078,MO,3716246.336,80.35006755,18.65569291,3.0,L,True,1096,1,50.0,2000.0,2000.0,35
588,CM61-BEAD-004671,MO,7312.0,0.0,0.0,1.0,L,False,10,0,72.0,100.0,20.0,35
589,CM61-BEAD-004342,MO,17455455.0,100.8822155,301.7694098,18.0,L,True,2033,5,50.0,1000.0,1000.0,35
590,CM61-BEAD-004676,MO,362663.0,0.0,0.0,3.0,L,False,546,8,72.0,100.0,20.0,35
591,CM61-BEAD-004682,MO,184459.0,0.0,0.0,2.0,L,False,271,0,72.0,100.0,20.0,35
592,CM61-BEAD-004406,MO,10162333.0,53.22834294,160.3588053,14.0,L,True,775,0,50.0,1000.0,1000.0,35
593,CM61-BEAD-004672,MO,246020.0,0.0,0.0,5.0,L,False,320,2,72.0,100.0,20.0,35
594,CM61-BEAD-004665,MO,35506.0,0.0,0.0,3.0,L,True,41,0,72.0,100.0,20.0,35
595,CM61-BEAD-004683,MO,67166.0,0.0,0.0,3.0,L,False,67,12,72.0,100.0,20.0,35
596,CM61-BEAD-004314,MO,9767239.0,50.68996181,128.8727843,9.0,L,True,1753,3,50.0,822.8750713063318,807.1306332002276,35
597,CM61-BEAD-004200,MO,4382852.0,26.29516365,78.88549096,9.0,L,True,436,0,50.0,1000.0,1000.0,35
598,CM61-BEAD-004678,MO,25844.0,0.0,0.0,1.0,L,False,41,0,72.0,100.0,20.0,35
599,CM61-BEAD-004673,MO,20367.0,0.0,0.0,1.0,L,False,24,0,72.0,100.0,20.0,35
600,CM61-BEAD-004975,MO,387341.4981,0.0,0.0,1.0,L,False,519,0,72.0,100.0,20.0,35
601,CM61-BEAD-004230,MO,1990928.73,0.0,12.14901554,1.0,L,True,703,1,50.0,2000.0,2000.0,35
602,CM61-BEAD-004236,MO,1263071.0,0.0,40.0,31.0,L,True,105,0,50.0,1000.0,1000.0,35
603,CM61-BEAD-004237,MO,2783268.0,0.0,78.0,21.0,L,True,717,7,50.0,1000.0,1000.0,35
604,CM61-BEAD-004235,MO,271764.0,0.0,14.0,10.0,L,True,45,1,50.0,1000.0,1000.0,35
605,CM61-BEAD-004232,MO,4582221.0,0.0,113.68,20.0,L,True,483,1,50.0,1000.0,1000.0,35
606,CM61-BEAD-004234,MO,1852668.0,0.0,12.0,21.0,L,True,338,0,50.0,1000.0,1000.0,35
607,CM61-BEAD-004233,MO,3072069.0,0.0,67.0,20.0,L,True,554,1,50.0,1000.0,1000.0,35
608,CM61-BEAD-004238,MO,1339206.023,0.0,24.00860574,20.0,L,True,477,1,50.0,1000.0,1000.0,35
609,CM61-BEAD-004027,MO,41400.0,0.0,1.899429108,1.0,L,True,11,0,50.0,1000.0,1000.0,35
610,CM61-BEAD-004239,MO,338907.0,0.0,8.16,10.0,L,True,88,1,50.0,1000.0,1000.0,35
611,CM61-BEAD-004231,MO,151909.0,0.0,2.0,10.0,L,True,46,0,50.0,1000.0,1000.0,35
612,CM61-BEAD-004502,MO,468239.1,1.338364777,8.054088034,0.0,L,True,57,0,50.0,5000.0,5000.0,35
613,CM61-BEAD-004941,MO,1296202.932,4.700000009,14.00000003,0.0,L,True,118,0,50.0,5000.0,5000.0,35
614,CM61-BEAD-004506,MO,1713676.49,3.782170518,17.43488361,0.0,L,True,238,0,50.0,5000.0,5000.0,35
615,CM61-BEAD-004361,MO,718851.97,1.999378889,18.3391305,0.0,L,True,223,1,50.0,5000.0,5000.0,35
616,CM61-BEAD-004176,MO,185745.08,0.237037032,2.079012301,0.0,L,True,19,1,50.0,5000.0,5000.0,35
617,CM61-BEAD-004943,MO,5466166.82,30.70000004,89.00000006,0.0,L,True,1445,35,50.0,5000.0,5000.0,35
618,CM61-BEAD-004497,MO,741496.28,4.691443782,15.71550779,0.0,L,True,125,1,50.0,5000.0,5000.0,35
619,CM61-BEAD-004193,MO,1363813.08,0.0,20.48434107,0.0,L,True,143,1,50.0,2500.0,2500.0,35
620,CM61-BEAD-004187,MO,357353.01,0.0,7.709224708,0.0,L,True,25,0,50.0,2500.0,2500.0,35
621,CM61-BEAD-004046,MO,1876590.48,0.0,58.86901563,1.0,L,True,139,1,50.0,2500.0,2500.0,35
622,CM61-BEAD-004190,MO,4088361.429,0.0,124.0163622,0.0,L,True,1542,8,50.0,2500.0,2500.0,35
623,CM61-BEAD-003977,MO,17559800.0,0.0,0.0,14.0,L,False,27264,0,60.0,400.0,50.0,35
624,CM61-BEAD-004203,MO,1148101.0,0.0,4.852825178,4.0,L,True,198,19,50.0,1000.0,1000.0,35
625,CM61-BEAD-004679,MO,1884216.71,2.060381519,0.149845929,6.0,L,True,168,6,50.0,10000.0,10000.0,35
626,CM61-BEAD-004616,MO,3155670.82,39.75,3.4,10.0,L,True,537,11,50.0,10000.0,10000.0,35
627,CM61-BEAD-004622,MO,5441978.763,193.5505482,32.32845308,11.0,L,True,1542,7,50.0,1000.0,1000.0,35
628,CM61-BEAD-004201,MO,6247727.734,235.361099,29.59652928,9.0,L,True,1668,3,50.0,1000.0,1000.0,35
629,CM61-BEAD-004685,MO,26535800.0,447.6921487,61.32476277,26.0,L,True,7011,22,50.0,1000.0,1000.0,35
630,CM61-BEAD-004496,MO,9112022.915,225.6470873,26.81600949,7.0,L,True,1758,5,50.0,1000.0,1000.0,35
631,CM61-BEAD-004980,MO,20000.0,200.0,20.0,8.0,L,True,5,0,50.0,1000.0,1000.0,35
632,CM61-BEAD-004812,MO,26397829.57,358.5630492,39.8403388,20.0,L,True,2881,21,50.0,10000.0,10000.0,35
633,CM61-BEAD-004528,MO,7555934.08,156.3883207,17.37607379,95.0,L,True,698,12,50.0,10000.0,10000.0,35
634,CM61-BEAD-004532,MO,1410164.68,29.25,3.25,48.0,L,True,121,5,50.0,10000.0,10000.0,35
635,CM61-BEAD-004525,MO,491339.84,2.289404746,0.254351568,2.0,L,True,117,0,50.0,10000.0,10000.0,35
636,CM61-BEAD-004529,MO,2835769.71,58.79480506,6.533181871,37.0,L,True,334,5,50.0,10000.0,10000.0,35
637,CM61-BEAD-004526,MO,2386780.19,47.34290619,5.260700021,29.0,L,True,551,7,50.0,10000.0,10000.0,35
638,CM61-BEAD-004397,MO,7043099.29,0.0,231.0,48.0,L,True,1382,2,50.0,2350.0,2350.0,35
639,CM61-BEAD-004391,MO,3704710.5,0.0,94.44821468,42.0,L,True,640,1,50.0,2350.0,2350.0,35
640,CM61-BEAD-004396,MO,4099368.0,0.0,140.3296132,38.0,L,True,1176,0,50.0,2350.0,2350.0,35
641,CM61-BEAD-005049.Ran,MO,120699.0,0.0,0.0,0.0,L,True,54,0,50.0,2350.0,2350.0,35
642,CM61-BEAD-004387,MO,5843883.947,0.0,185.3715571,43.0,L,True,658,0,50.0,2350.0,2350.0,35
643,CM61-BEAD-004167,MO,3057282.0,0.0,136.4779852,41.0,L,True,873,1,50.0,2350.0,2350.0,35
644,CM61-BEAD-005049.How,MO,200.0,0.0,0.0,0.0,L,True,1,0,50.0,2350.0,2350.0,35
645,CM61-BEAD-004208,MO,1828026.48,0.0,137.4198468,37.0,L,True,981,8,50.0,2350.0,2350.0,35
646,CM61-BEAD-004393,MO,2894955.75,0.0,108.5661117,38.0,L,True,974,1,50.0,2350.0,2350.0,35
647,CM61-BEAD-004467,MO,1661250.0,0.0,137.0,40.0,L,True,1955,1,50.0,2350.0,2350.0,35
648,CM61-BEAD-005049.Coo,MO,2400.0,0.0,0.0,0.0,L,True,12,0,50.0,2350.0,2350.0,35
649,CM61-BEAD-004399,MO,112080.13,0.0,8.0,18.0,L,True,89,5,50.0,2350.0,2350.0,35
650,CM61-BEAD-004465,MO,238764.75,0.0,13.31737796,16.0,L,True,164,0,50.0,2350.0,2350.0,35
651,CM61-BEAD-004382,MO,929406.5,0.0,43.34317511,21.0,L,True,443,2,50.0,2350.0,2350.0,35
652,CM61-BEAD-004466,MO,993330.14,0.0,31.1,45.0,L,True,123,2,50.0,2350.0,2350.0,35
653,CM61-BEAD-004385,MO,3309365.81,0.0,87.23767811,26.0,L,True,555,0,50.0,2350.0,2350.0,35
654,CM61-BEAD-004389,MO,93609.3,0.0,2.608113275,2.0,L,True,79,0,50.0,2350.0,2350.0,35
655,CM61-BEAD-003989,MO,202500.0,0.0,2.0,6.0,L,True,31,0,50.0,10000.0,10000.0,35
656,CM61-BEAD-003968,MO,63085.71,0.0,5.68,5.0,L,True,12,0,50.0,1000.0,1000.0,35
657,CM61-BEAD-004204,MO,414155.63,0.0,17.64324892,7.0,L,True,85,0,50.0,1000.0,1000.0,35
658,CM61-BEAD-004492,MO,1963095.0,72.73542619,3.91665907,1.0,L,True,218,1,50.0,2000.0,2000.0,35
659,CM61-BEAD-004473,MO,275293.0,5.925162885,3.028997534,0.0,L,True,144,0,50.0,2000.0,2000.0,35
660,CM61-BEAD-004494,MO,568740.0,21.97888778,0.241858462,0.0,L,True,151,0,50.0,2000.0,2000.0,35
661,CM61-BEAD-004489,MO,1389233.0,60.18,8.41,3.0,L,True,827,0,50.0,2000.0,2000.0,35
662,CM61-BEAD-004487,MO,891712.0,28.78579931,0.875641646,1.0,L,True,500,1,50.0,2000.0,2000.0,35
663,CM61-BEAD-004484,MO,527279.0,15.49700065,0.669968119,1.0,L,True,124,0,50.0,2000.0,2000.0,35
664,CM61-BEAD-004325,MO,9204667.0,285.97,23.57,5.0,L,True,2601,0,50.0,2000.0,2000.0,35
665,CM61-BEAD-004324,MO,12244262.0,368.3570142,40.36789196,4.0,L,True,2837,0,50.0,2000.0,2000.0,35
666,CM61-BEAD-004338,MO,11641667.0,367.4878813,26.65226214,5.0,L,True,2326,0,50.0,2000.0,2000.0,35
667,CM61-BEAD-004394,MO,8175885.0,235.2267873,17.79676351,3.0,L,True,2443,0,50.0,2000.0,2000.0,35
668,CM61-BEAD-004333,MO,5281197.0,213.5256521,0.078181818,3.0,L,True,1298,0,50.0,2000.0,2000.0,35
669,CM61-BEAD-004335,MO,289755.0,0.0,3.528418375,0.0,L,True,244,0,50.0,2000.0,2000.0,35
670,CM61-BEAD-004337,MO,4407978.0,186.5562317,0.933348588,3.0,L,True,1076,0,50.0,2000.0,2000.0,35
671,CM61-BEAD-004329,MO,816401.0,26.77207365,2.97467485,0.0,L,True,172,0,50.0,2000.0,2000.0,35
672,CM61-BEAD-004160,MO,2653500.0,150.6302041,16.76755102,1.0,L,True,183,0,50.0,2000.0,2000.0,35
673,CM61-BEAD-004341,MO,2040908.0,78.23417065,13.08815819,3.0,L,True,190,0,50.0,2000.0,2000.0,35
674,CM61-BEAD-004215,MO,673250.0,10.0,5.0,0.0,L,True,314,0,50.0,2000.0,2000.0,35
675,CM61-BEAD-004331,MO,573833.0,0.0,7.845559433,1.0,L,True,556,0,50.0,2000.0,2000.0,35
676,CM61-BEAD-004334,MO,742611.0,30.0,0.0,0.0,L,True,125,0,50.0,2000.0,2000.0,35
677,CM61-BEAD-004328,MO,231367.0,0.0,2.645510241,1.0,L,True,143,0,50.0,2000.0,2000.0,35
678,CM61-BEAD-004330,MO,551790.0,25.67,0.0,1.0,L,True,94,0,50.0,2000.0,2000.0,35
679,CM61-BEAD-004339,MO,1052136.0,3.256867774,13.5218485,1.0,L,True,569,0,50.0,2000.0,2000.0,35
680,CM61-BEAD-004336,MO,87726.0,0.0,0.0,0.0,L,True,85,0,50.0,2000.0,2000.0,35
681,CM61-BEAD-004326,MO,3967167.0,13.35822173,57.47777674,1.0,L,True,641,0,50.0,2000.0,2000.0,35
682,CM61-BEAD-004312,MO,2229860.423,0.0,48.0,27.0,L,True,1164,12,50.0,10000.0,10000.0,35
683,CM61-BEAD-004308,MO,391422.2272,0.0,18.0,28.0,L,True,75,19,50.0,10000.0,10000.0,35
684,CM61-BEAD-004309,MO,1118952.787,0.0,37.00000036,28.0,L,True,283,31,50.0,10000.0,10000.0,35
685,CM61-BEAD-004307,MO,282527.3815,0.0,8.4,27.0,L,True,96,23,50.0,10000.0,10000.0,35
686,CM61-BEAD-003972,MO,829287.5455,0.0,10.89222716,3.0,L,True,224,5,50.0,10000.0,10000.0,35
687,CM61-BEAD-004305,MO,1710296.18,0.0,50.23037617,27.0,L,True,195,2,50.0,10000.0,10000.0,35
688,CM61-BEAD-004468,MO,113660.0,2.694750498,0.74148009,0.0,L,True,27,0,50.0,2000.0,2000.0,35
689,CM61-BEAD-004483,MO,470240.0,20.20032359,0.726940587,1.0,L,True,76,0,50.0,2000.0,2000.0,35
690,CM61-BEAD-003973,MO,3463756.0,8.32765759,74.90891831,35.0,L,True,805,0,50.0,2000.0,2000.0,35
691,CM61-BEAD-003967,MO,607743.0,1.201438057,10.81411123,3.0,L,True,552,0,50.0,2000.0,2000.0,35
692,CM61-BEAD-004520,MO,5766179.0,0.0,161.1391296,35.0,L,True,417,0,50.0,1000.0,1000.0,35
693,CM61-BEAD-004521,MO,571458.94,0.0,13.9666375,10.0,L,True,81,0,50.0,1000.0,1000.0,35
694,CM61-BEAD-004210,MO,17255055.92,0.0,709.2321177,39.0,L,True,2731,8,50.0,1000.0,1000.0,35
695,CM61-BEAD-004518,MO,22819529.6,0.0,722.0114299,37.0,L,True,2418,3,50.0,1000.0,1000.0,35
696,CM61-BEAD-004516,MO,2117890.0,0.0,81.84749911,7.0,L,True,259,4,50.0,1000.0,1000.0,35
697,CM61-BEAD-004519,MO,3087859.0,0.0,134.4856531,43.0,L,True,442,4,50.0,1000.0,1000.0,35
698,CM61-BEAD-004219,MO,4327709.019,0.0,51.77266446,43.0,L,True,322,0,50.0,10000.0,10000.0,35
699,CM61-BEAD-004218,MO,2257447.933,0.0,30.62003652,15.0,L,True,180,0,50.0,10000.0,10000.0,35
700,CM61-BEAD-WY-Scoring-0000000007,WY,4686742.08,0.0,62.0,0.0,L,True,190,0,50.0,2000.0,2000.0,11
701,CM61-BEAD-WY-Scoring-0000000012,WY,12500000.0,0.0,2536.0,0.0,L,False,2067,0,50.0,10000.0,10000.0,11
702,CM61-BEAD-WY-Scoring-0000000013,WY,8919302.94,0.0,0.0,0.0,L,False,14028,0,61.0,150.0,20.0,11
703,CM61-BEAD-WY-Scoring-0000000015,WY,2102241.09,0.0,38.0,2.0,L,True,264,0,50.0,1000.0,1000.0,11
704,CM61-BEAD-WY-Scoring-0000000017,WY,1631764.45,0.0,29.0,2.0,L,True,143,0,50.0,1000.0,1000.0,11
705,CM61-BEAD-WY-Scoring-0000000028,WY,881587.0,0.0,10.0,0.0,L,True,42,0,50.0,100.0,100.0,11
706,CM61-BEAD-WY-Scoring-0000000037,WY,5903559.0,0.0,46.0,0.0,L,True,382,0,50.0,100.0,100.0,11
707,CM61-BEAD-WY-Scoring-0000000038,WY,19928562.0,0.0,272.0,0.0,L,True,833,0,50.0,100.0,100.0,11
708,CM61-BEAD-WY-Scoring-0000000043,WY,2623607.0,0.0,61.0,0.0,L,True,756,0,50.0,685.714285714286,657.7777777777777,11
709,CM61-BEAD-WY-Scoring-0000000044,WY,637557.0,0.0,5.0,0.0,L,True,315,0,50.0,671.4285714285713,642.222222222222,11
710,CM61-BEAD-WY-Scoring-0000000056,WY,2487334.5,0.0,53.0,2.0,L,True,348,0,50.0,1000.0,1000.0,11
711,CM61-BEAD-WY-Scoring-0000000057,WY,4546268.65,0.0,85.0,2.0,L,True,806,0,50.0,1000.0,1000.0,11
712,CM61-BEAD-WY-Scoring-0000000058,WY,4937900.08,0.0,95.0,2.0,L,True,524,0,50.0,1000.0,1000.0,11
713,CM61-BEAD-WY-Scoring-0000000059,WY,1292424.65,0.0,27.0,2.0,L,True,60,0,50.0,1000.0,1000.0,11
714,CM61-BEAD-WY-Scoring-0000000060,WY,652404.49,0.0,9.0,2.0,L,False,69,0,50.0,895.6521739130434,886.376811594203,11
715,CM61-BEAD-WY-Scoring-0000000061,WY,4782050.42,0.0,92.0,2.0,L,True,629,0,50.0,1000.0,1000.0,11
716,CM61-BEAD-WY-Scoring-0000000062,WY,6944414.79,0.0,147.0,2.0,L,True,806,0,50.0,1000.0,1000.0,11
717,CM61-BEAD-WY-Scoring-0000000063,WY,313840.04,0.0,6.0,2.0,L,True,148,0,71.0,100.0,20.0,11
718,CM61-BEAD-WY-Scoring-0000000066,WY,5477292.75,0.0,53.0,2.0,L,False,384,0,71.0,100.0,20.0,11
719,CM61-BEAD-WY-Scoring-0000000076,WY,23273864.97,0.0,297.0,50.0,L,True,2417,0,50.0,5895.635084815896,5832.498965659907,11
720,CM61-BEAD-WY-Scoring-0000000077,WY,39863852.31,0.0,397.0,50.0,L,True,2888,0,50.0,5566.222299168971,5495.100415512452,11
721,CM61-BEAD-WY-Scoring-0000000081,WY,345189.0,0.0,0.0,50.0,L,True,324,0,71.0,2057.8703703703713,1901.6975308641981,11
722,CM61-BEAD-WY-Scoring-0000000084,WY,1010265.34,0.0,0.0,0.0,L,False,627,0,61.0,100.0,20.0,11
723,CM61-BEAD-WY-Scoring-0000000085,WY,136805.39,0.0,0.0,0.0,L,False,125,0,71.0,100.0,20.0,11
724,CM61-BEAD-WY-Scoring-0000000087,WY,203096.26,0.0,0.0,0.0,L,False,123,0,71.0,100.0,20.0,11
725,CM61-BEAD-WY-Scoring-0000000089,WY,4424363.87,0.0,65.0,30.0,L,True,308,0,50.0,1000.0,1000.0,11
726,CM61-BEAD-WY-Scoring-0000000090,WY,13489.73,0.0,0.0,0.0,L,False,41,0,71.0,100.0,20.0,11
727,CM61-BEAD-WY-Scoring-0000000091,WY,1139916.08,0.0,9.0,0.0,L,False,624,0,50.0,1616.346153846154,1600.192307692308,11
728,CM61-BEAD-WY-Scoring-0000000093,WY,168457.83,0.0,0.0,0.0,L,False,98,0,71.0,100.0,20.0,11
729,CM61-BEAD-WY-Scoring-0000000094,WY,54028.83,0.0,0.0,0.0,L,False,32,0,71.0,100.0,20.0,11
730,CM61-BEAD-WY-Scoring-0000000096,WY,100000.0,0.0,0.0,0.0,L,False,20,0,70.0,4000.0,1400.0,11
731,CM61-BEAD-WY-Scoring-0000000100,WY,67679.45,0.0,0.0,0.0,L,False,5,0,70.0,3258.0,1149.0,11
732,CM61-BEAD-WY-Scoring-0000000103,WY,15000.0,0.0,1.0,0.0,L,True,1,0,50.0,2000.0,2000.0,11
733,CM61-BEAD-WY-Scoring-0000000107,WY,100000.0,0.0,0.0,0.0,L,False,11,0,70.0,3390.0,1358.6363636363637,11
734,CM61-BEAD-WY-Scoring-0000000108,WY,204751.59,0.0,0.0,0.0,L,False,17,0,70.0,3141.176470588235,1741.1764705882354,11
735,CM61-BEAD-WY-Scoring-0000000109,WY,3214697.75,0.0,25.0,0.0,L,True,194,0,50.0,2000.0,2000.0,11
736,CM61-BEAD-WY-Scoring-0000000110,WY,320907.09,0.0,7.0,0.0,L,True,15,0,50.0,2000.0,2000.0,11
737,CM61-BEAD-WY-Scoring-0000000112,WY,253800.0,0.0,0.0,0.0,L,False,374,0,61.0,150.0,20.0,11
738,CM61-BEAD-WY-Scoring-0000000114,WY,30600.0,0.0,0.0,0.0,L,False,51,0,61.0,150.0,20.0,11
739,CM61-BEAD-WY-Scoring-0000000115,WY,600.0,0.0,0.0,0.0,L,False,1,0,61.0,150.0,20.0,11
740,CM61-BEAD-WY-Scoring-0000000116,WY,1200.0,0.0,0.0,0.0,L,False,2,0,61.0,150.0,20.0,11
741,CM61-BEAD-WY-Scoring-0000000118,WY,600.0,0.0,0.0,0.0,L,False,1,0,61.0,150.0,20.0,11
742,CM61-BEAD-WY-Scoring-0000000119,WY,600.0,0.0,0.0,0.0,L,False,1,0,61.0,150.0,20.0,11
743,CM61-BEAD-WY-Scoring-0000000122,WY,1800.0,0.0,0.0,0.0,L,False,6,0,61.0,150.0,20.0,11
744,CM61-BEAD-WY-Scoring-0000000126,WY,4200.0,0.0,0.0,0.0,L,False,3,0,61.0,150.0,20.0,11
745,CM61-BEAD-WY-Scoring-0000000127,WY,6600.0,0.0,0.0,0.0,L,False,7,0,61.0,150.0,20.0,11
746,CM61-BEAD-WY-Scoring-0000000145,WY,75000.0,0.0,0.0,0.0,L,False,154,0,61.0,150.0,20.0,11
747,CM61-BEAD-WY-Scoring-0000000167,WY,233400.0,0.0,0.0,0.0,L,False,155,0,61.0,150.0,20.0,11
748,CM61-BEAD-WY-Scoring-0000000168,WY,121800.0,0.0,0.0,0.0,L,False,306,0,61.0,150.0,20.0,11
749,CM61-BEAD-WY-Scoring-0000000170,WY,2818830.0,0.0,0.0,14.0,L,False,1057,0,72.0,564.9763481551558,125.59129612109737,11
750,CM61-BEAD-WY-Scoring-0000000171,WY,320625.85,0.0,0.0,14.0,L,False,1051,0,72.0,593.3720266412945,131.8801141769741,11
751,CM61-BEAD-WY-Scoring-0000000172,WY,938688.3,0.0,0.0,14.0,L,False,294,0,72.0,572.2789115646259,127.18027210884358,11
752,CM61-BEAD-WY-Scoring-0000000173,WY,3626793.8,1.0,56.0,0.0,L,True,146,0,50.0,2000.0,2000.0,11
753,CM61-BEAD-WY-Scoring-0000000174,WY,403504.9,0.0,0.0,14.0,L,False,322,0,72.0,581.1149068322982,129.1645962732918,11
754,CM61-BEAD-WY-Scoring-0000000175,WY,56325.0,0.0,0.0,14.0,L,True,10,0,72.0,603.0,134.0,11
755,CM61-BEAD-WY-Scoring-0000000177,WY,72325.0,0.0,0.0,14.0,L,False,10,0,72.0,413.8,92.0,11
756,CM61-BEAD-WY-Scoring-0000000178,WY,182527.5,0.0,0.0,14.0,L,False,47,0,72.0,547.0638297872339,121.59574468085103,11
757,CM61-BEAD-WY-Scoring-0000000179,WY,55487.5,0.0,0.0,14.0,L,True,15,0,72.0,527.4666666666666,117.33333333333331,11
758,CM61-BEAD-WY-Scoring-0000000180,WY,63757.5,0.0,0.0,14.0,L,False,11,0,72.0,516.9090909090909,114.81818181818181,11
759,CM61-BEAD-WY-Scoring-0000000181,WY,12032.5,0.0,0.0,14.0,L,True,1,0,72.0,405.0,90.0,11
760,CM61-BEAD-WY-Scoring-0000000182,WY,324120.0,0.0,0.0,14.0,L,False,94,0,72.0,557.5957446808509,123.93617021276596,11
761,CM61-BEAD-WY-Scoring-0000000183,WY,17041903.6,0.0,0.0,14.0,L,False,2570,0,72.0,577.9369649805443,128.44902723735413,11
762,CM61-BEAD-WY-Scoring-0000000184,WY,431841.2,0.0,0.0,14.0,L,False,473,0,72.0,588.0570824524299,130.67230443974626,11
763,CM61-BEAD-WY-Scoring-0000000185,WY,623715.3,0.0,0.0,14.0,L,False,426,0,72.0,595.544600938967,132.35446009389668,11
764,CM61-BEAD-WY-Scoring-0000000188,WY,4822665.0,9.0,9.0,0.0,L,True,306,0,50.0,100.0,100.0,11
765,CM61-BEAD-NM-51109127,NM,2973600.0,0.0,0.0,0.0,L,False,4956,0,61.0,150.0,20.0,13
766,CM61-BEAD-NM-50065578,NM,15802821.0,170.0,135.0,5.0,L,True,2693,1,50.0,1000.0,1000.0,13
767,CM61-BEAD-NM-51109896,NM,1118396.0,0.0,0.0,0.0,L,False,636,0,70.0,1000.0,1000.0,13
768,CM61-BEAD-NM-51094416,NM,26988097.0,692.0,77.0,13.0,L,True,3966,31,50.0,1000.0,1000.0,13
769,CM61-BEAD-NM-51110179,NM,1043764.0,13.0,0.0,0.0,L,False,85,0,50.0,988.2352941176473,988.2352941176473,13
770,CM61-BEAD-NM-50066448,NM,9745710.0,102.0,44.0,48.0,L,True,390,0,50.0,1517.948717948718,1084.1025641025637,13
771,CM61-BEAD-NM-50064426,NM,23685663.0,0.0,172.0,20.0,L,False,730,0,50.0,1000.0,100.0,13
772,CM61-BEAD-NM-50059106,NM,35681317.0,484.0,40.0,13.0,L,True,2011,19,50.0,1000.0,1000.0,13
773,CM61-BEAD-NM-50064928,NM,10755557.0,75.0,42.0,8.0,L,True,1087,6,50.0,1000.0,1000.0,13
774,CM61-BEAD-NM-51141543,NM,9424165.0,3.0,71.0,0.0,L,True,378,3,50.0,2488.095238095238,2488.095238095238,13
775,CM61-BEAD-NM-51449382,NM,13432600.0,0.0,0.0,0.0,L,False,723,0,72.0,100.0,20.0,13
776,CM61-BEAD-NM-51139990,NM,286200.0,0.0,0.0,6.0,L,False,318,0,71.0,1000.0,500.0,13
777,CM61-BEAD-NM-51132581,NM,3718800.0,0.0,0.0,6.0,L,False,1032,0,71.0,1000.0,500.0,13
778,CM61-BEAD-NM-50066174,NM,628810.0,0.0,0.0,9.0,L,False,196,0,71.0,1000.0,500.0,13
779,CM61-BEAD-NM-51139955,NM,122400.0,0.0,0.0,6.0,L,False,34,0,71.0,1000.0,500.0,13
780,CM61-BEAD-NM-51140106,NM,291600.0,0.0,0.0,6.0,L,False,324,0,71.0,1000.0,500.0,13
781,CM61-BEAD-NM-51139981,NM,671011.0,0.0,0.0,6.0,L,False,1069,0,71.0,1000.0,500.0,13
782,CM61-BEAD-NM-51139942,NM,46259118.0,0.0,0.0,6.0,L,False,2008,1,50.0,1000.0,986.3047808764935,13
783,CM61-BEAD-NM-50066210,NM,3624164.0,3.0,24.0,11.0,L,True,430,0,50.0,1000.0,1000.0,13
784,CM61-BEAD-NM-51140315,NM,857700.0,0.0,0.0,6.0,L,False,941,3,71.0,1000.0,501.5940488841657,13
785,CM61-BEAD-NM-50066209,NM,1114981.0,0.0,0.0,6.0,L,False,938,0,71.0,1000.0,500.0,13
786,CM61-BEAD-NM-51140123,NM,100000.0,0.0,0.0,6.0,L,False,76,1,71.0,1000.0,506.57894736842104,13
787,CM61-BEAD-NM-51141204,NM,838500.0,0.0,0.0,0.0,L,False,559,0,61.0,100.0,20.0,13
788,CM61-BEAD-NM-51128592,NM,3778114.0,31.0,3.0,1.0,L,False,239,0,50.0,1000.0,1000.0,13
789,CM61-BEAD-NM-51125085,NM,5927998.0,26.0,3.0,1.0,L,False,389,0,50.0,622.8791773778918,589.3573264781492,13
790,CM61-BEAD-NM-51446572,NM,22247576.0,51.0,63.0,0.0,L,False,1008,0,71.0,445.5357142857145,396.2500000000001,13
791,CM61-BEAD-NM-51127576,NM,1335750.0,0.0,0.0,2.0,L,False,847,0,71.0,100.0,20.0,13
792,CM61-BEAD-NM-50066364,NM,111781009.0,0.0,165.0,45.0,L,False,11930,10,72.0,100.75440067057839,20.821458507963115,13
793,CM61-BEAD-NM-51139899,NM,18813612.0,0.0,77.0,25.0,L,False,2121,3,72.0,351.62659123055124,594.7666195190927,13
794,CM61-BEAD-NM-50342845,NM,6939766.0,0.0,124.0,1.0,L,True,299,0,50.0,1000.0,1000.0,13
795,CM61-BEAD-NM-50064777,NM,1979279.0,20.0,10.0,5.0,L,True,238,0,50.0,1000.0,1000.0,13
796,CM61-BEAD-MI-001-01,MI,45982423.68,0.0,2123.0,0.0,L,True,7035,5,50.0,5996.446339729921,5996.446339729921,29
797,CM61-BEAD-MI-001-06,MI,39553781.44,0.0,520.0,0.0,L,True,10737,4,50.0,5998.137282294869,5998.137282294869,29
798,CM61-BEAD-MI-002-01,MI,5130855.0,0.0,459.0,0.0,L,True,1815,0,50.0,1000.0,1000.0,29
799,CM61-BEAD-MI-003-01,MI,1170000.0,0.0,0.0,0.0,L,False,1826,0,61.0,150.0,20.0,29
800,CM61-BEAD-MI-003-02,MI,1252200.0,0.0,0.0,0.0,L,False,2040,0,61.0,150.0,20.0,29
801,CM61-BEAD-MI-003-03,MI,1248600.0,0.0,0.0,0.0,L,False,2025,0,61.0,150.0,20.0,29
802,CM61-BEAD-MI-003-04,MI,1244400.0,0.0,0.0,0.0,L,False,2012,0,61.0,150.0,20.0,29
803,CM61-BEAD-MI-003-05,MI,1128000.0,0.0,0.0,0.0,L,False,1823,0,61.0,150.0,20.0,29
804,CM61-BEAD-MI-003-06,MI,1122600.0,0.0,0.0,0.0,L,False,1792,0,61.0,150.0,20.0,29
805,CM61-BEAD-MI-003-07,MI,1062600.0,0.0,0.0,0.0,L,False,1720,0,61.0,150.0,20.0,29
806,CM61-BEAD-MI-004-01,MI,734640.0,2.0,36.0,0.0,L,False,163,19,50.0,1000.0,1000.0,29
807,CM61-BEAD-MI-005-01,MI,9900124.0,0.0,201.0,0.0,L,False,4079,8,50.0,1000.0,1000.0,29
808,CM61-BEAD-MI-006-02,MI,4034011.4,74.0,10.0,0.0,L,False,974,6,50.0,1993.8398357289527,1993.8398357289527,29
809,CM61-BEAD-MI-006-03,MI,2348105.7,61.0,5.0,0.0,L,True,670,1,50.0,1998.5074626865671,1998.5074626865671,29
810,CM61-BEAD-MI-006-04,MI,577679.0,27.0,2.0,0.0,L,True,191,0,50.0,2000.0,2000.0,29
811,CM61-BEAD-MI-006-05,MI,3080975.0,63.0,20.0,0.0,L,True,1047,0,50.0,2000.0,2000.0,29
812,CM61-BEAD-MI-006-06,MI,2166427.75,76.0,7.0,0.0,L,True,1143,5,50.0,1995.625546806649,1995.625546806649,29
813,CM61-BEAD-MI-006-07,MI,3038804.24,10.0,6.0,0.0,L,True,1618,7,50.0,1995.673671199011,1995.673671199011,29
814,CM61-BEAD-MI-006-08,MI,123297.0,5.0,0.0,0.0,L,True,79,0,50.0,2000.0,2000.0,29
815,CM61-BEAD-MI-006-09,MI,191370.0,18.0,1.0,0.0,L,True,129,0,50.0,2000.0,2000.0,29
816,CM61-BEAD-MI-006-10,MI,3082885.03,188.0,11.0,0.0,L,True,2184,0,50.0,2000.0,2000.0,29
817,CM61-BEAD-MI-006-11,MI,332211.0,19.0,0.0,0.0,L,True,249,0,50.0,2000.0,2000.0,29
818,CM61-BEAD-MI-006-12,MI,5544.0,0.0,0.0,0.0,L,False,8,0,72.0,600.0,120.0,29
819,CM61-BEAD-MI-006-13,MI,1386.0,0.0,0.0,0.0,L,False,2,0,72.0,600.0,120.0,29
820,CM61-BEAD-MI-006-15,MI,1.0,0.0,0.0,0.0,L,True,7,0,50.0,2000.0,2000.0,29
821,CM61-BEAD-MI-006-16,MI,722105.44,28.0,2.0,0.0,L,True,298,2,50.0,1993.2885906040267,1993.2885906040267,29
822,CM61-BEAD-MI-007-01,MI,2501665.0,0.0,113.0,0.0,L,True,410,1,50.0,2496.3414634146343,2496.3414634146343,29
823,CM61-BEAD-MI-007-02,MI,4317816.0,0.0,103.0,0.0,L,True,1112,1,50.0,2498.6510791366904,2498.6510791366904,29
824,CM61-BEAD-MI-007-03,MI,2270709.82,0.0,69.0,0.0,L,True,283,2,50.0,2489.3992932862193,2489.3992932862193,29
825,CM61-BEAD-MI-007-04,MI,337402.76,0.0,9.0,0.0,L,True,74,0,50.0,2500.0,2500.0,29
826,CM61-BEAD-MI-007-05,MI,5771723.0,0.0,137.0,0.0,L,True,1443,2,50.0,2497.920997920998,2497.920997920998,29
827,CM61-BEAD-MI-007-07,MI,157352.0,0.0,12.0,0.0,L,True,42,0,50.0,2500.0,2500.0,29
828,CM61-BEAD-MI-007-09,MI,534852.0,0.0,116.0,0.0,L,True,187,0,50.0,2500.0,2500.0,29
829,CM61-BEAD-MI-008-01,MI,5174360.0,0.0,183.0,0.0,L,True,1064,0,50.0,1000.0,1000.0,29
830,CM61-BEAD-MI-008-02,MI,1466303.0,0.0,70.0,0.0,L,True,206,1,50.0,1000.0,1000.0,29
831,CM61-BEAD-MI-008-04,MI,241452.0,0.0,9.0,0.0,L,True,51,0,50.0,1000.0,1000.0,29
832,CM61-BEAD-MI-008-05,MI,2127150.0,0.0,85.0,0.0,L,True,467,0,50.0,1000.0,1000.0,29
833,CM61-BEAD-MI-008-06,MI,445716.0,0.0,17.0,0.0,L,True,103,0,50.0,1000.0,1000.0,29
834,CM61-BEAD-MI-008-07,MI,1414797.0,0.0,55.0,0.0,L,True,321,0,50.0,1000.0,1000.0,29
835,CM61-BEAD-MI-008-08,MI,183062.0,0.0,7.0,0.0,L,True,38,0,50.0,1000.0,1000.0,29
836,CM61-BEAD-MI-008-09,MI,730181.0,0.0,31.0,0.0,L,True,172,0,50.0,1000.0,1000.0,29
837,CM61-BEAD-MI-008-10,MI,850418.0,0.0,25.0,0.0,L,True,212,0,50.0,1000.0,1000.0,29
838,CM61-BEAD-MI-008-11,MI,862765.0,0.0,34.0,0.0,L,True,172,0,50.0,1000.0,1000.0,29
839,CM61-BEAD-MI-008-13,MI,994842.0,0.0,38.0,0.0,L,True,265,0,50.0,1000.0,1000.0,29
840,CM61-BEAD-MI-009-01,MI,2518436.0,38.0,56.0,0.0,L,True,1430,0,40.0,2000.0,2000.0,29
841,CM61-BEAD-MI-009-03,MI,1931100.0,28.0,42.0,0.0,L,True,453,0,50.0,2000.0,2000.0,29
842,CM61-BEAD-MI-009-04,MI,300492.0,29.0,43.0,0.0,L,True,74,0,50.0,2000.0,2000.0,29
843,CM61-BEAD-MI-009-07,MI,139387.0,2.0,2.0,0.0,L,True,41,0,50.0,2000.0,2000.0,29
844,CM61-BEAD-MI-009-08,MI,8468859.0,8.0,11.0,0.0,L,True,2346,5,50.0,1997.8687127024723,1997.8687127024723,29
845,CM61-BEAD-MI-009-09,MI,6647982.0,86.0,129.0,0.0,L,True,2434,2,50.0,1999.1783073130648,1999.1783073130648,29
846,CM61-BEAD-MI-009-10,MI,2899000.0,40.0,59.0,0.0,L,True,1060,1,50.0,1999.0566037735848,1999.0566037735848,29
847,CM61-BEAD-MI-009-11,MI,187116.0,4.0,6.0,0.0,L,True,80,0,50.0,2000.0,2000.0,29
848,CM61-BEAD-MI-009-12,MI,2583727.0,7.0,10.0,0.0,L,True,1223,0,50.0,2000.0,2000.0,29
849,CM61-BEAD-MI-009-13,MI,397500.0,9.0,13.0,0.0,L,True,264,0,50.0,2000.0,2000.0,29
850,CM61-BEAD-MI-009-14,MI,3212657.0,52.0,77.0,0.0,L,True,1720,0,50.0,2000.0,2000.0,29
851,CM61-BEAD-MI-010-01,MI,195950.0,1.0,9.0,0.0,L,True,95,4,50.0,2436.842105263158,2436.842105263158,29
852,CM61-BEAD-MI-010-02,MI,4049224.5,0.0,331.0,0.0,L,True,1014,3,50.0,2495.562130177515,2495.562130177515,29
853,CM61-BEAD-MI-011-01,MI,672716.0,0.0,34.0,0.0,L,True,158,0,50.0,2000.0,2000.0,29
854,CM61-BEAD-MI-011-02,MI,17244445.0,0.0,494.0,0.0,L,True,4167,3,50.0,1999.2800575953922,1999.2800575953922,29
855,CM61-BEAD-MI-011-03,MI,1298307.0,0.0,54.0,0.0,L,True,326,0,50.0,2000.0,2000.0,29
856,CM61-BEAD-MI-012-01,MI,8178731.0,398.0,151.0,0.0,L,True,1007,8,50.0,1000.0,1000.0,29
857,CM61-BEAD-MI-013-01,MI,13581064.8,185.0,793.0,0.0,L,True,1616,19,50.0,1000.0,1000.0,29
858,CM61-BEAD-MI-014-01,MI,26630936.25,1274.0,167.0,0.0,L,True,4241,0,50.0,1000.0,1000.0,29
859,CM61-BEAD-MI-015-01,MI,6965957.0,0.0,620.0,0.0,L,True,910,0,50.0,1000.0,1000.0,29
860,CM61-BEAD-MI-016-01,MI,27487250.0,300.0,15.0,0.0,L,True,3234,6,50.0,1963.8218923933214,1963.8218923933214,29
861,CM61-BEAD-MI-016-02,MI,25348151.61,206.0,228.0,0.0,L,True,3080,8,50.0,1997.4025974025974,1997.4025974025974,29
862,CM61-BEAD-MI-017-01,MI,5790423.0,0.0,144.0,0.0,L,True,1345,4,50.0,1000.0,1000.0,29
863,CM61-BEAD-MI-018-01,MI,13776879.0,166.0,336.0,0.0,L,True,1621,0,50.0,5000.0,5000.0,29
864,CM61-BEAD-MI-019-01,MI,59437634.0,0.0,2726.0,0.0,L,True,9432,21,50.0,1000.0,1000.0,29
865,CM61-BEAD-MI-020-01,MI,1915300.0,0.0,52.0,0.0,L,True,560,0,50.0,1000.0,1000.0,29
866,CM61-BEAD-MI-021-01,MI,22584250.0,782.0,1161.0,0.0,L,True,2694,0,50.0,1000.0,1000.0,29
867,CM61-BEAD-MI-022-01,MI,38016442.0,0.0,522.0,0.0,L,True,5142,3,50.0,9994.749124854143,9994.749124854143,29
868,CM61-BEAD-MI-023-01,MI,70160.0,0.0,22.0,0.0,L,True,17,0,50.0,1000.0,1000.0,29
869,CM61-BEAD-MI-024-01,MI,1303500.0,0.0,0.0,0.0,L,False,800,0,61.0,100.0,20.0,29
870,CM61-BEAD-MI-024-02,MI,1791000.0,0.0,0.0,0.0,L,False,662,0,61.0,100.0,20.0,29
871,CM61-BEAD-MI-024-03,MI,1891500.0,0.0,0.0,0.0,L,False,949,0,61.0,100.0,20.0,29
872,CM61-BEAD-MI-024-04,MI,6967500.0,0.0,0.0,0.0,L,False,3035,0,61.0,100.0,20.0,29
873,CM61-BEAD-MI-024-05,MI,2478000.0,0.0,0.0,0.0,L,False,1128,0,61.0,100.0,20.0,29
874,CM61-BEAD-MI-024-06,MI,2116500.0,0.0,0.0,0.0,L,False,748,0,61.0,100.0,20.0,29
875,CM61-BEAD-MI-024-07,MI,1563000.0,0.0,0.0,0.0,L,False,367,0,61.0,100.0,20.0,29
876,CM61-BEAD-MI-024-08,MI,4134000.0,0.0,0.0,0.0,L,False,2183,0,61.0,100.0,20.0,29
877,CM61-BEAD-MI-024-09,MI,2499000.0,0.0,0.0,0.0,L,False,1142,0,61.0,100.0,20.0,29
878,CM61-BEAD-MI-024-10,MI,2889000.0,0.0,0.0,0.0,L,False,386,0,61.0,100.0,20.0,29
879,CM61-BEAD-MI-025-01,MI,29489724.87,205.0,518.0,0.0,L,True,3486,0,50.0,1000.0,1000.0,29
880,CM61-BEAD-MI-025-04,MI,5807391.92,4.0,9.0,0.0,L,True,785,0,50.0,1000.0,1000.0,29
881,CM61-BEAD-MI-025-06,MI,1311120.54,9.0,14.0,0.0,L,True,184,0,50.0,1000.0,1000.0,29
882,CM61-BEAD-MI-025-07,MI,925306.49,7.0,10.0,0.0,L,True,157,0,50.0,1000.0,1000.0,29
883,CM61-BEAD-MI-025-08,MI,2100350.0,6.0,9.0,0.0,L,True,250,0,50.0,1000.0,1000.0,29
884,CM61-BEAD-MI-025-11,MI,3359343.53,18.0,41.0,0.0,L,True,525,0,50.0,1000.0,1000.0,29
885,CM61-BEAD-MI-025-12,MI,2691118.0,30.0,30.0,0.0,L,True,445,0,50.0,1000.0,1000.0,29
886,CM61-BEAD-MI-026-01,MI,9753196.93,0.0,317.0,0.0,L,True,1936,0,50.0,2000.0,2000.0,29
887,CM61-BEAD-MI-026-10,MI,12571873.71,0.0,369.0,0.0,L,True,2121,0,50.0,2000.0,2000.0,29
888,CM61-BEAD-MI-026-101,MI,13365138.72,0.0,426.0,0.0,L,True,2764,0,50.0,2000.0,2000.0,29
889,CM61-BEAD-MI-026-108,MI,2019797.63,0.0,105.0,0.0,L,True,339,0,50.0,2000.0,2000.0,29
890,CM61-BEAD-MI-026-110,MI,6348764.94,0.0,509.0,0.0,L,True,1151,0,50.0,2000.0,2000.0,29
891,CM61-BEAD-MI-026-113,MI,7378649.74,0.0,433.0,0.0,L,True,1600,0,50.0,2000.0,2000.0,29
892,CM61-BEAD-MI-026-121,MI,2626527.93,0.0,245.0,0.0,L,True,376,0,50.0,2000.0,2000.0,29
893,CM61-BEAD-MI-026-124,MI,7558736.81,0.0,484.0,0.0,L,True,1424,0,50.0,2000.0,2000.0,29
894,CM61-BEAD-MI-026-133,MI,4800739.47,0.0,320.0,0.0,L,True,1324,0,50.0,2000.0,2000.0,29
895,CM61-BEAD-MI-026-145,MI,3810864.53,0.0,215.0,0.0,L,True,904,0,50.0,2000.0,2000.0,29
896,CM61-BEAD-MI-026-15,MI,3057124.56,0.0,145.0,0.0,L,True,724,0,50.0,2000.0,2000.0,29
897,CM61-BEAD-MI-026-150,MI,21491563.84,0.0,802.0,0.0,L,True,4039,0,50.0,2000.0,2000.0,29
898,CM61-BEAD-MI-026-161,MI,6634485.79,0.0,228.0,0.0,L,True,1762,0,50.0,2000.0,2000.0,29
899,CM61-BEAD-MI-026-173,MI,2267769.75,0.0,340.0,0.0,L,True,400,0,50.0,2000.0,2000.0,29
900,CM61-BEAD-MI-026-179,MI,12416526.34,0.0,586.0,0.0,L,True,2759,0,50.0,2000.0,2000.0,29
901,CM61-BEAD-MI-026-18,MI,34614136.89,0.0,906.0,0.0,L,True,7188,0,50.0,2000.0,2000.0,29
902,CM61-BEAD-MI-026-193,MI,4028452.58,0.0,285.0,0.0,L,True,871,0,50.0,2000.0,2000.0,29
903,CM61-BEAD-MI-026-199,MI,3457329.78,0.0,98.0,0.0,L,True,765,0,50.0,2000.0,2000.0,29
904,CM61-BEAD-MI-026-200,MI,3890571.78,0.0,245.0,0.0,L,True,917,0,50.0,2000.0,2000.0,29
905,CM61-BEAD-MI-026-204,MI,3556012.0,0.0,111.0,0.0,L,True,1374,0,50.0,2000.0,2000.0,29
906,CM61-BEAD-MI-026-207,MI,3330403.68,0.0,155.0,0.0,L,True,762,0,50.0,2000.0,2000.0,29
907,CM61-BEAD-MI-026-209,MI,2251079.25,0.0,60.0,0.0,L,True,302,0,50.0,2000.0,2000.0,29
908,CM61-BEAD-MI-026-210,MI,106134.65,0.0,55.0,0.0,L,True,20,0,50.0,2000.0,2000.0,29
909,CM61-BEAD-MI-026-38,MI,4994065.9,0.0,140.0,0.0,L,True,1001,0,50.0,2000.0,2000.0,29
910,CM61-BEAD-MI-026-40,MI,8586005.91,0.0,259.0,0.0,L,True,1362,0,50.0,2000.0,2000.0,29
911,CM61-BEAD-MI-026-44,MI,3125310.07,0.0,157.0,0.0,L,True,848,0,50.0,2000.0,2000.0,29
912,CM61-BEAD-MI-026-48,MI,4408493.43,0.0,86.0,0.0,L,True,992,0,50.0,2000.0,2000.0,29
913,CM61-BEAD-MI-026-50,MI,16559314.64,0.0,546.0,0.0,L,True,3386,0,50.0,2000.0,2000.0,29
914,CM61-BEAD-MI-026-63,MI,1633536.0,0.0,60.0,0.0,L,True,518,0,50.0,2000.0,2000.0,29
915,CM61-BEAD-MI-026-64,MI,8371266.13,0.0,223.0,0.0,L,True,1418,0,50.0,2000.0,2000.0,29
916,CM61-BEAD-MI-026-67,MI,34437677.9,0.0,1190.0,0.0,L,True,6248,0,50.0,2000.0,2000.0,29
917,CM61-BEAD-MI-026-88,MI,8106744.99,0.0,347.0,0.0,L,True,1866,0,50.0,2000.0,2000.0,29
918,CM61-BEAD-MI-026-95,MI,10478090.23,0.0,271.0,0.0,L,True,2269,0,50.0,2000.0,2000.0,29
919,CM61-BEAD-MI-027-01,MI,14850582.0,0.0,293.0,0.0,L,True,4136,20,50.0,1995.1644100580268,1995.1644100580268,29
920,CM61-BEAD-MI-027-03,MI,3221366.72,0.0,198.0,0.0,L,True,644,1,50.0,1998.447204968944,1998.447204968944,29
921,CM61-BEAD-MI-027-06,MI,26248248.0,0.0,743.0,0.0,L,True,5430,0,50.0,2000.0,2000.0,29
922,CM61-BEAD-MI-027-08,MI,188081.0,0.0,19.0,0.0,L,True,466,0,50.0,2000.0,2000.0,29
923,CM61-BEAD-MI-027-09,MI,17915579.4,0.0,772.0,0.0,L,True,4135,1,50.0,1999.758162031439,1999.758162031439,29
924,CM61-BEAD-MI-028-01,MI,9583500.0,0.0,298.0,0.0,L,True,1303,14,50.0,1000.0,1000.0,29
925,CM61-BEAD-MI-029-01,MI,35505000.0,32.0,163.0,0.0,L,True,4542,32,71.0,467.3712021136068,420.02642007926096,29
926,CM61-BEAD-MI-030-01,MI,1592169.0,0.0,15.0,0.0,L,True,274,0,50.0,1000.0,1000.0,29
927,CM61-BEAD-WV-482636,WV,6830247.01,141.0,2.0,10.0,L,True,630,8,50.0,1000.0,1000.0,8
928,CM61-BEAD-WV-482635,WV,10204.02,0.0,0.0,10.0,C,True,24,24,50.0,1000.0,1000.0,8
929,CM61-BEAD-WV-482647,WV,541412.31,10.0,1.0,10.0,L,True,61,2,50.0,1000.0,1000.0,8
930,CM61-BEAD-WV-482312,WV,23269.21,0.0,0.0,10.0,C,True,14,14,50.0,1000.0,1000.0,8
931,CM61-BEAD-WV-482335,WV,3006727.85,34.0,0.0,10.0,L,True,243,0,50.0,1000.0,1000.0,8
932,CM61-BEAD-WV-480678,WV,1178715.0,39.0,0.0,4.0,L,True,129,4,50.0,1000.0,1000.0,8
933,CM61-BEAD-WV-482338,WV,17197446.92,482.0,0.0,4.0,L,True,1780,43,50.0,1000.0,1000.0,8
934,CM61-BEAD-WV-482343,WV,7904476.159999999,219.0,0.0,4.0,L,True,1474,10,50.0,1000.0,1000.0,8
935,CM61-BEAD-WV-480684,WV,8287063.0,268.0,0.0,4.0,L,True,868,21,50.0,1000.0,1000.0,8
936,CM61-BEAD-WV-480688,WV,8837192.15,345.0,0.0,4.0,L,True,830,28,50.0,1000.0,1000.0,8
937,CM61-BEAD-WV-480689,WV,1074505.84,32.0,0.0,4.0,L,True,254,33,50.0,1000.0,1000.0,8
938,CM61-BEAD-WV-480690,WV,9817009.67,295.0,0.0,4.0,L,True,911,20,50.0,1000.0,1000.0,8
939,CM61-BEAD-WV-480698,WV,811563.52,32.0,0.0,83.0,L,True,65,6,50.0,1000.0,1000.0,8
940,CM61-BEAD-WV-482296,WV,15828298.5,450.0,0.0,4.0,L,True,1697,27,50.0,1000.0,1000.0,8
941,CM61-BEAD-WV-482372,WV,5908548.45,182.0,0.0,4.0,L,True,1112,27,50.0,1000.0,1000.0,8
942,CM61-BEAD-WV-482374,WV,5736672.75,167.0,0.0,4.0,L,True,909,15,50.0,1000.0,1000.0,8
943,CM61-BEAD-WV-482377,WV,6826692.68,218.0,0.0,4.0,L,True,756,21,50.0,1000.0,1000.0,8
944,CM61-BEAD-WV-482380,WV,17412435.94,502.0,0.0,0.0,L,True,2009,20,50.0,1000.0,1000.0,8
945,CM61-BEAD-WV-480718,WV,3839682.24,108.0,0.0,4.0,L,True,323,10,50.0,1000.0,1000.0,8
946,CM61-BEAD-WV-480720,WV,15683836.45,474.0,0.0,4.0,L,True,2218,43,50.0,1000.0,1000.0,8
947,CM61-BEAD-WV-482392,WV,5871452.25,186.0,0.0,4.0,L,True,680,26,50.0,1000.0,1000.0,8
948,CM61-BEAD-WV-482396,WV,28506.460000000003,1.0,0.0,4.0,C,True,10,10,50.0,1000.0,1000.0,8
949,CM61-BEAD-WV-482399,WV,14038554.18,399.0,0.0,4.0,L,True,3505,35,50.0,1000.0,1000.0,8
950,CM61-BEAD-WV-480725,WV,8027825.82,250.0,0.0,4.0,L,True,874,42,50.0,1000.0,1000.0,8
951,CM61-BEAD-WV-480726,WV,4622524.48,154.0,0.0,4.0,L,True,721,7,50.0,1000.0,1000.0,8
952,CM61-BEAD-WV-480730,WV,3439925.94,92.0,0.0,4.0,L,True,624,0,50.0,1000.0,1000.0,8
953,CM61-BEAD-WV-480734,WV,6093634.33,172.0,0.0,4.0,L,True,1306,8,50.0,1000.0,1000.0,8
954,CM61-BEAD-WV-480735,WV,11378168.44,319.0,0.0,4.0,L,True,1101,22,50.0,1000.0,1000.0,8
955,CM61-BEAD-WV-482645,WV,2306508.12,77.0,0.0,4.0,L,True,331,6,50.0,1000.0,1000.0,8
956,CM61-BEAD-WV-482650,WV,7463925.399999999,223.0,0.0,4.0,L,True,1239,30,50.0,1000.0,1000.0,8
957,CM61-BEAD-WV-482654,WV,1647223.48,45.0,0.0,4.0,L,True,270,9,50.0,1000.0,1000.0,8
958,CM61-BEAD-WV-482659,WV,3434741.7800000003,108.0,0.0,4.0,L,True,275,4,50.0,1000.0,1000.0,8
959,CM61-BEAD-WV-503266,WV,2383720.0,70.0,24.0,10.0,L,True,387,20,50.0,2000.0,2000.0,8
960,CM61-BEAD-WV-482753,WV,5124223.0,117.0,41.0,10.0,L,True,1140,6,50.0,2000.0,2000.0,8
961,CM61-BEAD-WV-482754,WV,28197744.0,178.0,154.0,10.0,L,True,2256,2,50.0,2000.0,2000.0,8
962,CM61-BEAD-WV-482775,WV,949924.0,13.0,6.0,0.0,L,True,76,2,50.0,2000.0,2000.0,8
963,CM61-BEAD-WV-482779,WV,4278698.0,143.0,29.0,10.0,L,True,637,8,50.0,2000.0,2000.0,8
964,CM61-BEAD-WV-482756,WV,12324014.0,131.0,73.0,10.0,L,True,986,10,50.0,2000.0,2000.0,8
965,CM61-BEAD-WV-482433,WV,3952613.53,64.0,7.0,83.0,L,True,662,4,50.0,7000.0,7000.0,8
966,CM61-BEAD-WV-482442,WV,3761649.96,76.0,4.0,83.0,L,True,1137,12,50.0,7000.0,7000.0,8
967,CM61-BEAD-WV-482443,WV,1837920.64,47.0,4.0,83.0,L,True,191,0,50.0,7000.0,7000.0,8
968,CM61-BEAD-WV-482434,WV,4364530.8,0.0,0.0,0.0,L,True,774,43,50.0,7000.0,7000.0,8
969,CM61-BEAD-WV-482445,WV,10986621.25,258.0,31.0,83.0,L,True,881,33,50.0,7000.0,7000.0,8
970,CM61-BEAD-WV-482451,WV,6802592.06,105.0,25.0,83.0,L,True,757,9,50.0,7000.0,7000.0,8
971,CM61-BEAD-WV-482452,WV,2768265.61,62.0,9.0,83.0,L,True,482,17,50.0,7000.0,7000.0,8
972,CM61-BEAD-WV-482453,WV,1804382.05,24.0,8.0,83.0,L,True,480,65,50.0,7000.0,7000.0,8
973,CM61-BEAD-WV-482454,WV,11550019.92,239.0,27.0,83.0,L,True,963,48,50.0,7000.0,7000.0,8
974,CM61-BEAD-WV-482456,WV,2008737.95,66.0,6.0,83.0,L,True,359,15,50.0,7000.0,7000.0,8
975,CM61-BEAD-WV-482457,WV,5912736.21,131.0,28.0,83.0,L,True,763,34,50.0,7000.0,7000.0,8
976,CM61-BEAD-WV-482458,WV,6131481.29,59.0,24.0,83.0,L,True,575,5,50.0,7000.0,7000.0,8
977,CM61-BEAD-WV-482461,WV,3602894.61,95.0,17.0,83.0,L,True,727,26,50.0,7000.0,7000.0,8
978,CM61-BEAD-WV-482463,WV,1659266.87,68.0,3.0,83.0,L,True,419,14,50.0,7000.0,7000.0,8
979,CM61-BEAD-WV-482462,WV,1869584.29,27.0,8.0,83.0,L,True,236,7,50.0,7000.0,7000.0,8
980,CM61-BEAD-WV-482468,WV,15015621.4,213.0,47.0,83.0,L,True,2027,69,50.0,7000.0,7000.0,8
981,CM61-BEAD-WV-482473,WV,4073761.21,95.0,13.0,83.0,L,True,327,72,50.0,7000.0,7000.0,8
982,CM61-BEAD-WV-482471,WV,2881307.25,84.0,9.0,83.0,L,True,277,59,50.0,7000.0,7000.0,8
983,CM61-BEAD-WV-482472,WV,2292369.35,108.0,9.0,83.0,L,True,587,47,50.0,7000.0,7000.0,8
984,CM61-BEAD-WV-482474,WV,6119293.7,87.0,19.0,83.0,L,True,812,37,50.0,7000.0,7000.0,8
985,CM61-BEAD-WV-482481,WV,991917.24,29.0,3.0,83.0,L,True,219,48,50.0,7000.0,7000.0,8
986,CM61-BEAD-WV-482488,WV,3541285.36,42.0,11.0,83.0,L,True,547,20,50.0,7000.0,7000.0,8
987,CM61-BEAD-WV-482489,WV,848984.35,5.0,4.0,83.0,L,True,167,0,50.0,7000.0,7000.0,8
988,CM61-BEAD-WV-482491,WV,6532221.7,139.0,26.0,83.0,L,True,703,1,50.0,7000.0,7000.0,8
989,CM61-BEAD-WV-482492,WV,4019881.75,82.0,23.0,83.0,L,True,721,0,50.0,7000.0,7000.0,8
990,CM61-BEAD-WV-482494,WV,14163135.55,164.0,59.0,83.0,L,True,1226,5,50.0,7000.0,7000.0,8
991,CM61-BEAD-WV-487057,WV,15450.54,1.0,1.0,83.0,L,True,62,2,50.0,7000.0,7000.0,8
992,CM61-BEAD-WV-487056,WV,3327081.54,36.0,15.0,83.0,L,True,466,12,50.0,7000.0,7000.0,8
993,CM61-BEAD-WV-482526,WV,5056547.96,87.0,21.0,83.0,L,True,1032,16,50.0,7000.0,7000.0,8
994,CM61-BEAD-WV-482524,WV,4266598.63,45.0,28.0,83.0,L,True,342,0,50.0,7000.0,7000.0,8
995,CM61-BEAD-WV-482522,WV,7510664.29,104.0,23.0,83.0,L,True,601,6,50.0,7000.0,7000.0,8
996,CM61-BEAD-WV-487058,WV,13512095.88,145.0,47.0,0.0,L,True,1084,40,50.0,7000.0,7000.0,8
997,CM61-BEAD-WV-888892,WV,287577.72,2.0,3.0,83.0,L,True,465,36,50.0,7000.0,7000.0,8
998,CM61-BEAD-WV-485923,WV,1259562.65,16.0,5.0,83.0,L,True,102,23,50.0,7000.0,7000.0,8
999,CM61-BEAD-WV-482550,WV,1086023.96,21.0,0.0,83.0,L,True,129,22,50.0,7000.0,7000.0,8
1000,CM61-BEAD-WV-482553,WV,8150162.82,111.0,33.0,83.0,L,True,870,14,50.0,7000.0,7000.0,8
1001,CM61-BEAD-WV-487062,WV,1234785.05,17.0,13.0,83.0,L,True,279,5,50.0,7000.0,7000.0,8
1002,CM61-BEAD-WV-9999784,WV,1364003.0,17.0,2.0,0.0,L,True,110,0,50.0,7000.0,7000.0,8
1003,CM61-BEAD-WV-888893,WV,2714892.58,2.0,17.0,83.0,L,True,126,2,50.0,7000.0,7000.0,8
1004,CM61-BEAD-WV-487073,WV,217374.37,2.0,1.0,83.0,L,True,264,8,50.0,7000.0,7000.0,8
1005,CM61-BEAD-WV-487075,WV,6930415.88,64.0,24.0,83.0,L,True,1318,13,50.0,7000.0,7000.0,8
1006,CM61-BEAD-WV-9999801,WV,1220925.0,21.0,0.0,2.0,L,True,500,22,50.0,2000.0,2000.0,8
1007,CM61-BEAD-WV-9999802,WV,1675935.0,41.0,0.0,2.0,L,True,271,24,50.0,2000.0,2000.0,8
1008,CM61-BEAD-WV-9999800,WV,869625.0,18.0,0.0,2.0,L,True,158,32,50.0,2000.0,2000.0,8
1009,CM61-BEAD-WV-487779,WV,15896250.0,262.0,8.0,8.0,L,True,1998,48,50.0,2000.0,2000.0,8
1010,CM61-BEAD-WV-9999805,WV,569493.75,5.0,0.0,2.0,L,True,189,5,50.0,2000.0,2000.0,8
1011,CM61-BEAD-WV-9999806,WV,1306785.0,35.0,0.0,2.0,L,True,316,4,50.0,2000.0,2000.0,8
1012,CM61-BEAD-WV-9999701,WV,19875.0,0.0,0.0,0.0,L,True,2,1,50.0,2000.0,2000.0,8
1013,CM61-BEAD-WV-9999803,WV,1437381.25,51.0,0.0,2.0,L,True,115,9,50.0,2000.0,2000.0,8
1014,CM61-BEAD-WV-481690,WV,2201095.19,21.0,0.0,0.0,L,True,266,2,50.0,106.76691729323308,27.36842105263158,8
1015,CM61-BEAD-WV-481692,WV,41787801.69,698.0,22.0,8.0,L,True,4920,56,50.0,110.24390243902442,31.154471544715456,8
1016,CM61-BEAD-WV-481696,WV,5324729.25,118.0,2.0,5.0,L,True,449,46,50.0,192.20489977728292,120.40089086859689,8
1017,CM61-BEAD-WV-483381,WV,388938.33,7.0,0.0,6.0,L,True,236,3,50.0,1000.0,1000.0,8
1018,CM61-BEAD-WV-486227,WV,18372652.5,366.0,2.0,13.0,L,True,1593,30,50.0,1000.0,1000.0,8
1019,CM61-BEAD-WV-483378,WV,2674884.0,59.0,0.0,6.0,L,True,388,1,50.0,1000.0,1000.0,8
1020,CM61-BEAD-WV-504143,WV,15624.3,0.0,0.0,0.0,L,False,10,0,61.0,450.0,55.0,8
1021,CM61-BEAD-WV-504154,WV,1471728.59,0.0,0.0,0.0,L,False,913,0,61.0,450.0,55.0,8
1022,CM61-BEAD-WV-504171,WV,8237.7,0.0,0.0,0.0,L,False,5,0,61.0,450.0,55.0,8
1023,CM61-BEAD-WV-504182,WV,43615.32,0.0,0.0,0.0,L,False,28,0,61.0,450.0,55.0,8
1024,CM61-BEAD-WV-504190,WV,47464.1,0.0,0.0,0.0,L,False,31,0,61.0,450.0,55.0,8
1025,CM61-BEAD-WV-504193,WV,210774.15,0.0,0.0,0.0,L,False,135,0,61.0,450.0,55.0,8
1026,CM61-BEAD-WV-504204,WV,33222.0,0.0,0.0,0.0,L,False,21,0,61.0,450.0,55.0,8
1027,CM61-BEAD-WV-504209,WV,22129.51,0.0,0.0,0.0,L,False,13,0,61.0,450.0,55.0,8
1028,CM61-BEAD-WV-504220,WV,10619.63,0.0,0.0,0.0,L,False,7,0,61.0,450.0,55.0,8
1029,CM61-BEAD-WV-504170,WV,14189.4,0.0,0.0,0.0,L,False,9,0,61.0,450.0,55.0,8
1030,CM61-BEAD-WV-504181,WV,66856.65,0.0,0.0,0.0,L,False,41,0,61.0,450.0,55.0,8
1031,CM61-BEAD-WV-504189,WV,19731.86,0.0,0.0,0.0,L,False,12,0,61.0,450.0,55.0,8
1032,CM61-BEAD-WV-504211,WV,1633.8,0.0,0.0,0.0,L,False,1,0,61.0,450.0,55.0,8
1033,CM61-BEAD-WV-504213,WV,1628.7,0.0,0.0,0.0,L,False,1,0,61.0,450.0,55.0,8
1034,CM61-BEAD-WV-504227,WV,1569.77,0.0,0.0,0.0,L,False,1,0,61.0,450.0,55.0,8
1035,CM61-BEAD-WV-504158,WV,45848.6,0.0,0.0,0.0,L,False,28,0,61.0,450.0,55.0,8
1036,CM61-BEAD-WV-504169,WV,16260.3,0.0,0.0,0.0,L,False,10,0,61.0,450.0,55.0,8
1037,CM61-BEAD-WV-504186,WV,66324.3,0.0,0.0,0.0,L,False,42,0,61.0,450.0,55.0,8
1038,CM61-BEAD-WV-504187,WV,38650.25,0.0,0.0,0.0,L,False,25,0,61.0,450.0,55.0,8
1039,CM61-BEAD-WV-504201,WV,43659.93,0.0,0.0,0.0,L,False,29,0,61.0,450.0,55.0,8
1040,CM61-BEAD-WV-504202,WV,4610.58,0.0,0.0,0.0,L,False,3,0,61.0,450.0,55.0,8
1041,CM61-BEAD-WV-504210,WV,3110.22,0.0,0.0,0.0,L,False,2,0,61.0,450.0,55.0,8
1042,CM61-BEAD-WV-504161,WV,27254.2,0.0,0.0,0.0,L,False,18,0,61.0,450.0,55.0,8
1043,CM61-BEAD-WV-504165,WV,10500.0,0.0,0.0,0.0,L,False,7,0,61.0,450.0,55.0,8
1044,CM61-BEAD-WV-504172,WV,55234.55,0.0,0.0,0.0,L,False,35,0,61.0,450.0,55.0,8
1045,CM61-BEAD-WV-504177,WV,19733.870000000003,0.0,0.0,0.0,L,False,13,0,61.0,450.0,55.0,8
1046,CM61-BEAD-WV-504191,WV,73674.08,0.0,0.0,0.0,L,False,47,0,61.0,450.0,55.0,8
1047,CM61-BEAD-WV-504192,WV,170375.91,0.0,0.0,0.0,L,False,63,0,61.0,450.0,55.0,8
1048,CM61-BEAD-WV-504203,WV,21546.14,0.0,0.0,0.0,L,False,14,0,61.0,450.0,55.0,8
1049,CM61-BEAD-WV-504205,WV,829589.0900000001,0.0,0.0,0.0,L,False,498,0,61.0,450.0,55.0,8
1050,CM61-BEAD-WV-504215,WV,1658753.6,0.0,0.0,0.0,L,False,1058,0,61.0,450.0,55.0,8
1051,CM61-BEAD-WV-504217,WV,1613.98,0.0,0.0,0.0,L,False,1,0,61.0,450.0,55.0,8
1052,CM61-BEAD-WV-504224,WV,186621.96,0.0,0.0,0.0,L,False,116,0,61.0,450.0,55.0,8
1053,CM61-BEAD-WV-504225,WV,5499.99,0.0,0.0,0.0,L,False,3,0,61.0,450.0,55.0,8
1054,CM61-BEAD-WV-504236,WV,10749.41,0.0,0.0,0.0,L,False,7,0,61.0,450.0,55.0,8
1055,CM61-BEAD-WV-504258,WV,16891.93,0.0,0.0,0.0,L,False,11,0,61.0,450.0,55.0,8
1056,CM61-BEAD-WV-504312,WV,15892.9,0.0,0.0,0.0,L,False,10,0,61.0,450.0,55.0,8
1057,CM61-BEAD-WV-504281,WV,394500.0,0.0,0.0,0.0,L,False,251,0,61.0,450.0,55.0,8
1058,CM61-BEAD-WV-504283,WV,46804.93,0.0,0.0,0.0,L,False,31,0,61.0,450.0,55.0,8
1059,CM61-BEAD-WV-504311,WV,53542.26,0.0,0.0,0.0,L,False,35,0,61.0,450.0,55.0,8
1060,CM61-BEAD-WV-504313,WV,26385.36,0.0,0.0,0.0,L,False,17,0,61.0,450.0,55.0,8
1061,CM61-BEAD-WV-504314,WV,3000.0,0.0,0.0,0.0,L,False,1,0,61.0,450.0,55.0,8
1062,CM61-BEAD-WV-504315,WV,610266.29,0.0,0.0,0.0,L,False,352,0,61.0,450.0,55.0,8
1063,CM61-BEAD-WV-504295,WV,192000.0,0.0,0.0,0.0,L,False,127,0,61.0,450.0,55.0,8
1064,CM61-BEAD-WV-504228,WV,28588.24,0.0,0.0,0.0,L,False,18,0,61.0,450.0,55.0,8
1065,CM61-BEAD-WV-504160,WV,84000.0,0.0,0.0,0.0,L,False,53,0,61.0,450.0,55.0,8
1066,CM61-BEAD-WV-504131,WV,144000.0,0.0,0.0,0.0,L,False,94,0,61.0,450.0,55.0,8
1067,CM61-BEAD-WV-504221,WV,18271.56,0.0,0.0,0.0,L,False,12,0,61.0,450.0,55.0,8
1068,CM61-BEAD-WV-504273,WV,259476.57,0.0,0.0,0.0,L,False,437,0,61.0,450.0,55.0,8
1069,CM61-BEAD-MT-4644,MT,14974200.0,0.0,0.0,0.0,L,False,24957,0,61.0,400.0,50.0,16
1070,CM61-BEAD-MT-4655,MT,26234612.0,0.0,159.0,0.0,L,True,3748,24,50.0,1751.9861259338338,1661.1024546424785,16
1071,CM61-BEAD-MT-4654,MT,92428300.0,0.0,731.0,25.0,L,True,6555,60,50.0,4616.0183066361615,4521.861174675834,16
1072,CM61-BEAD-MT-4685,MT,2023515.0,0.0,15.0,4.0,L,False,135,0,71.0,282.7629629629629,97.0,16
1073,CM61-BEAD-MT-4669,MT,31008075.0,0.0,0.0,0.0,L,False,18705,0,61.0,450.0,55.0,16
1074,CM61-BEAD-MT-4657,MT,10196154.0,0.0,82.0,8.0,L,True,1289,14,71.0,4122.187742436002,4016.0589604344477,16
1075,CM61-BEAD-MT-4658,MT,8523919.0,0.0,20.0,8.0,L,True,1165,43,71.0,380.8729613733906,147.12961373390561,16
1076,CM61-BEAD-MT-4648,MT,6813095.0,0.0,40.0,4.0,L,False,458,0,71.0,288.1484716157208,96.42794759825338,16
1077,CM61-BEAD-MT-4673,MT,3148600.0,7.0,55.0,3.0,L,True,380,1,50.0,2000.0,2000.0,16
1078,CM61-BEAD-MT-4672,MT,620925.0,0.0,5.0,3.0,L,True,83,0,50.0,2000.0,2000.0,16
1079,CM61-BEAD-MT-4670,MT,218500.0,0.0,5.0,3.0,L,True,21,2,50.0,2000.0,2000.0,16
1080,CM61-BEAD-MT-4662,MT,1687140.0,0.0,24.0,3.0,L,True,200,0,50.0,2000.0,2000.0,16
1081,CM61-BEAD-MT-4677,MT,770603.0,0.0,10.0,0.0,L,True,70,0,50.0,200.0,1000.0,16
1082,CM61-BEAD-MT-4679,MT,4600623.0,1.0,110.0,11.0,L,True,1164,10,50.0,2564.432989690721,2564.432989690721,16
1083,CM61-BEAD-MT-4651,MT,1000000.0,0.0,18.0,1.0,L,True,132,0,50.0,2000.0,2000.0,16
1084,CM61-BEAD-MT-4686,MT,1758075.0,0.0,61.0,0.0,L,True,120,0,50.0,2000.0,2000.0,16
1085,CM61-BEAD-MT-4668,MT,2356969.0,0.0,17.0,0.0,L,True,184,0,50.0,2000.0,2000.0,16
1086,CM61-BEAD-MT-4675,MT,1348584.0,0.0,3.0,0.0,L,False,217,0,72.0,187.55760368663593,569.1244239631335,16
1087,CM61-BEAD-MT-4661,MT,8960175.0,0.0,92.0,3.0,L,True,898,4,50.0,1000.0,1000.0,16
1088,CM61-BEAD-MT-4693,MT,2468674.0,7.0,17.0,0.0,L,True,171,0,50.0,1000.0,1000.0,16
1089,CM61-BEAD-MT-4692,MT,19159362.0,78.0,182.0,0.0,L,True,1483,0,50.0,1000.0,1000.0,16
1090,CM61-BEAD-MT-4691,MT,2162620.0,13.0,13.0,0.0,L,True,283,0,50.0,1000.0,1000.0,16
1091,CM61-BEAD-MT-4689,MT,3478221.0,21.0,21.0,0.0,L,True,442,0,50.0,1000.0,1000.0,16
1092,CM61-BEAD-MT-4645,MT,599573.0,0.0,0.0,0.0,L,True,388,0,71.0,100.0,20.0,16
1093,CM61-BEAD-MT-4256,MT,7807654.0,0.0,0.0,0.0,L,False,561,0,71.0,296.951871657754,95.39572192513364,16
1094,CM61-BEAD-MT-4261,MT,43394500.0,0.0,0.0,0.0,L,False,2894,0,71.0,257.5279889426401,95.76053904630261,16
1095,CM61-BEAD-MT-4246,MT,828823.0,2.0,0.0,0.0,L,False,759,1,72.0,118.97233201581028,40.65876152832675,16
1096,CM61-BEAD-MT-4218,MT,1823196.0,59.0,60.0,0.0,L,True,686,0,50.0,1000.0,1000.0,16
1097,CM61-BEAD-MT-4206,MT,2234435.0,72.0,283.0,0.0,L,True,214,0,50.0,4956.074766355141,4956.074766355141,16
1098,CM61-BEAD-MT-4149,MT,331803.0,0.0,9.0,4.0,L,True,36,0,50.0,1000.0,1000.0,16
1099,CM61-BEAD-MT-4212,MT,692479.0,0.0,23.0,4.0,L,True,79,3,50.0,1000.0,1000.0,16
1100,CM61-BEAD-MT-4678,MT,33124.0,0.0,1.0,0.0,C,True,21,21,50.0,1000.0,1000.0,16
1101,CM61-BEAD-PA-202507314953,PA,17229.0,14.7,0.0,0.0,L,True,12,0,50.0,1000.0,1000.0,15
1102,CM61-BEAD-PA-202507314915,PA,11057400.0,0.0,0.0,26.0,L,False,18431,0,61.0,250.4261298898602,100.7109760729204,15
1103,CM61-BEAD-PA-202508015062,PA,3772466.0,94.06,5.0,15.0,L,True,637,1,50.0,1000.0,1000.0,15
1104,CM61-BEAD-PA-202508014982,PA,9948038.0,186.08,9.79,10.0,L,True,1200,0,50.0,1000.0,1000.0,15
1105,CM61-BEAD-PA-202508014983,PA,3350466.0,80.47,4.24,10.0,L,True,614,43,50.0,1000.0,1000.0,15
1106,CM61-BEAD-PA-202508014980,PA,1283038.0,47.39,2.49,10.0,L,True,248,4,50.0,1000.0,1000.0,15
1107,CM61-BEAD-PA-202508014981,PA,5316667.0,158.95,8.37,10.0,L,True,1363,74,50.0,1000.0,1000.0,15
1108,CM61-BEAD-PA-202507314813,PA,73559820.0,1625.0,0.0,25.0,L,True,6457,26,50.0,1000.0,1000.0,15
1109,CM61-BEAD-PA-202507314838,PA,10298757.0,590.0,35.0,11.0,L,True,1861,6,50.0,1000.0,1000.0,15
1110,CM61-BEAD-PA-202508014967,PA,9041362.0,105.7,0.0,43.0,L,True,1247,8,50.0,1000.0,1000.0,15
1111,CM61-BEAD-PA-202508015084,PA,8630082.0,122.0,31.5,5.0,L,True,446,38,50.0,1000.0,1000.0,15
1112,CM61-BEAD-PA-202508015107,PA,35642094.0,468.8,150.5,5.0,L,True,1908,32,50.0,1000.0,1000.0,15
1113,CM61-BEAD-PA-202508015067,PA,10513240.0,142.6,31.8,5.0,L,True,585,9,50.0,1000.0,1000.0,15
1114,CM61-BEAD-PA-202508015127,PA,25693852.0,394.7,108.1,5.0,L,True,1473,15,50.0,1000.0,1000.0,15
1115,CM61-BEAD-PA-202508015123,PA,16134418.0,214.6,60.7,5.0,L,True,951,17,50.0,1000.0,1000.0,15
1116,CM61-BEAD-PA-202508015089,PA,8848438.0,126.1,51.9,5.0,L,True,524,5,50.0,1000.0,1000.0,15
1117,CM61-BEAD-PA-202508015073,PA,3885581.0,26.6,6.8,5.0,L,True,238,0,50.0,1000.0,1000.0,15
1118,CM61-BEAD-PA-202508015092,PA,275596.0,3.1,1.0,5.0,L,True,25,2,50.0,1000.0,1000.0,15
1119,CM61-BEAD-PA-202508015085,PA,8478749.0,87.0,32.3,5.0,L,True,617,12,40.0,1000.0,1000.0,15
1120,CM61-BEAD-PA-202508015004,PA,13953925.0,306.3,55.9,5.0,L,True,1031,21,50.0,1000.0,1000.0,15
1121,CM61-BEAD-PA-202508015028,PA,1160853.0,22.3,7.8,5.0,L,True,86,7,50.0,1000.0,1000.0,15
1122,CM61-BEAD-PA-202508015024,PA,9443552.0,125.0,19.2,5.0,L,True,706,90,40.0,1000.0,1000.0,15
1123,CM61-BEAD-PA-202508015015,PA,5290038.0,143.2,23.2,5.0,L,True,421,25,50.0,1000.0,1000.0,15
1124,CM61-BEAD-PA-202508014997,PA,25598763.0,581.3,100.8,5.0,L,True,2103,216,50.0,1000.0,1000.0,15
1125,CM61-BEAD-PA-202508015018,PA,11180677.0,158.4,32.6,5.0,L,True,934,138,40.0,1000.0,1000.0,15
1126,CM61-BEAD-PA-202508015128,PA,17183030.0,34.0,4.0,5.0,L,True,1639,66,50.0,1000.0,1000.0,15
1127,CM61-BEAD-PA-202508015008,PA,8593191.0,114.2,43.1,5.0,L,True,864,44,50.0,1000.0,1000.0,15
1128,CM61-BEAD-PA-202508015076,PA,5669470.0,56.0,23.0,5.0,L,True,601,0,50.0,1000.0,1000.0,15
1129,CM61-BEAD-PA-202508015081,PA,169895.0,6.1,0.3,5.0,L,True,18,4,50.0,1000.0,1000.0,15
1130,CM61-BEAD-PA-202508015007,PA,1308379.0,28.6,5.9,5.0,L,True,166,6,40.0,1000.0,1000.0,15
1131,CM61-BEAD-PA-202508015090,PA,4865848.0,229.7,83.0,5.0,L,True,881,16,50.0,1000.0,1000.0,15
1132,CM61-BEAD-PA-202508015079,PA,362020.0,27.0,11.2,5.0,L,True,72,0,50.0,1000.0,1000.0,15
1133,CM61-BEAD-PA-202508015101,PA,969990.0,19.8,4.4,5.0,L,True,194,51,50.0,1000.0,1000.0,15
1134,CM61-BEAD-PA-202508014995,PA,3867481.0,108.4,33.3,5.0,L,True,1128,550,40.0,1000.0,1000.0,15
1135,CM61-BEAD-PA-202508015068,PA,0.0,15.3,2.3,5.0,L,True,204,108,40.0,1000.0,1000.0,15
1136,CM61-BEAD-PA-202508015078,PA,0.0,90.2,18.1,5.0,L,True,1664,21,50.0,1000.0,1000.0,15
1137,CM61-BEAD-PA-202508015095,PA,0.0,67.1,10.0,5.0,L,True,709,183,40.0,1000.0,1000.0,15
1138,CM61-BEAD-PA-202508015106,PA,0.0,18.2,14.2,5.0,L,True,426,258,40.0,1000.0,1000.0,15
1139,CM61-BEAD-PA-202508015113,PA,0.0,28.9,12.4,5.0,L,True,57,1,50.0,1000.0,1000.0,15
1140,CM61-BEAD-PA-202507314932,PA,1583096.0,19.0,2.0,1.0,L,True,97,1,50.0,1000.0,1000.0,15
1141,CM61-BEAD-PA-202507314933,PA,2588978.0,54.0,2.0,1.0,L,True,266,0,50.0,1000.0,1000.0,15
1142,CM61-BEAD-PA-202507314931,PA,3679891.0,98.0,7.0,2.0,L,True,393,0,50.0,1000.0,1000.0,15
1143,CM61-BEAD-PA-202507314939,PA,6385156.0,90.0,14.0,1.0,L,True,740,3,50.0,1000.0,1000.0,15
1144,CM61-BEAD-PA-202507314930,PA,8203049.0,43.0,25.0,2.0,L,True,1000,6,50.0,1000.0,1000.0,15
1145,CM61-BEAD-PA-202507314935,PA,1549207.0,42.0,4.0,1.0,L,True,216,1,50.0,1000.0,1000.0,15
1146,CM61-BEAD-PA-202507314938,PA,477202.0,9.0,1.0,1.0,L,True,77,0,50.0,1000.0,1000.0,15
1147,CM61-BEAD-PA-202507314929,PA,5651096.0,59.0,9.0,2.0,L,True,1108,12,50.0,1000.0,1000.0,15
1148,CM61-BEAD-PA-202507314947,PA,3356950.0,99.0,14.0,5.0,L,True,274,4,50.0,1000.0,1000.0,15
1149,CM61-BEAD-PA-202507314944,PA,10133.0,136.0,19.0,1.0,L,True,1,0,50.0,1000.0,1000.0,15
1150,CM61-BEAD-PA-202507314954,PA,1343950.0,34.0,9.0,2.0,L,True,235,0,50.0,1000.0,1000.0,15
1151,CM61-BEAD-PA-202507314952,PA,1386472.0,52.0,5.0,2.0,L,True,248,16,50.0,1000.0,1000.0,15
1152,CM61-BEAD-PA-202507314941,PA,802953.0,35.0,3.0,2.0,L,True,146,2,50.0,1000.0,1000.0,15
1153,CM61-BEAD-PA-202507314937,PA,8850921.0,335.0,33.0,15.0,L,True,1769,14,50.0,1000.0,1000.0,15
1154,CM61-BEAD-PA-202507314951,PA,314651.0,7.0,6.0,2.0,L,True,64,0,50.0,1000.0,1000.0,15
1155,CM61-BEAD-PA-202507314950,PA,606680.0,22.0,2.0,2.0,L,True,129,0,50.0,1000.0,1000.0,15
1156,CM61-BEAD-PA-202507314955,PA,3645691.0,172.0,40.0,10.0,L,True,797,4,50.0,1000.0,1000.0,15
1157,CM61-BEAD-PA-202507314949,PA,8071771.0,270.0,44.0,15.0,L,True,1830,1,50.0,1000.0,1000.0,15
1158,CM61-BEAD-PA-202507314946,PA,1164293.0,41.0,11.0,5.0,L,True,280,10,50.0,1000.0,1000.0,15
1159,CM61-BEAD-PA-202507314948,PA,10075307.0,559.0,84.0,15.0,L,True,2909,8,50.0,1000.0,1000.0,15
1160,CM61-BEAD-PA-202507314940,PA,455566.0,290.0,82.0,20.0,L,True,75,4,50.0,1000.0,1000.0,15
1161,CM61-BEAD-PA-202507314945,PA,1733684.0,15.0,5.0,3.0,L,True,366,1,50.0,1000.0,1000.0,15
1162,CM61-BEAD-PA-202508015109,PA,1074372.0,27.37,11.72,0.0,L,True,136,1,50.0,1000.0,1000.0,15
1163,CM61-BEAD-PA-202507314739,PA,90640683.0,1867.0,365.0,392.0,L,True,10327,52,50.0,1000.0,1000.0,15
1164,CM61-BEAD-PA-202508015082,PA,4552859.0,0.0,0.0,7.0,L,True,468,0,72.0,699.0,249.0,15
1165,CM61-BEAD-PA-202508015091,PA,1399601.0,0.0,0.0,5.0,L,True,215,0,72.0,699.0,249.0,15
1166,CM61-BEAD-PA-202508015042,PA,64864359.0,1450.0,415.0,100.0,L,True,10730,89,50.0,1000.0,1000.0,15
1167,CM61-BEAD-PA-202508015149,PA,19383598.0,1132.0,126.0,100.0,L,True,3862,11,50.0,1000.0,1000.0,15
1168,CM61-BEAD-PA-202502074251,PA,5545296.0,0.0,0.0,31.0,L,True,2382,0,72.0,1000.0,100.0,15
1169,CM61-BEAD-PA-202502074258,PA,2004660.0,0.0,0.0,21.0,L,True,774,0,72.0,1000.0,100.0,15
1170,CM61-BEAD-PA-202502074254,PA,12397616.0,0.0,0.0,47.0,L,True,5105,0,72.0,1000.0,100.0,15
1171,CM61-BEAD-PA-202502074255,PA,10143250.0,0.0,0.0,43.0,L,True,3251,0,72.0,1000.0,100.0,15
1172,CM61-BEAD-PA-202502074260,PA,3772520.0,0.0,0.0,21.0,L,True,1480,0,72.0,1000.0,100.0,15
1173,CM61-BEAD-PA-202502074247,PA,3645132.0,0.0,0.0,25.0,L,True,1394,42,72.0,1000.0,127.11621233859398,15
1174,CM61-BEAD-PA-202502074264,PA,2170740.0,0.0,0.0,20.0,L,True,897,3,72.0,1000.0,103.01003344481605,15
1175,CM61-BEAD-PA-202508015037,PA,4281461.0,0.0,84.0,25.0,L,True,629,0,50.0,1000.0,1000.0,15
1176,CM61-BEAD-PA-202507314910,PA,8213102.0,0.0,0.0,0.0,L,False,4863,0,61.0,255.33168825827698,106.59633970799902,15
1177,CM61-BEAD-PA-202508015038,PA,1836323.0,0.0,47.0,25.0,L,True,177,1,50.0,1000.0,1000.0,15
1178,CM61-BEAD-PA-202508015034,PA,2694003.0,0.0,71.0,25.0,L,True,274,2,50.0,1000.0,1000.0,15
1179,CM61-BEAD-PA-202508015031,PA,2704952.0,0.0,71.0,25.0,L,True,301,1,50.0,1000.0,1000.0,15
1180,CM61-BEAD-PA-202507314776,PA,1784540.0,0.0,0.0,6.0,L,True,791,0,72.0,249.0,99.0,15
1181,CM61-BEAD-PA-202507314778,PA,724165.0,0.0,0.0,1.0,L,True,380,0,72.0,249.0,99.0,15
1182,CM61-BEAD-PA-202507314683,PA,73529.0,0.0,0.0,2.0,L,True,44,0,72.0,249.0,99.0,15
1183,CM61-BEAD-PA-202502064156,PA,3019333.0,54.0,24.0,0.0,L,True,213,0,50.0,940.0,880.0,15
1184,CM61-BEAD-PA-202502064176,PA,887981.0,15.0,3.0,0.0,L,True,115,0,50.0,940.0,880.0,15
1185,CM61-BEAD-PA-202508015072,PA,3514688.0,57.0,22.0,0.0,L,True,452,1,50.0,1000.0,1000.0,15
1186,CM61-BEAD-PA-202508015126,PA,711936.0,39.0,3.0,0.0,L,True,149,0,50.0,1000.0,1000.0,15
1187,CM61-BEAD-PA-202502064119,PA,157739.0,1.0,4.0,0.0,L,True,52,3,50.0,943.4615384615385,886.9230769230769,15
1188,CM61-BEAD-PA-202508015056,PA,3207839.0,38.0,8.0,0.0,L,True,165,28,50.0,1000.0,1000.0,15
1189,CM61-BEAD-PA-202508015066,PA,1494158.0,34.0,21.0,0.0,L,True,108,6,50.0,1000.0,1000.0,15
1190,CM61-BEAD-PA-202508015135,PA,6295121.0,21.0,13.0,0.0,L,True,456,9,50.0,1000.0,1000.0,15
1191,CM61-BEAD-PA-202502064160,PA,8937021.0,219.0,13.0,0.0,L,True,690,2,50.0,940.1739130434783,880.3478260869565,15
1192,CM61-BEAD-PA-202508015096,PA,2334067.0,77.0,3.0,0.0,L,True,202,67,50.0,1000.0,1000.0,15
1193,CM61-BEAD-PA-202502064133,PA,17659361.0,325.0,56.0,0.0,L,True,1619,4,50.0,940.1482396541074,880.296479308215,15
1194,CM61-BEAD-PA-202508015133,PA,2046489.0,97.0,29.0,0.0,L,True,189,21,50.0,1000.0,1000.0,15
1195,CM61-BEAD-PA-202508015060,PA,7433406.0,122.0,3.0,0.0,L,True,760,3,50.0,1000.0,1000.0,15
1196,CM61-BEAD-PA-202508015061,PA,19885249.0,671.0,60.0,0.0,L,True,2144,11,50.0,1000.0,1000.0,15
1197,CM61-BEAD-PA-202508015063,PA,5923430.0,106.0,21.0,0.0,L,True,657,2,50.0,1000.0,1000.0,15
1198,CM61-BEAD-PA-202508015131,PA,4792341.0,186.0,39.0,0.0,L,True,597,48,50.0,1000.0,1000.0,15
1199,CM61-BEAD-PA-202508015129,PA,3078851.0,139.0,51.0,0.0,L,True,451,37,50.0,1000.0,1000.0,15
1200,CM61-BEAD-PA-202508015058,PA,7348188.0,231.0,32.0,0.0,L,True,1151,9,50.0,1000.0,1000.0,15
1201,CM61-BEAD-PA-202502064130,PA,884387.0,22.0,0.0,0.0,L,True,207,1,50.0,940.2898550724638,880.5797101449275,15
1202,CM61-BEAD-PA-202502064191,PA,2886139.0,168.0,28.0,0.0,L,True,699,1,50.0,940.0858369098712,880.1716738197425,15
1203,CM61-BEAD-PA-202502064187,PA,9188486.0,517.0,43.0,0.0,L,True,2269,6,50.0,940.1586602027326,880.3173204054649,15
1204,CM61-BEAD-PA-202502064164,PA,444070.0,32.0,3.0,0.0,L,True,112,6,50.0,943.2142857142856,886.4285714285714,15
1205,CM61-BEAD-PA-202508015134,PA,4008368.0,172.0,14.0,0.0,L,True,1164,0,50.0,1000.0,1000.0,15
1206,CM61-BEAD-PA-202508015111,PA,1654960.0,82.0,12.0,0.0,L,True,505,0,50.0,1000.0,1000.0,15
1207,CM61-BEAD-PA-202507314800,PA,1727845.0,32.74,0.0,5.0,L,True,188,0,50.0,1000.0,1000.0,15
1208,CM61-BEAD-WA-26-96212-003,WA,3099777.0,148.0,37.0,0.0,L,True,558,0,71.0,164.5161290322581,90.25089605734767,15
1209,CM61-BEAD-WA-26-96212-001,WA,2400.0,0.0,0.0,0.0,L,False,4,0,61.0,150.0,20.0,15
1210,CM61-BEAD-WA-26-96212-004,WA,5237081.0,316.0,79.0,0.0,L,True,419,0,71.0,454.4152744630072,405.91885441527444,15
1211,CM61-BEAD-WA-26-96212-381,WA,12000.0,0.0,0.0,0.0,L,False,15,0,61.0,150.0,20.0,15
1212,CM61-BEAD-WA-26-96212-005,WA,5957400.0,342.0,86.0,0.0,L,True,482,2,71.0,365.14522821576764,308.71369294605813,15
1213,CM61-BEAD-WA-26-96212-382,WA,9536.0,0.0,0.0,0.0,L,False,12,0,61.0,150.0,20.0,15
1214,CM61-BEAD-WA-26-96212-002,WA,1521.0,0.0,0.0,0.0,L,False,1,0,61.0,100.0,20.0,15
1215,CM61-BEAD-WA-26-96212-006,WA,1378125.0,342.0,86.0,0.0,L,True,147,0,50.0,626.530612244898,593.3333333333334,15
1216,CM61-BEAD-WA-26-96212-383,WA,2400.0,0.0,0.0,0.0,L,False,4,0,61.0,150.0,20.0,15
1217,CM61-BEAD-WA-26-96212-051,WA,2215978.0,0.0,0.0,0.0,L,True,756,2,71.0,297.3544973544975,77.31481481481478,15
1218,CM61-BEAD-WA-26-96212-384,WA,7995.0,0.0,0.0,0.0,L,False,5,0,61.0,100.0,20.0,15
1219,CM61-BEAD-WA-26-96212-052,WA,1180563.0,0.0,1.0,0.0,L,True,195,2,70.0,367.1794871794871,99.48717948717947,15
1220,CM61-BEAD-WA-26-96212-385,WA,18439.0,0.0,0.0,0.0,L,False,12,0,61.0,100.0,20.0,15
1221,CM61-BEAD-WA-26-96212-053,WA,2169795.0,0.0,0.0,0.0,L,True,785,0,70.0,303.6942675159235,75.92356687898088,15
1222,CM61-BEAD-WA-26-96212-178,WA,3000.0,0.0,0.0,0.0,L,False,5,0,61.0,150.0,20.0,15
1223,CM61-BEAD-WA-26-96212-007,WA,3253125.0,112.0,28.0,0.0,L,True,347,0,50.0,893.659942363112,884.2074927953893,15
1224,CM61-BEAD-WA-26-96212-179,WA,35153.0,0.0,0.0,0.0,L,False,23,0,61.0,100.0,20.0,15
1225,CM61-BEAD-WA-26-96212-008,WA,3799928.0,134.0,33.0,0.0,L,True,588,0,71.0,297.4489795918366,235.00000000000014,15
1226,CM61-BEAD-WA-26-96212-180,WA,1200.0,0.0,0.0,0.0,L,False,2,0,61.0,150.0,20.0,15
1227,CM61-BEAD-WA-26-96212-009,WA,4284375.0,104.0,26.0,0.0,L,True,457,0,50.0,763.6761487964983,742.6695842450766,15
1228,CM61-BEAD-WA-26-96212-181,WA,6000.0,0.0,0.0,0.0,L,False,10,0,61.0,150.0,20.0,15
1229,CM61-BEAD-WA-26-96212-010,WA,2998123.0,106.0,27.0,0.0,L,True,563,0,71.0,100.0,20.0,15
1230,CM61-BEAD-WA-26-96212-182,WA,31082.0,0.0,0.0,0.0,L,False,20,0,61.0,100.0,20.0,15
1231,CM61-BEAD-WA-26-96212-054,WA,5755276.0,68.0,39.0,0.0,L,True,1257,0,50.0,1000.0,1000.0,15
1232,CM61-BEAD-WA-26-96212-183,WA,10076.0,0.0,0.0,0.0,L,False,6,0,61.0,100.0,20.0,15
1233,CM61-BEAD-WA-26-96212-055,WA,6270844.0,180.0,90.0,0.0,L,True,963,1,72.0,398.1308411214953,344.6313603322951,15
1234,CM61-BEAD-WA-26-96212-184,WA,101488.0,0.0,0.0,0.0,L,False,61,0,61.0,100.0,20.0,15
1235,CM61-BEAD-WA-26-96212-056,WA,5011408.0,46.0,20.0,0.0,L,True,1682,5,50.0,803.0915576694388,785.5885850178358,15
1236,CM61-BEAD-WA-26-96212-185,WA,296284.0,0.0,0.0,0.0,L,False,178,0,61.0,100.0,20.0,15
1237,CM61-BEAD-WA-26-96212-057,WA,4292997.0,54.0,14.0,0.0,L,True,1445,1,50.0,1000.0,1000.0,15
1238,CM61-BEAD-WA-26-96212-186,WA,81979.0,0.0,0.0,0.0,L,False,49,0,61.0,100.0,20.0,15
1239,CM61-BEAD-WA-26-96212-058,WA,3990236.0,30.0,34.0,0.0,L,True,583,0,50.0,708.2332761578035,682.2984562607211,15
1240,CM61-BEAD-WA-26-96212-187,WA,67319.0,0.0,0.0,0.0,L,False,40,0,61.0,100.0,20.0,15
1241,CM61-BEAD-WA-26-96212-059,WA,8221713.0,63.0,63.0,0.0,L,True,1319,0,50.0,954.965883244883,950.9628506444274,15
1242,CM61-BEAD-WA-26-96212-139,WA,23930.0,0.0,0.0,0.0,L,False,14,0,61.0,100.0,20.0,15
1243,CM61-BEAD-WA-26-96212-060,WA,5620952.0,52.0,56.0,0.0,L,True,977,0,50.0,770.6243602865923,750.2354145342894,15
1244,CM61-BEAD-WA-26-96212-189,WA,45338.0,0.0,0.0,0.0,L,False,26,0,61.0,100.0,20.0,15
1245,CM61-BEAD-WA-26-96212-190,WA,1630500.0,0.0,0.0,0.0,L,True,1077,0,61.0,100.0,20.0,15
1246,CM61-BEAD-WA-26-96212-191,WA,1164000.0,0.0,0.0,0.0,L,True,769,0,61.0,100.0,20.0,15
1247,CM61-BEAD-WA-26-96212-188,WA,987000.0,0.0,0.0,0.0,L,True,641,0,61.0,100.0,20.0,15
1248,CM61-BEAD-WA-26-96212-192,WA,376800.0,0.0,0.0,0.0,L,True,628,0,61.0,150.0,20.0,15
1249,CM61-BEAD-WA-26-96212-193,WA,10566.0,0.0,0.0,0.0,L,False,7,0,61.0,100.0,20.0,15
1250,CM61-BEAD-WA-26-96212-080,WA,7364855.0,24.0,24.0,0.0,L,True,827,1,50.0,9989.117291414752,9989.117291414752,15
1251,CM61-BEAD-WA-26-96212-194,WA,886112.0,0.0,0.0,0.0,L,False,587,0,61.0,100.0,20.0,15
1252,CM61-BEAD-WA-26-96212-090,WA,3556766.0,26.0,37.0,0.0,L,True,1347,0,50.0,1000.0,1000.0,15
1253,CM61-BEAD-WA-26-96212-195,WA,102360.0,0.0,0.0,0.0,L,False,68,0,61.0,100.0,20.0,15
1254,CM61-BEAD-WA-26-96212-196,WA,1401000.0,0.0,0.0,0.0,L,True,925,0,61.0,100.0,20.0,15
1255,CM61-BEAD-WA-26-96212-091,WA,4515740.0,24.0,35.0,0.0,L,True,941,0,50.0,1000.0,1000.0,15
1256,CM61-BEAD-WA-26-96212-197,WA,93371.0,0.0,0.0,0.0,L,False,62,0,61.0,100.0,20.0,15
1257,CM61-BEAD-WA-26-96212-011,WA,6037500.0,303.0,76.0,0.0,L,True,644,0,71.0,489.9068322981375,444.5652173913045,15
1258,CM61-BEAD-WA-26-96212-198,WA,62021.0,0.0,0.0,0.0,L,False,36,0,61.0,100.0,20.0,15
1259,CM61-BEAD-WA-26-96212-199,WA,2079000.0,0.0,0.0,0.0,L,True,1375,0,61.0,100.0,20.0,15
1260,CM61-BEAD-WA-26-96212-092,WA,3041119.0,30.0,45.0,0.0,L,True,1021,0,50.0,1000.0,1000.0,15
1261,CM61-BEAD-WA-26-96212-200,WA,135304.0,0.0,0.0,0.0,L,False,89,0,61.0,100.0,20.0,15
1262,CM61-BEAD-WA-26-96212-201,WA,1471500.0,0.0,0.0,0.0,L,True,974,0,61.0,100.0,20.0,15
1263,CM61-BEAD-WA-26-96212-061,WA,8952945.0,46.0,75.0,0.0,L,True,1203,0,50.0,890.7730673316719,881.0640066500414,15
1264,CM61-BEAD-WA-26-96212-202,WA,50181.0,0.0,0.0,0.0,L,False,33,0,61.0,100.0,20.0,15
1265,CM61-BEAD-WA-26-96212-062,WA,5544537.0,80.0,42.0,0.0,L,True,821,0,50.0,728.1364190012179,703.9707673568814,15
1266,CM61-BEAD-WA-26-96212-203,WA,61928.0,0.0,0.0,0.0,L,False,41,0,61.0,100.0,20.0,15
1267,CM61-BEAD-WA-26-96212-012,WA,4603125.0,590.0,148.0,0.0,L,True,491,0,71.0,131.16089613034623,53.93075356415475,15
1268,CM61-BEAD-WA-26-96212-204,WA,10800.0,0.0,0.0,0.0,L,False,18,0,61.0,150.0,20.0,15
1269,CM61-BEAD-WA-26-96212-095,WA,960624.0,0.0,0.0,0.0,L,True,515,0,72.0,100.0,20.0,15
1270,CM61-BEAD-WA-26-96212-205,WA,92974.0,0.0,0.0,0.0,L,False,56,0,61.0,100.0,20.0,15
1271,CM61-BEAD-WA-26-96212-096,WA,4443237.0,144.0,36.0,0.0,L,True,838,0,71.0,244.98806682577572,177.87589498806705,15
1272,CM61-BEAD-WA-26-96212-114,WA,9449150.0,113.0,4.0,0.0,L,True,890,0,50.0,1000.0,1000.0,15
1273,CM61-BEAD-WA-26-96212-206,WA,330747.0,0.0,0.0,0.0,L,False,202,0,61.0,100.0,20.0,15
1274,CM61-BEAD-WA-26-96212-099,WA,1906857.0,90.0,22.0,0.0,L,True,416,0,71.0,164.90384615384627,90.67307692307693,15
1275,CM61-BEAD-WA-26-96212-102,WA,2690904.0,157.0,39.0,0.0,L,True,417,0,71.0,197.12230215827336,125.75539568345319,15
1276,CM61-BEAD-WA-26-96212-207,WA,10200.0,0.0,0.0,0.0,L,False,16,0,61.0,150.0,20.0,15
1277,CM61-BEAD-WA-26-96212-208,WA,1562.0,0.0,0.0,0.0,L,False,1,0,61.0,100.0,20.0,15
1278,CM61-BEAD-WA-26-96212-104,WA,5896804.0,298.0,75.0,0.0,L,True,484,1,71.0,122.31404958677687,44.29752066115701,15
1279,CM61-BEAD-WA-26-96212-209,WA,27916.0,0.0,0.0,0.0,L,False,18,0,61.0,100.0,20.0,15
1280,CM61-BEAD-WA-26-96212-105,WA,6846870.0,251.0,63.0,0.0,L,True,553,1,71.0,524.7739602169978,482.53164556962025,15
1281,CM61-BEAD-WA-26-96212-211,WA,144000.0,0.0,0.0,0.0,L,True,238,0,61.0,150.0,20.0,15
1282,CM61-BEAD-WA-26-96212-210,WA,10372.0,0.0,0.0,0.0,L,False,7,0,61.0,107.14285714285714,20.0,15
1283,CM61-BEAD-WA-26-96212-212,WA,1014000.0,0.0,0.0,0.0,L,True,1689,0,61.0,150.0,20.0,15
1284,CM61-BEAD-WA-26-96212-213,WA,80419.0,0.0,0.0,0.0,L,False,52,0,61.0,100.0,20.0,15
1285,CM61-BEAD-WA-26-96212-214,WA,390000.0,0.0,0.0,0.0,L,True,650,0,61.0,150.0,20.0,15
1286,CM61-BEAD-WA-26-96212-215,WA,58328.0,0.0,0.0,0.0,L,False,37,0,61.0,100.0,20.0,15
1287,CM61-BEAD-WA-26-96212-216,WA,446600.0,0.0,0.0,0.0,L,True,655,0,61.0,150.0,20.0,15
1288,CM61-BEAD-WA-26-96212-217,WA,55007.0,0.0,0.0,0.0,L,False,35,0,61.0,100.0,20.0,15
1289,CM61-BEAD-WA-26-96212-218,WA,943500.0,0.0,0.0,0.0,L,True,573,0,61.0,100.0,20.0,15
1290,CM61-BEAD-WA-26-96212-063,WA,6737952.0,122.0,41.0,0.0,L,True,1043,0,50.0,881.7833173537872,871.275167785234,15
1291,CM61-BEAD-WA-26-96212-219,WA,25800.0,0.0,0.0,0.0,L,False,43,0,61.0,150.0,20.0,15
1292,CM61-BEAD-WA-26-96212-221,WA,14363.0,0.0,0.0,0.0,L,False,9,0,61.0,100.0,20.0,15
1293,CM61-BEAD-WA-26-96212-064,WA,1676620.0,38.0,9.0,0.0,L,True,523,0,50.0,1000.0,1000.0,15
1294,CM61-BEAD-WA-26-96212-222,WA,7800.0,0.0,0.0,0.0,L,False,13,0,61.0,150.0,20.0,15
1295,CM61-BEAD-WA-26-96212-223,WA,1631.0,0.0,0.0,0.0,L,False,1,0,61.0,100.0,20.0,15
1296,CM61-BEAD-WA-26-96212-224,WA,1207500.0,0.0,0.0,0.0,L,True,744,0,61.0,100.0,20.0,15
1297,CM61-BEAD-WA-26-96212-065,WA,3489068.0,48.0,16.0,0.0,L,True,625,0,50.0,1000.0,1000.0,15
1298,CM61-BEAD-WA-26-96212-225,WA,343500.0,0.0,0.0,0.0,L,True,205,0,61.0,100.0,20.0,15
1299,CM61-BEAD-WA-26-96212-115,WA,4788986.0,39.0,39.0,0.0,L,True,913,1,50.0,1000.0,1000.0,15
1300,CM61-BEAD-WA-26-96212-226,WA,150198.0,0.0,0.0,0.0,L,False,88,0,61.0,100.0,20.0,15
1301,CM61-BEAD-WA-26-96212-227,WA,132000.0,0.0,0.0,0.0,L,True,220,0,61.0,150.0,20.0,15
1302,CM61-BEAD-WA-26-96212-116,WA,7725816.0,84.0,59.0,0.0,L,True,1427,1,50.0,1000.0,1000.0,15
1303,CM61-BEAD-WA-26-96212-229,WA,76938.0,0.0,0.0,0.0,L,False,49,0,61.0,100.0,20.0,15
1304,CM61-BEAD-WA-26-96212-117,WA,5360863.0,83.0,23.0,0.0,L,True,898,0,50.0,920.8240534521155,913.7861915367479,15
1305,CM61-BEAD-WA-26-96212-230,WA,35511.0,0.0,0.0,0.0,L,False,22,0,61.0,100.0,20.0,15
1306,CM61-BEAD-WA-26-96212-118,WA,3582463.0,22.0,15.0,0.0,L,True,551,0,72.0,532.8493647912885,491.3248638838472,15
1307,CM61-BEAD-WA-26-96212-231,WA,14400.0,0.0,0.0,0.0,L,False,24,0,61.0,150.0,20.0,15
1308,CM61-BEAD-WA-26-96212-232,WA,3192.0,0.0,0.0,0.0,L,False,2,0,61.0,100.0,20.0,15
1309,CM61-BEAD-WA-26-96212-233,WA,1609500.0,0.0,0.0,0.0,L,True,1016,0,61.0,100.0,20.0,15
1310,CM61-BEAD-WA-26-96212-234,WA,411000.0,0.0,0.0,0.0,L,True,685,0,61.0,150.0,20.0,15
1311,CM61-BEAD-WA-26-96212-235,WA,39085.0,0.0,0.0,0.0,L,False,25,0,61.0,100.0,20.0,15
1312,CM61-BEAD-WA-26-96212-228,WA,38656.0,0.0,0.0,0.0,L,False,24,0,61.0,100.0,20.0,15
1313,CM61-BEAD-WA-26-96212-386,WA,569400.0,0.0,0.0,0.0,L,True,949,0,61.0,150.0,20.0,15
1314,CM61-BEAD-WA-26-96212-119,WA,4126504.0,13.0,21.0,0.0,L,True,602,0,50.0,674.0863787375415,645.1162790697675,15
1315,CM61-BEAD-WA-26-96212-238,WA,57009.0,0.0,0.0,0.0,L,False,32,0,61.0,100.0,20.0,15
1316,CM61-BEAD-WA-26-96212-237,WA,20088.0,0.0,0.0,0.0,L,False,13,0,61.0,100.0,20.0,15
1317,CM61-BEAD-WA-26-96212-236,WA,42600.0,0.0,0.0,0.0,L,True,71,0,61.0,150.0,20.0,15
1318,CM61-BEAD-WA-26-96212-239,WA,1321500.0,0.0,0.0,0.0,L,True,821,0,61.0,100.0,20.0,15
1319,CM61-BEAD-WA-26-96212-240,WA,546000.0,0.0,0.0,0.0,L,True,347,0,61.0,100.0,20.0,15
1320,CM61-BEAD-WA-26-96212-120,WA,2455165.0,24.0,4.0,0.0,L,True,327,0,50.0,1000.0,1000.0,15
1321,CM61-BEAD-WA-26-96212-241,WA,689395.0,0.0,0.0,0.0,L,False,417,0,61.0,100.0,20.0,15
1322,CM61-BEAD-WA-26-96212-121,WA,2495422.0,30.0,3.0,0.0,L,True,316,0,50.0,1000.0,1000.0,15
1323,CM61-BEAD-WA-26-96212-242,WA,705763.0,0.0,0.0,0.0,L,False,423,0,61.0,100.0,20.0,15
1324,CM61-BEAD-WA-26-96212-122,WA,2942000.0,14.0,18.0,0.0,L,True,700,0,50.0,1000.0,1000.0,15
1325,CM61-BEAD-WA-26-96212-243,WA,67800.0,0.0,0.0,0.0,L,False,113,0,61.0,150.0,20.0,15
1326,CM61-BEAD-WA-26-96212-244,WA,42812.0,0.0,0.0,0.0,L,False,26,0,61.0,100.0,20.0,15
1327,CM61-BEAD-WA-26-96212-245,WA,137400.0,0.0,0.0,0.0,L,True,229,0,61.0,150.0,20.0,15
1328,CM61-BEAD-WA-26-96212-246,WA,37992.0,0.0,0.0,0.0,L,False,24,0,61.0,100.0,20.0,15
1329,CM61-BEAD-WA-26-96212-123,WA,1820638.0,19.0,7.0,0.0,L,True,766,0,50.0,1000.0,1000.0,15
1330,CM61-BEAD-WA-26-96212-247,WA,14650.0,0.0,0.0,0.0,L,False,9,0,61.0,100.0,20.0,15
1331,CM61-BEAD-WA-26-96212-124,WA,1716006.0,14.0,8.0,0.0,L,True,722,0,50.0,1000.0,1000.0,15
1332,CM61-BEAD-WA-26-96212-248,WA,29335.0,0.0,0.0,0.0,L,False,18,0,61.0,100.0,20.0,15
1333,CM61-BEAD-WA-26-96212-125,WA,2282497.0,33.0,9.0,0.0,L,True,763,0,50.0,1000.0,1000.0,15
1334,CM61-BEAD-WA-26-96212-249,WA,130676.0,0.0,0.0,0.0,L,False,80,0,61.0,100.0,20.0,15
1335,CM61-BEAD-WA-26-96212-171,WA,3945167.0,33.0,3.0,0.0,L,True,845,0,71.0,221.42011834319533,152.2130177514795,15
1336,CM61-BEAD-WA-26-96212-170,WA,2961092.0,12.0,21.0,0.0,L,True,846,0,50.0,714.8936170212766,689.5508274231682,15
1337,CM61-BEAD-WA-26-96212-250,WA,16800.0,0.0,0.0,0.0,L,False,28,0,61.0,150.0,20.0,15
1338,CM61-BEAD-WA-26-96212-127,WA,3619809.0,54.0,20.0,0.0,L,True,838,1,50.0,809.9045346062051,793.0071599045351,15
1339,CM61-BEAD-WA-26-96212-251,WA,36000.0,0.0,0.0,0.0,L,False,24,0,61.0,100.0,20.0,15
1340,CM61-BEAD-WA-26-96212-128,WA,4667329.0,48.0,25.0,0.0,L,True,827,0,71.0,513.5429262394191,470.3022974607015,15
1341,CM61-BEAD-WA-26-96212-252,WA,31463.0,0.0,0.0,0.0,L,False,21,0,61.0,100.0,20.0,15
1342,CM61-BEAD-WA-26-96212-129,WA,4740174.0,45.0,5.0,0.0,L,True,838,0,71.0,429.7136038186157,379.02147971360307,15
1343,CM61-BEAD-WA-26-96212-253,WA,600.0,0.0,0.0,0.0,L,False,1,0,61.0,150.0,20.0,15
1344,CM61-BEAD-WA-26-96212-130,WA,1591668.0,5.0,14.0,0.0,L,True,405,1,71.0,293.3333333333332,230.51851851851842,15
1345,CM61-BEAD-WA-26-96212-131,WA,3156018.0,23.0,3.0,0.0,L,True,410,1,71.0,376.5853658536585,321.17073170731715,15
1346,CM61-BEAD-WA-26-96212-255,WA,49500.0,0.0,0.0,0.0,L,False,33,0,61.0,100.0,20.0,15
1347,CM61-BEAD-WA-26-96212-254,WA,7500.0,0.0,0.0,0.0,L,False,5,0,61.0,100.0,20.0,15
1348,CM61-BEAD-WA-26-96212-256,WA,4589025.0,86.0,21.0,0.0,L,True,737,0,50.0,1000.0,1000.0,15
1349,CM61-BEAD-WA-26-96212-257,WA,727800.0,0.0,0.0,0.0,L,True,1066,0,61.0,150.0,20.0,15
1350,CM61-BEAD-WA-26-96212-258,WA,25877.0,0.0,0.0,0.0,L,False,17,0,61.0,100.0,20.0,15
1351,CM61-BEAD-WA-26-96212-259,WA,1011292.0,0.0,0.0,0.0,L,True,653,0,61.0,100.0,20.0,15
1352,CM61-BEAD-WA-26-96212-260,WA,8687198.0,141.0,35.0,0.0,L,True,858,0,50.0,1000.0,1000.0,15
1353,CM61-BEAD-WA-26-96212-261,WA,401400.0,0.0,0.0,0.0,L,True,669,0,61.0,150.0,20.0,15
1354,CM61-BEAD-WA-26-96212-263,WA,889500.0,0.0,0.0,0.0,L,True,569,0,61.0,100.0,20.0,15
1355,CM61-BEAD-WA-26-96212-132,WA,8919544.0,48.0,37.0,0.0,L,True,1129,2,50.0,1000.0,1000.0,15
1356,CM61-BEAD-WA-26-96212-264,WA,87482.0,0.0,0.0,0.0,L,False,56,0,61.0,100.0,20.0,15
1357,CM61-BEAD-WA-26-96212-133,WA,2799459.0,17.0,6.0,0.0,L,True,401,2,50.0,1000.0,1000.0,15
1358,CM61-BEAD-WA-26-96212-265,WA,4800.0,0.0,0.0,0.0,L,False,8,0,61.0,150.0,20.0,15
1359,CM61-BEAD-WA-26-96212-262,WA,37455.0,0.0,0.0,0.0,L,False,24,0,61.0,100.0,20.0,15
1360,CM61-BEAD-WA-26-96212-134,WA,7867833.0,49.0,19.0,0.0,L,True,1049,3,50.0,1000.0,1000.0,15
1361,CM61-BEAD-WA-26-96212-266,WA,76800.0,0.0,0.0,0.0,L,False,128,0,61.0,150.0,20.0,15
1362,CM61-BEAD-WA-26-96212-267,WA,12345.0,0.0,0.0,0.0,L,False,8,0,61.0,100.0,20.0,15
1363,CM61-BEAD-WA-26-96212-135,WA,7015512.0,72.0,13.0,0.0,L,True,1011,1,50.0,1000.0,1000.0,15
1364,CM61-BEAD-WA-26-96212-268,WA,14123.0,0.0,0.0,0.0,L,False,9,0,61.0,100.0,20.0,15
1365,CM61-BEAD-WA-26-96212-020,WA,8977371.0,201.0,50.0,0.0,L,True,858,1,71.0,108.39160839160839,29.13752913752913,15
1366,CM61-BEAD-WA-26-96212-021,WA,8803808.0,199.0,50.0,0.0,L,True,797,0,71.0,121.45545796737767,43.36260978670011,15
1367,CM61-BEAD-WA-26-96212-269,WA,747.0,0.0,0.0,0.0,L,False,1,0,61.0,150.0,20.0,15
1368,CM61-BEAD-WA-26-96212-013,WA,8906625.0,415.0,104.0,0.0,L,True,754,0,71.0,132.22811671087553,55.0928381962865,15
1369,CM61-BEAD-WA-26-96212-270,WA,5294.0,0.0,0.0,0.0,L,False,7,0,61.0,150.0,20.0,15
1370,CM61-BEAD-WA-26-96212-023,WA,8209534.0,515.0,129.0,0.0,L,True,760,1,71.0,135.52631578947344,58.68421052631573,15
1371,CM61-BEAD-WA-26-96212-272,WA,11105.0,0.0,0.0,0.0,L,False,16,0,61.0,150.0,20.0,15
1372,CM61-BEAD-WA-26-96212-273,WA,315000.0,0.0,0.0,0.0,L,True,525,0,61.0,150.0,20.0,15
1373,CM61-BEAD-WA-26-96212-274,WA,7599.0,0.0,0.0,0.0,L,False,5,0,61.0,100.0,20.0,15
1374,CM61-BEAD-WA-26-96212-275,WA,432000.0,0.0,0.0,0.0,L,True,720,0,61.0,150.0,20.0,15
1375,CM61-BEAD-WA-26-96212-276,WA,18344.0,0.0,0.0,0.0,L,False,12,0,61.0,100.0,20.0,15
1376,CM61-BEAD-WA-26-96212-277,WA,1623000.0,0.0,0.0,0.0,L,True,1031,0,61.0,100.0,20.0,15
1377,CM61-BEAD-WA-26-96212-278,WA,1390500.0,0.0,0.0,0.0,L,True,916,0,61.0,100.0,20.0,15
1378,CM61-BEAD-WA-26-96212-081,WA,2331614.0,0.0,0.0,0.0,L,True,544,0,72.0,500.0,100.0,15
1379,CM61-BEAD-WA-26-96212-279,WA,56198.0,0.0,0.0,0.0,L,False,89,0,61.0,150.0,20.0,15
1380,CM61-BEAD-WA-26-96212-280,WA,4564.0,0.0,0.0,0.0,L,False,3,0,61.0,100.0,20.0,15
1381,CM61-BEAD-WA-26-96212-082,WA,1790370.0,71.0,96.0,0.0,L,True,471,0,72.0,500.0,100.0,15
1382,CM61-BEAD-WA-26-96212-281,WA,121200.0,0.0,0.0,0.0,L,False,202,0,61.0,150.0,20.0,15
1383,CM61-BEAD-WA-26-96212-282,WA,1525.0,0.0,0.0,0.0,L,False,1,0,61.0,100.0,20.0,15
1384,CM61-BEAD-WA-26-96212-024,WA,14077451.0,135.0,134.0,0.0,L,True,1231,0,71.0,380.74735987002424,325.70268074736043,15
1385,CM61-BEAD-WA-26-96212-283,WA,6131.0,0.0,0.0,0.0,L,False,4,0,61.0,100.0,20.0,15
1386,CM61-BEAD-WA-26-96212-083,WA,2211909.0,0.0,0.0,0.0,L,True,494,0,72.0,500.0,100.0,15
1387,CM61-BEAD-WA-26-96212-284,WA,263612.0,0.0,0.0,0.0,L,False,361,0,61.0,150.0,20.0,15
1388,CM61-BEAD-WA-26-96212-084,WA,1399588.0,0.0,0.0,0.0,L,True,433,0,72.0,500.0,100.0,15
1389,CM61-BEAD-WA-26-96212-285,WA,63884.0,0.0,0.0,0.0,L,False,42,0,61.0,100.0,20.0,15
1390,CM61-BEAD-WA-26-96212-025,WA,6215625.0,119.0,30.0,0.0,L,True,664,1,71.0,262.65060240963834,197.10843373493952,15
1391,CM61-BEAD-WA-26-96212-026,WA,4278107.0,106.0,70.0,0.0,L,True,588,0,71.0,502.55102040816314,458.33333333333377,15
1392,CM61-BEAD-WA-26-96212-286,WA,6132.0,0.0,0.0,0.0,L,False,4,0,61.0,100.0,20.0,15
1393,CM61-BEAD-WA-26-96212-085,WA,2972256.0,0.0,0.0,0.0,L,True,896,0,72.0,500.0,100.0,15
1394,CM61-BEAD-WA-26-96212-287,WA,78279.0,0.0,0.0,0.0,L,False,51,0,61.0,100.0,20.0,15
1395,CM61-BEAD-WA-26-96212-086,WA,1624474.0,0.0,0.0,0.0,L,True,458,0,72.0,500.0,100.0,15
1396,CM61-BEAD-WA-26-96212-288,WA,87067.0,0.0,0.0,0.0,L,False,127,0,61.0,150.0,20.0,15
1397,CM61-BEAD-WA-26-96212-289,WA,4599.0,0.0,0.0,0.0,L,False,3,0,61.0,100.0,20.0,15
1398,CM61-BEAD-WA-26-96212-087,WA,1366527.0,0.0,0.0,0.0,L,True,346,0,72.0,500.0,100.0,15
1399,CM61-BEAD-WA-26-96212-290,WA,132825.0,0.0,0.0,0.0,L,False,85,0,61.0,100.0,20.0,15
1400,CM61-BEAD-WA-26-96212-088,WA,2581145.0,0.0,0.0,0.0,L,True,623,0,72.0,500.0,100.0,15
1401,CM61-BEAD-WA-26-96212-291,WA,346995.0,0.0,0.0,0.0,L,False,226,0,61.0,100.0,20.0,15
1402,CM61-BEAD-WA-26-96212-089,WA,1845646.0,0.0,0.0,0.0,L,True,512,1,72.0,500.9765625,101.7578125,15
1403,CM61-BEAD-WA-26-96212-292,WA,179429.0,0.0,0.0,0.0,L,False,120,0,61.0,100.0,20.0,15
1404,CM61-BEAD-WA-26-96212-293,WA,522000.0,0.0,0.0,0.0,L,True,868,0,61.0,150.0,20.0,15
1405,CM61-BEAD-WA-26-96212-294,WA,64022.0,0.0,0.0,0.0,L,False,40,0,61.0,100.0,20.0,15
1406,CM61-BEAD-WA-26-96212-295,WA,276600.0,0.0,0.0,0.0,L,True,461,0,61.0,150.0,20.0,15
1407,CM61-BEAD-WA-26-96212-296,WA,47317.0,0.0,0.0,0.0,L,False,29,0,61.0,100.0,20.0,15
1408,CM61-BEAD-WA-26-96212-027,WA,6223092.0,123.0,31.0,0.0,L,True,1326,0,71.0,173.98190045248896,100.5580693815988,15
1409,CM61-BEAD-WA-26-96212-297,WA,8400.0,0.0,0.0,0.0,L,False,14,0,61.0,150.0,20.0,15
1410,CM61-BEAD-WA-26-96212-136,WA,3764423.0,189.0,1.0,0.0,L,True,865,0,50.0,1000.0,1000.0,15
1411,CM61-BEAD-WA-26-96212-137,WA,2894066.0,131.0,62.0,0.0,L,True,645,0,50.0,1000.0,1000.0,15
1412,CM61-BEAD-WA-26-96212-028,WA,3652856.0,50.0,33.0,0.0,L,True,810,0,71.0,105.55555555555551,26.049382716049397,15
1413,CM61-BEAD-WA-26-96212-138,WA,5746862.0,169.0,41.0,0.0,L,True,1012,0,50.0,1000.0,1000.0,15
1414,CM61-BEAD-WA-26-96212-298,WA,945000.0,0.0,0.0,0.0,L,True,624,0,61.0,100.0,20.0,15
1415,CM61-BEAD-WA-26-96212-299,WA,2272500.0,0.0,0.0,0.0,L,True,1495,0,61.0,100.0,20.0,15
1416,CM61-BEAD-WA-26-96212-066,WA,5743430.0,38.0,50.0,0.0,L,True,933,0,50.0,840.8360128617358,826.688102893891,15
1417,CM61-BEAD-WA-26-96212-300,WA,39407.0,0.0,0.0,0.0,L,False,26,0,61.0,100.0,20.0,15
1418,CM61-BEAD-WA-26-96212-301,WA,1138500.0,0.0,0.0,0.0,L,True,741,0,61.0,100.0,20.0,15
1419,CM61-BEAD-WA-26-96212-067,WA,2785071.0,23.0,22.0,0.0,L,True,413,0,50.0,1000.0,1000.0,15
1420,CM61-BEAD-WA-26-96212-302,WA,28200.0,0.0,0.0,0.0,L,False,47,0,61.0,150.0,20.0,15
1421,CM61-BEAD-WA-26-96212-303,WA,1513.0,0.0,0.0,0.0,L,False,1,0,61.0,100.0,20.0,15
1422,CM61-BEAD-WA-26-96212-144,WA,3561219.0,55.0,14.0,0.0,L,True,746,0,50.0,854.0214477211792,841.0455764075067,15
1423,CM61-BEAD-WA-26-96212-304,WA,12143.0,0.0,0.0,0.0,L,False,8,0,61.0,100.0,20.0,15
1424,CM61-BEAD-WA-26-96212-014,WA,1722753.0,0.0,0.0,0.0,L,True,595,0,71.0,100.0,20.0,15
1425,CM61-BEAD-WA-26-96212-305,WA,71708.0,0.0,0.0,0.0,L,False,47,0,61.0,100.0,20.0,15
1426,CM61-BEAD-WA-26-96212-307,WA,550500.0,0.0,0.0,0.0,L,True,365,0,61.0,100.0,20.0,15
1427,CM61-BEAD-WA-26-96212-068,WA,2483690.0,5.0,31.0,0.0,L,True,230,0,50.0,628.2608695652173,595.2173913043478,15
1428,CM61-BEAD-WA-26-96212-308,WA,40973.0,0.0,0.0,0.0,L,False,27,0,61.0,100.0,20.0,15
1429,CM61-BEAD-WA-26-96212-309,WA,858000.0,0.0,0.0,0.0,L,True,567,0,61.0,100.0,20.0,15
1430,CM61-BEAD-WA-26-96212-140,WA,4076082.0,0.0,0.0,0.0,L,True,1108,0,71.0,100.0,20.0,15
1431,CM61-BEAD-WA-26-96212-310,WA,247192.0,0.0,0.0,0.0,L,False,160,0,61.0,100.0,20.0,15
1432,CM61-BEAD-WA-26-96212-311,WA,573193.0,0.0,0.0,0.0,L,True,359,0,61.0,100.0,20.0,15
1433,CM61-BEAD-WA-26-96212-312,WA,229800.0,0.0,0.0,0.0,L,True,383,0,61.0,150.0,20.0,15
1434,CM61-BEAD-WA-26-96212-313,WA,9093.0,0.0,0.0,0.0,L,False,6,0,61.0,100.0,20.0,15
1435,CM61-BEAD-WA-26-96212-314,WA,2023500.0,0.0,0.0,0.0,L,True,1329,0,61.0,100.0,20.0,15
1436,CM61-BEAD-WA-26-96212-145,WA,4478790.0,0.0,25.0,0.0,L,True,1150,0,71.0,251.8260869565215,185.32173913043485,15
1437,CM61-BEAD-WA-26-96212-315,WA,14383.0,0.0,0.0,0.0,L,False,8,0,61.0,100.0,20.0,15
1438,CM61-BEAD-WA-26-96212-146,WA,11796707.0,9.0,75.0,0.0,L,True,2840,0,71.0,315.49295774647885,254.64788732394396,15
1439,CM61-BEAD-WA-26-96212-316,WA,80918.0,0.0,0.0,0.0,L,False,46,0,61.0,100.0,20.0,15
1440,CM61-BEAD-WA-26-96212-173,WA,1795812.0,0.0,0.0,0.0,L,True,692,0,72.0,100.0,20.0,15
1441,CM61-BEAD-WA-26-96212-317,WA,275120.0,0.0,0.0,0.0,L,False,140,0,61.0,100.0,20.0,15
1442,CM61-BEAD-WA-26-96212-097,WA,1762830.0,0.0,0.0,0.0,L,True,604,0,72.0,100.0,20.0,15
1443,CM61-BEAD-WA-26-96212-318,WA,25200.0,0.0,0.0,0.0,L,False,42,0,61.0,150.0,20.0,15
1444,CM61-BEAD-WA-26-96212-319,WA,31976.0,0.0,0.0,0.0,L,False,16,0,61.0,100.0,20.0,15
1445,CM61-BEAD-WA-26-96212-098,WA,2315238.0,0.0,0.0,0.0,L,True,748,1,72.0,101.20320855614973,21.310160427807485,15
1446,CM61-BEAD-WA-26-96212-320,WA,164472.0,0.0,0.0,0.0,L,False,94,0,61.0,100.0,20.0,15
1447,CM61-BEAD-WA-26-96212-174,WA,2132179.0,0.0,0.0,0.0,L,True,770,0,72.0,100.0,20.0,15
1448,CM61-BEAD-WA-26-96212-321,WA,9726.0,0.0,0.0,0.0,L,False,5,0,61.0,100.0,20.0,15
1449,CM61-BEAD-WA-26-96212-100,WA,1453592.0,0.0,0.0,0.0,L,True,903,1,72.0,100.99667774086379,21.085271317829456,15
1450,CM61-BEAD-WA-26-96212-322,WA,140252.0,0.0,0.0,0.0,L,False,70,0,61.0,100.0,20.0,15
1451,CM61-BEAD-WA-26-96212-069,WA,9252700.0,84.0,86.0,0.0,L,True,992,0,50.0,1000.0,1000.0,15
1452,CM61-BEAD-WA-26-96212-323,WA,124524.0,0.0,0.0,0.0,L,False,74,0,61.0,100.0,20.0,15
1453,CM61-BEAD-WA-26-96212-324,WA,5200.0,0.0,0.0,0.0,L,True,8,0,61.0,150.0,20.0,15
1454,CM61-BEAD-WA-26-96212-029,WA,4839825.0,79.0,20.0,0.0,L,True,764,0,50.0,1000.0,1000.0,15
1455,CM61-BEAD-WA-26-96212-325,WA,88000.0,0.0,0.0,0.0,L,True,110,0,61.0,150.0,20.0,15
1456,CM61-BEAD-WA-26-96212-326,WA,1514.0,0.0,0.0,0.0,L,False,1,0,61.0,100.0,20.0,15
1457,CM61-BEAD-WA-26-96212-070,WA,4658787.0,106.0,33.0,0.0,L,True,973,0,50.0,702.1582733812955,675.6834532374108,15
1458,CM61-BEAD-WA-26-96212-327,WA,16200.0,0.0,0.0,0.0,L,False,27,0,61.0,150.0,20.0,15
1459,CM61-BEAD-WA-26-96212-328,WA,4715.0,0.0,0.0,0.0,L,False,3,0,61.0,100.0,20.0,15
1460,CM61-BEAD-WA-26-96212-071,WA,2747866.0,68.0,20.0,0.0,L,True,839,0,50.0,821.9308700834326,806.1025029797376,15
1461,CM61-BEAD-WA-26-96212-329,WA,34418.0,0.0,0.0,0.0,L,False,22,0,61.0,100.0,20.0,15
1462,CM61-BEAD-WA-26-96212-072,WA,3906530.0,89.0,7.0,0.0,L,True,1325,0,50.0,838.3396226415092,823.9698113207539,15
1463,CM61-BEAD-WA-26-96212-330,WA,42473.0,0.0,0.0,0.0,L,False,27,0,61.0,100.0,20.0,15
1464,CM61-BEAD-WA-26-96212-331,WA,483000.0,0.0,0.0,0.0,L,True,314,0,61.0,100.0,20.0,15
1465,CM61-BEAD-WA-26-96212-169,WA,2028839.0,7.0,6.0,0.0,L,True,325,0,50.0,5000.0,5000.0,15
1466,CM61-BEAD-WA-26-96212-332,WA,87276.0,0.0,0.0,0.0,L,False,55,0,61.0,100.0,20.0,15
1467,CM61-BEAD-WA-26-96212-073,WA,4948093.0,73.0,39.0,0.0,L,True,852,0,50.0,853.169014084508,840.1173708920181,15
1468,CM61-BEAD-WA-26-96212-333,WA,33521.0,0.0,0.0,0.0,L,False,21,0,61.0,100.0,20.0,15
1469,CM61-BEAD-WA-26-96212-074,WA,4440597.0,74.0,37.0,0.0,L,True,761,0,50.0,826.149802890932,810.6964520367931,15
1470,CM61-BEAD-WA-26-96212-334,WA,110723.0,0.0,0.0,0.0,L,False,72,0,61.0,100.0,20.0,15
1471,CM61-BEAD-WA-26-96212-075,WA,5192532.0,128.0,19.0,0.0,L,True,1012,0,50.0,879.0513833992092,868.3003952569172,15
1472,CM61-BEAD-WA-26-96212-379,WA,540000.0,0.0,0.0,0.0,L,True,349,0,61.0,100.0,20.0,15
1473,CM61-BEAD-WA-26-96212-076,WA,5785242.0,122.0,44.0,0.0,L,True,1024,0,50.0,688.8671874999993,661.2109374999991,15
1474,CM61-BEAD-WA-26-96212-335,WA,54186.0,0.0,0.0,0.0,L,False,35,0,61.0,100.0,20.0,15
1475,CM61-BEAD-WA-26-96212-147,WA,6264504.0,26.0,10.0,0.0,L,True,856,0,71.0,351.28504672897157,293.621495327103,15
1476,CM61-BEAD-WA-26-96212-015,WA,5877810.0,25.0,6.0,0.0,L,True,881,0,71.0,357.43473325766195,300.31782065834295,15
1477,CM61-BEAD-WA-26-96212-148,WA,2183317.0,115.0,29.0,0.0,L,True,891,1,71.0,275.7575757575755,211.3804713804715,15
1478,CM61-BEAD-WA-26-96212-149,WA,8637759.0,47.0,18.0,0.0,L,True,907,0,71.0,543.5501653803741,502.9768467475198,15
1479,CM61-BEAD-WA-26-96212-337,WA,394200.0,0.0,0.0,0.0,L,True,657,0,61.0,150.0,20.0,15
1480,CM61-BEAD-WA-26-96212-150,WA,4671342.0,90.0,7.0,0.0,L,True,495,0,71.0,538.1818181818185,497.1313131313132,15
1481,CM61-BEAD-WA-26-96212-151,WA,5689371.0,23.0,8.0,0.0,L,True,832,0,71.0,289.30288461538447,226.1298076923074,15
1482,CM61-BEAD-WA-26-96212-338,WA,32476.0,0.0,0.0,0.0,L,False,21,0,61.0,100.0,20.0,15
1483,CM61-BEAD-WA-26-96212-152,WA,2425832.0,4.0,3.0,0.0,L,True,529,1,71.0,154.44234404536834,79.28166351606797,15
1484,CM61-BEAD-WA-26-96212-031,WA,3921344.0,92.0,23.0,0.0,L,True,1174,0,71.0,439.6081771720612,389.79557069846646,15
1485,CM61-BEAD-WA-26-96212-153,WA,5689274.0,18.0,3.0,0.0,L,True,1065,0,71.0,361.12676056338023,304.3380281690138,15
1486,CM61-BEAD-WA-26-96212-154,WA,5133249.0,26.0,7.0,0.0,L,True,822,0,71.0,337.59124087591266,278.71046228710486,15
1487,CM61-BEAD-WA-26-96212-032,WA,1918528.0,76.0,19.0,0.0,L,True,582,0,71.0,246.90721649484541,179.9656357388318,15
1488,CM61-BEAD-WA-26-96212-033,WA,5563026.0,154.0,39.0,0.0,L,True,806,1,71.0,539.9503722084365,499.0570719602978,15
1489,CM61-BEAD-WA-26-96212-093,WA,3038896.0,15.0,30.0,0.0,L,True,906,0,50.0,1000.0,1000.0,15
1490,CM61-BEAD-WA-26-96212-339,WA,52194.0,0.0,0.0,0.0,L,False,34,0,61.0,100.0,20.0,15
1491,CM61-BEAD-WA-26-96212-155,WA,5522466.0,24.0,5.0,0.0,L,True,875,0,71.0,321.142857142857,260.8,15
1492,CM61-BEAD-WA-26-96212-156,WA,4087145.0,27.0,6.0,0.0,L,True,724,1,71.0,359.806629834254,302.9005524861874,15
1493,CM61-BEAD-WA-26-96212-034,WA,1991196.0,49.0,12.0,0.0,L,True,1032,0,71.0,185.4651162790695,113.06201550387604,15
1494,CM61-BEAD-WA-26-96212-035,WA,2349954.0,80.0,20.0,0.0,L,True,1164,0,71.0,254.63917525773184,188.384879725086,15
1495,CM61-BEAD-WA-26-96212-157,WA,5093382.0,15.0,12.0,0.0,L,True,733,0,71.0,254.70668485675301,188.4583901773533,15
1496,CM61-BEAD-WA-26-96212-036,WA,2677207.0,65.0,16.0,0.0,L,True,1003,0,71.0,292.02392821535403,229.09272183449653,15
1497,CM61-BEAD-WA-26-96212-037,WA,4893385.0,168.0,42.0,0.0,L,True,882,0,71.0,343.8775510204081,285.55555555555543,15
1498,CM61-BEAD-WA-26-96212-158,WA,5807095.0,31.0,8.0,0.0,L,True,1101,3,71.0,332.1525885558582,272.7883742052677,15
1499,CM61-BEAD-WA-26-96212-038,WA,3265401.0,119.0,30.0,0.0,L,True,926,0,71.0,219.54643628509712,150.17278617710596,15
1500,CM61-BEAD-WA-26-96212-159,WA,260075.0,0.0,0.0,0.0,L,True,28,0,71.0,100.0,20.0,15
1501,CM61-BEAD-WA-26-96212-039,WA,5236184.0,170.0,43.0,0.0,L,True,643,1,71.0,300.15552099533437,237.94712286158642,15
1502,CM61-BEAD-WA-26-96212-101,WA,646162.0,0.0,0.0,0.0,L,True,431,0,72.0,100.0,20.0,15
1503,CM61-BEAD-WA-26-96212-340,WA,181457.0,0.0,0.0,0.0,L,False,98,0,61.0,100.0,20.0,15
1504,CM61-BEAD-WA-26-96212-040,WA,2483293.0,73.0,18.0,0.0,L,True,272,0,71.0,543.3823529411764,502.79411764705856,15
1505,CM61-BEAD-WA-26-96212-175,WA,699438.0,0.0,0.0,0.0,L,True,461,0,70.0,100.0,20.0,15
1506,CM61-BEAD-WA-26-96212-341,WA,70299.0,0.0,0.0,0.0,L,False,40,0,61.0,100.0,20.0,15
1507,CM61-BEAD-WA-26-96212-041,WA,6996805.0,184.0,46.0,0.0,L,True,701,0,71.0,110.27104136947219,31.184022824536388,15
1508,CM61-BEAD-WA-26-96212-042,WA,5961735.0,149.0,37.0,0.0,L,True,662,0,71.0,193.8066465256797,122.14501510574019,15
1509,CM61-BEAD-WA-26-96212-103,WA,774575.0,0.0,0.0,0.0,L,True,591,0,70.0,100.0,20.0,15
1510,CM61-BEAD-WA-26-96212-043,WA,5284439.0,163.0,41.0,0.0,L,True,473,0,71.0,235.0951374207188,167.10359408033827,15
1511,CM61-BEAD-WA-26-96212-044,WA,5604833.0,154.0,38.0,0.0,L,True,679,1,71.0,217.96759941089832,148.45360824742286,15
1512,CM61-BEAD-WA-26-96212-176,WA,404777.0,0.0,0.0,0.0,L,True,244,0,70.0,100.0,20.0,15
1513,CM61-BEAD-WA-26-96212-342,WA,53869.0,0.0,0.0,0.0,L,False,30,0,61.0,100.0,20.0,15
1514,CM61-BEAD-WA-26-96212-177,WA,884042.0,0.0,0.0,0.0,L,True,725,0,72.0,100.0,20.0,15
1515,CM61-BEAD-WA-26-96212-343,WA,23756.0,0.0,0.0,0.0,L,False,14,0,61.0,100.0,20.0,15
1516,CM61-BEAD-WA-26-96212-106,WA,696150.0,0.0,0.0,0.0,L,True,383,0,72.0,100.0,20.0,15
1517,CM61-BEAD-WA-26-96212-344,WA,34931.0,0.0,0.0,0.0,L,False,21,0,61.0,100.0,20.0,15
1518,CM61-BEAD-WA-26-96212-141,WA,3625903.0,0.0,0.0,0.0,L,True,1062,0,71.0,100.0,20.0,15
1519,CM61-BEAD-WA-26-96212-345,WA,170862.0,0.0,0.0,0.0,L,False,112,0,61.0,100.0,20.0,15
1520,CM61-BEAD-WA-26-96212-346,WA,1518000.0,0.0,0.0,0.0,L,True,996,0,61.0,100.0,20.0,15
1521,CM61-BEAD-WA-26-96212-347,WA,1536000.0,0.0,0.0,0.0,L,True,999,0,61.0,100.0,20.0,15
1522,CM61-BEAD-WA-26-96212-142,WA,3451223.0,0.0,0.0,0.0,L,True,1057,0,71.0,100.0,20.0,15
1523,CM61-BEAD-WA-26-96212-348,WA,148782.0,0.0,0.0,0.0,L,False,98,0,61.0,100.0,20.0,15
1524,CM61-BEAD-WA-26-96212-077,WA,6501013.0,49.0,24.0,0.0,L,True,928,0,50.0,670.2586206896558,640.9482758620692,15
1525,CM61-BEAD-WA-26-96212-349,WA,53209.0,0.0,0.0,0.0,L,False,35,0,61.0,100.0,20.0,15
1526,CM61-BEAD-WA-26-96212-143,WA,1916343.0,0.0,0.0,0.0,L,True,763,0,71.0,100.0,20.0,15
1527,CM61-BEAD-WA-26-96212-350,WA,102922.0,0.0,0.0,0.0,L,False,67,0,61.0,100.0,20.0,15
1528,CM61-BEAD-WA-26-96212-078,WA,5369714.0,44.0,20.0,0.0,L,True,896,0,50.0,664.5089285714288,634.6875000000002,15
1529,CM61-BEAD-WA-26-96212-351,WA,277026.0,0.0,0.0,0.0,L,False,180,0,61.0,100.0,20.0,15
1530,CM61-BEAD-WA-26-96212-094,WA,381205.0,13.0,24.0,0.0,L,True,1410,0,50.0,1000.0,1000.0,15
1531,CM61-BEAD-WA-26-96212-352,WA,42350.0,0.0,0.0,0.0,L,False,28,0,61.0,100.0,20.0,15
1532,CM61-BEAD-WA-26-96212-016,WA,25500.0,0.0,0.0,0.0,L,True,14,0,61.0,100.0,20.0,15
1533,CM61-BEAD-WA-26-96212-019,WA,536596.0,0.0,0.0,0.0,L,True,27,0,71.0,100.0,20.0,15
1534,CM61-BEAD-WA-26-96212-022,WA,3330258.0,0.0,13.0,0.0,L,True,282,1,50.0,1000.0,1000.0,15
1535,CM61-BEAD-WA-26-96212-353,WA,13460.0,0.0,0.0,0.0,L,False,8,0,61.0,100.0,20.0,15
1536,CM61-BEAD-WA-26-96212-030,WA,1109070.0,3.0,6.0,0.0,L,True,93,0,50.0,1000.0,1000.0,15
1537,CM61-BEAD-WA-26-96212-163,WA,3188248.0,0.0,0.0,0.0,L,True,375,1,50.0,1000.0,1000.0,15
1538,CM61-BEAD-WA-26-96212-164,WA,56000.0,1.0,2.0,0.0,L,True,8,0,50.0,1000.0,1000.0,15
1539,CM61-BEAD-WA-26-96212-165,WA,947717.0,0.0,39.0,0.0,L,True,78,2,50.0,1000.0,1000.0,15
1540,CM61-BEAD-WA-26-96212-126,WA,1270681.0,12.0,2.0,0.0,L,True,175,0,50.0,1000.0,1000.0,15
1541,CM61-BEAD-WA-26-96212-387,WA,50783.0,0.0,0.0,0.0,L,False,32,0,61.0,100.0,20.0,15
1542,CM61-BEAD-WA-26-96212-388,WA,2505997.0,0.0,0.0,0.0,L,False,1579,0,61.0,100.0,20.0,15
1543,CM61-BEAD-WA-26-96212-355,WA,43500.0,0.0,0.0,0.0,L,True,29,0,61.0,100.0,20.0,15
1544,CM61-BEAD-WA-26-96212-045,WA,3853125.0,357.0,89.0,0.0,L,True,411,0,71.0,235.76642335766383,167.8345498783455,15
1545,CM61-BEAD-WA-26-96212-356,WA,3538.0,0.0,0.0,0.0,L,False,2,0,61.0,100.0,20.0,15
1546,CM61-BEAD-WA-26-96212-046,WA,4143750.0,247.0,62.0,0.0,L,True,442,0,71.0,207.91855203619912,137.5113122171945,15
1547,CM61-BEAD-WA-26-96212-107,WA,349664.0,0.0,0.0,0.0,L,True,80,0,72.0,100.0,20.0,15
1548,CM61-BEAD-WA-26-96212-166,WA,3255304.0,29.0,9.0,0.0,L,True,535,5,50.0,754.3925233644864,732.5607476635513,15
1549,CM61-BEAD-WA-26-96212-358,WA,1766.0,0.0,0.0,0.0,L,False,1,0,61.0,100.0,20.0,15
1550,CM61-BEAD-WA-26-96212-108,WA,1787327.0,0.0,0.0,0.0,L,True,604,1,72.0,101.49006622516556,21.62251655629139,15
1551,CM61-BEAD-WA-26-96212-359,WA,32400.0,0.0,0.0,0.0,L,False,54,0,61.0,150.0,20.0,15
1552,CM61-BEAD-WA-26-96212-360,WA,12113.0,0.0,0.0,0.0,L,False,7,0,61.0,100.0,20.0,15
1553,CM61-BEAD-WA-26-96212-109,WA,904988.0,0.0,0.0,0.0,L,True,363,1,72.0,102.47933884297521,22.699724517906336,15
1554,CM61-BEAD-WA-26-96212-361,WA,163188.0,0.0,0.0,0.0,L,False,81,0,61.0,100.0,20.0,15
1555,CM61-BEAD-WA-26-96212-110,WA,1574175.0,0.0,0.0,0.0,L,True,383,1,72.0,102.34986945169713,22.558746736292427,15
1556,CM61-BEAD-WA-26-96212-362,WA,65686.0,0.0,0.0,0.0,L,False,38,0,61.0,100.0,20.0,15
1557,CM61-BEAD-WA-26-96212-357,WA,3600.0,0.0,0.0,0.0,L,False,6,0,61.0,150.0,20.0,15
1558,CM61-BEAD-WA-26-96212-167,WA,5883011.0,107.0,494.0,0.0,L,True,722,0,50.0,712.049861495845,686.45429362881,15
1559,CM61-BEAD-WA-26-96212-363,WA,7463.0,0.0,0.0,0.0,L,False,4,0,61.0,100.0,20.0,15
1560,CM61-BEAD-WA-26-96212-111,WA,696633.0,0.0,0.0,0.0,L,True,41,3,72.0,165.85365853658536,91.70731707317073,15
1561,CM61-BEAD-WA-26-96212-364,WA,10800.0,0.0,0.0,0.0,L,False,18,0,61.0,150.0,20.0,15
1562,CM61-BEAD-WA-26-96212-112,WA,2820000.0,0.0,0.0,0.0,L,True,910,0,72.0,100.0,20.0,15
1563,CM61-BEAD-WA-26-96212-365,WA,199503.0,0.0,0.0,0.0,L,False,123,0,61.0,100.0,20.0,15
1564,CM61-BEAD-WA-26-96212-113,WA,1412185.0,0.0,0.0,0.0,L,True,514,1,72.0,101.75097276264592,21.90661478599222,15
1565,CM61-BEAD-WA-26-96212-366,WA,230383.0,0.0,0.0,0.0,L,False,124,0,61.0,100.0,20.0,15
1566,CM61-BEAD-WA-26-96212-367,WA,205800.0,0.0,0.0,0.0,L,True,343,0,61.0,150.0,20.0,15
1567,CM61-BEAD-WA-26-96212-368,WA,18507.0,0.0,0.0,0.0,L,False,12,0,61.0,100.0,20.0,15
1568,CM61-BEAD-WA-26-96212-168,WA,4769456.0,89.0,40.0,0.0,L,True,733,0,50.0,826.8758526603003,811.487039563438,15
1569,CM61-BEAD-WA-26-96212-047,WA,6037500.0,251.0,63.0,0.0,L,True,644,0,50.0,830.900621118012,815.869565217392,15
1570,CM61-BEAD-WA-26-96212-369,WA,7200.0,0.0,0.0,0.0,L,False,12,0,61.0,150.0,20.0,15
1571,CM61-BEAD-WA-26-96212-048,WA,9716985.0,314.0,79.0,0.0,L,True,858,1,71.0,415.73426573426576,363.799533799534,15
1572,CM61-BEAD-WA-26-96212-370,WA,16574.0,0.0,0.0,0.0,L,False,10,0,61.0,100.0,20.0,15
1573,CM61-BEAD-WA-26-96212-049,WA,4619529.0,151.0,38.0,0.0,L,True,402,0,50.0,652.9850746268659,622.139303482587,15
1574,CM61-BEAD-WA-26-96212-371,WA,2400.0,0.0,0.0,0.0,L,False,4,0,61.0,150.0,20.0,15
1575,CM61-BEAD-WA-26-96212-050,WA,5016913.0,227.0,57.0,0.0,L,True,970,0,71.0,369.99999999999983,313.99999999999994,15
1576,CM61-BEAD-WA-26-96212-372,WA,486600.0,0.0,0.0,0.0,L,True,811,0,61.0,150.0,20.0,15
1577,CM61-BEAD-WA-26-96212-373,WA,35824.0,0.0,0.0,0.0,L,False,23,0,61.0,100.0,20.0,15
1578,CM61-BEAD-WA-26-96212-374,WA,129600.0,0.0,0.0,0.0,L,True,216,0,61.0,150.0,20.0,15
1579,CM61-BEAD-WA-26-96212-375,WA,9324.0,0.0,0.0,0.0,L,False,6,0,61.0,100.0,20.0,15
1580,CM61-BEAD-WA-26-96212-376,WA,1314000.0,0.0,0.0,0.0,L,True,821,0,61.0,100.0,20.0,15
1581,CM61-BEAD-WA-26-96212-377,WA,171600.0,0.0,0.0,0.0,L,True,286,0,61.0,150.0,20.0,15
1582,CM61-BEAD-WA-26-96212-378,WA,17056.0,0.0,0.0,0.0,L,False,11,0,61.0,100.0,20.0,15
1583,CM61-BEAD-WA-26-96212-220,WA,252600.0,0.0,0.0,0.0,L,True,421,0,61.0,150.0,20.0,15
1584,CM61-BEAD-WA-26-96212-380,WA,18624.0,0.0,0.0,0.0,L,False,12,0,61.0,100.0,20.0,15
1585,CM61-BEAD-TN-0001,TN,49200.0,0.0,0.0,0.0,L,False,82,0,61.0,100.0,20.0,13
1586,CM61-BEAD-TN-0004,TN,2996413.5,161.0,40.0,20.0,L,True,1095,0,50.0,8000.0,8000.0,13
1587,CM61-BEAD-TN-0005,TN,1349946.0,81.0,20.0,20.0,L,True,454,0,50.0,8000.0,8000.0,13
1588,CM61-BEAD-TN-0006,TN,250248.0,21.0,5.0,20.0,L,True,77,0,50.0,8000.0,8000.0,13
1589,CM61-BEAD-TN-0008,TN,416000.0,13.0,3.0,20.0,L,True,128,0,50.0,8000.0,8000.0,13
1590,CM61-BEAD-TN-0011,TN,295639.08,4.0,1.0,3.0,L,True,39,0,50.0,8000.0,8000.0,13
1591,CM61-BEAD-TN-0013,TN,3592801.0,171.0,10.0,10.0,L,True,1016,0,50.0,1000.0,1000.0,13
1592,CM61-BEAD-TN-0015,TN,6907236.29,287.0,1.0,4.0,L,True,5241,0,50.0,2500.0,2500.0,13
1593,CM61-BEAD-TN-0019,TN,6453709.4,47.0,71.0,150.0,L,True,1126,0,40.0,2000.0,2000.0,13
1594,CM61-BEAD-TN-0020,TN,2253282.17,24.0,57.0,19.0,L,True,149,0,50.0,1000.0,1000.0,13
1595,CM61-BEAD-TN-0024,TN,4651599.0,143.0,17.0,9.0,L,True,542,0,50.0,1000.0,1000.0,13
1596,CM61-BEAD-TN-0025,TN,1436419.0,51.0,4.0,5.0,L,True,315,0,50.0,1000.0,1000.0,13
1597,CM61-BEAD-TN-0026,TN,3680788.0,132.0,13.0,12.0,L,True,540,0,50.0,1000.0,1000.0,13
1598,CM61-BEAD-TN-0029,TN,820454.0,39.0,0.0,10.0,L,True,332,0,50.0,1000.0,1000.0,13
1599,CM61-BEAD-TN-0032,TN,1450330.25,33.0,1.0,7.0,L,True,132,0,50.0,8000.0,8000.0,13
1600,CM61-BEAD-TN-0034,TN,6461662.14,153.0,41.0,22.0,L,True,680,0,50.0,8000.0,8000.0,13
1601,CM61-BEAD-TN-0037,TN,6950083.24,217.0,9.0,31.0,L,True,769,0,50.0,8000.0,8000.0,13
1602,CM61-BEAD-TN-0042,TN,2981377.2,63.0,23.0,10.0,L,True,151,0,50.0,8000.0,8000.0,13
1603,CM61-BEAD-TN-0049,TN,156784.0,2.0,1.0,1.0,L,True,13,0,50.0,1000.0,1000.0,13
1604,CM61-BEAD-TN-0058,TN,2372976.51,82.0,0.0,0.0,L,True,189,0,50.0,8000.0,8000.0,13
1605,CM61-BEAD-TN-0060,TN,12006040.84,366.0,0.0,0.0,L,True,1247,0,50.0,8000.0,8000.0,13
1606,CM61-BEAD-TN-0062,TN,10989173.3,845.0,0.0,62.0,L,True,2833,0,50.0,10000.0,10000.0,13
1607,CM61-BEAD-TN-0067,TN,1650052.41,81.0,0.0,5.0,L,True,489,0,50.0,10000.0,10000.0,13
1608,CM61-BEAD-TN-0068,TN,2680053.56,184.0,6.0,5.0,L,True,517,0,50.0,1000.0,1000.0,13
1609,CM61-BEAD-TN-0071,TN,6272900.03,42.0,64.0,50.0,L,True,466,0,40.0,2000.0,2000.0,13
1610,CM61-BEAD-TN-0079,TN,1530987.9,20.0,30.0,50.0,L,True,412,0,40.0,2000.0,2000.0,13
1611,CM61-BEAD-TN-0081,TN,3093818.99,39.0,59.0,50.0,L,True,475,0,40.0,2000.0,2000.0,13
1612,CM61-BEAD-TN-0083,TN,8535275.15,77.0,116.0,50.0,L,True,1084,0,40.0,2000.0,2000.0,13
1613,CM61-BEAD-TN-0095,TN,2763354.0,0.0,82.0,36.0,L,True,284,0,50.0,2000.0,2000.0,13
1614,CM61-BEAD-TN-0098,TN,875440.75,0.0,19.0,19.0,L,True,148,0,50.0,2000.0,2000.0,13
1615,CM61-BEAD-TN-0105,TN,7477166.59,54.0,111.0,0.0,L,True,1097,0,50.0,1000.0,1000.0,13
1616,CM61-BEAD-TN-0107,TN,902403.37,7.0,23.0,0.0,L,True,177,0,50.0,1000.0,1000.0,13
1617,CM61-BEAD-TN-0116,TN,7823337.98,30.0,100.0,0.0,L,True,486,0,50.0,1000.0,1000.0,13
1618,CM61-BEAD-TN-0118,TN,6699233.44,31.0,79.0,0.0,L,True,457,0,50.0,1000.0,1000.0,13
1619,CM61-BEAD-TN-0121,TN,38400.0,0.0,0.0,0.0,L,False,64,0,61.0,100.0,20.0,13
1620,CM61-BEAD-TN-0124,TN,600.0,0.0,0.0,0.0,L,True,1,0,61.0,100.0,20.0,13
1621,CM61-BEAD-TN-0125,TN,3600.0,0.0,0.0,0.0,L,True,6,0,61.0,100.0,20.0,13
1622,CM61-BEAD-TN-0130,TN,207600.0,0.0,0.0,0.0,L,False,346,0,61.0,100.0,20.0,13
1623,CM61-BEAD-TN-0132,TN,1200.0,0.0,0.0,0.0,L,False,2,0,61.0,100.0,20.0,13
1624,CM61-BEAD-TN-0133,TN,154800.0,0.0,0.0,0.0,L,False,258,0,61.0,100.0,20.0,13
1625,CM61-BEAD-TN-0138,TN,600.0,0.0,0.0,0.0,L,True,1,0,61.0,100.0,20.0,13
1626,CM61-BEAD-TN-0139,TN,600.0,0.0,0.0,0.0,L,False,1,0,61.0,100.0,20.0,13
1627,CM61-BEAD-TN-0141,TN,143413.68,2.0,13.0,0.0,L,True,114,0,50.0,1000.0,1000.0,13
1628,CM61-BEAD-TN-0143,TN,59400.0,0.0,0.0,0.0,L,False,99,0,61.0,100.0,20.0,13
1629,CM61-BEAD-TN-0147,TN,6600.0,0.0,0.0,0.0,L,True,11,0,61.0,100.0,20.0,13
1630,CM61-BEAD-TN-0148,TN,30000.0,0.0,0.0,0.0,L,True,50,0,61.0,100.0,20.0,13
1631,CM61-BEAD-TN-0151,TN,6600.0,0.0,0.0,0.0,L,True,11,0,61.0,100.0,20.0,13
1632,CM61-BEAD-TN-0152,TN,9600.0,0.0,0.0,0.0,L,False,16,0,61.0,100.0,20.0,13
1633,CM61-BEAD-TN-0155,TN,18000.0,0.0,0.0,0.0,L,True,30,0,61.0,100.0,20.0,13
1634,CM61-BEAD-TN-0158,TN,17400.0,0.0,0.0,0.0,L,False,29,0,61.0,100.0,20.0,13
1635,CM61-BEAD-TN-0160,TN,3000.0,0.0,0.0,0.0,L,False,5,0,61.0,100.0,20.0,13
1636,CM61-BEAD-TN-0161,TN,37200.0,0.0,0.0,0.0,L,False,62,0,61.0,100.0,20.0,13
1637,CM61-BEAD-TN-0164,TN,6000.0,0.0,0.0,0.0,L,False,10,0,61.0,100.0,20.0,13
1638,CM61-BEAD-TN-0165,TN,14400.0,0.0,0.0,0.0,L,False,24,0,61.0,100.0,20.0,13
1639,CM61-BEAD-TN-0168,TN,54600.0,0.0,0.0,0.0,L,False,91,0,61.0,100.0,20.0,13
1640,CM61-BEAD-TN-0171,TN,1200.0,0.0,0.0,0.0,L,False,2,0,61.0,100.0,20.0,13
1641,CM61-BEAD-TN-0172,TN,1800.0,0.0,0.0,0.0,L,False,3,0,61.0,100.0,20.0,13
1642,CM61-BEAD-TN-0173,TN,73800.0,0.0,0.0,0.0,L,False,123,0,61.0,100.0,20.0,13
1643,CM61-BEAD-TN-0176,TN,42000.0,0.0,0.0,0.0,L,False,70,0,61.0,100.0,20.0,13
1644,CM61-BEAD-TN-0180,TN,7800.0,0.0,0.0,0.0,L,False,13,0,61.0,100.0,20.0,13
1645,CM61-BEAD-TN-0182,TN,600.0,0.0,0.0,0.0,L,True,1,0,61.0,100.0,20.0,13
1646,CM61-BEAD-TN-0186,TN,28200.0,0.0,0.0,0.0,L,True,47,0,61.0,100.0,20.0,13
1647,CM61-BEAD-TN-0191,TN,24000.0,0.0,0.0,0.0,L,False,40,0,61.0,100.0,20.0,13
1648,CM61-BEAD-TN-0197,TN,9000.0,0.0,0.0,0.0,L,False,15,0,61.0,100.0,20.0,13
1649,CM61-BEAD-TN-0199,TN,16200.0,0.0,0.0,0.0,L,False,27,0,61.0,100.0,20.0,13
1650,CM61-BEAD-TN-0201,TN,85800.0,0.0,0.0,0.0,L,False,143,0,61.0,100.0,20.0,13
1651,CM61-BEAD-TN-0206,TN,107400.0,0.0,0.0,0.0,L,False,179,0,61.0,100.0,20.0,13
1652,CM61-BEAD-TN-0208,TN,4200.0,0.0,0.0,0.0,L,True,7,0,61.0,100.0,20.0,13
1653,CM61-BEAD-TN-0210,TN,265200.0,0.0,0.0,0.0,L,False,442,0,61.0,100.0,20.0,13
1654,CM61-BEAD-TN-0213,TN,4200.0,0.0,0.0,0.0,L,True,7,0,61.0,100.0,20.0,13
1655,CM61-BEAD-TN-0214,TN,1200.0,0.0,0.0,0.0,L,True,2,0,61.0,100.0,20.0,13
1656,CM61-BEAD-TN-0216,TN,3600.0,0.0,0.0,0.0,L,False,6,0,61.0,100.0,20.0,13
1657,CM61-BEAD-TN-0217,TN,4800.0,0.0,0.0,0.0,L,True,8,0,61.0,100.0,20.0,13
1658,CM61-BEAD-TN-0218,TN,47400.0,0.0,0.0,0.0,L,False,79,0,61.0,100.0,20.0,13
1659,CM61-BEAD-TN-0220,TN,178800.0,0.0,0.0,0.0,L,False,298,0,61.0,100.0,20.0,13
1660,CM61-BEAD-TN-0223,TN,3600.0,0.0,0.0,0.0,L,False,6,0,61.0,100.0,20.0,13
1661,CM61-BEAD-TN-0225,TN,68400.0,0.0,0.0,0.0,L,False,114,0,61.0,100.0,20.0,13
1662,CM61-BEAD-TN-0228,TN,18000.0,0.0,0.0,0.0,L,False,30,0,61.0,100.0,20.0,13
1663,CM61-BEAD-TN-0230,TN,16800.0,0.0,0.0,0.0,L,False,21,0,61.0,100.0,20.0,13
1664,CM61-BEAD-TN-0231,TN,600.0,0.0,0.0,0.0,L,True,1,0,61.0,100.0,20.0,13
1665,CM61-BEAD-TN-0232,TN,2400.0,0.0,0.0,0.0,L,False,4,0,61.0,100.0,20.0,13
1666,CM61-BEAD-TN-0235,TN,84000.0,0.0,0.0,0.0,L,True,140,0,61.0,100.0,20.0,13
1667,CM61-BEAD-TN-0238,TN,10200.0,0.0,0.0,0.0,L,False,17,0,61.0,100.0,20.0,13
1668,CM61-BEAD-TN-0240,TN,600.0,0.0,0.0,0.0,L,True,1,0,61.0,100.0,20.0,13
1669,CM61-BEAD-TN-0242,TN,78600.0,0.0,0.0,0.0,L,True,131,0,61.0,100.0,20.0,13
1670,CM61-BEAD-TN-0247,TN,600.0,0.0,0.0,0.0,L,True,1,0,61.0,100.0,20.0,13
1671,CM61-BEAD-TN-0248,TN,19200.0,0.0,0.0,0.0,L,True,32,0,61.0,100.0,20.0,13
1672,CM61-BEAD-TN-0253,TN,10800.0,0.0,0.0,0.0,L,False,18,0,61.0,100.0,20.0,13
1673,CM61-BEAD-TN-0256,TN,3600.0,0.0,0.0,0.0,L,False,6,0,61.0,100.0,20.0,13
1674,CM61-BEAD-TN-0257,TN,2888653.76,114.0,1.0,2.0,L,True,1466,0,50.0,2500.0,2500.0,13
1675,CM61-BEAD-TN-0260,TN,1896003.68,78.0,1.0,2.0,L,True,974,0,50.0,2500.0,2500.0,13
1676,CM61-BEAD-TN-0264,TN,3919095.3,164.0,0.0,36.0,L,True,583,0,50.0,500.0,1000.0,13
1677,CM61-BEAD-TN-0280,TN,4384943.99,147.0,0.0,0.0,L,True,561,0,50.0,8000.0,8000.0,13
1678,CM61-BEAD-TN-0291,TN,3000.0,0.0,0.0,0.0,L,False,2,0,61.0,100.0,100.0,13
1679,CM61-BEAD-TN-0302,TN,166500.0,0.0,0.0,0.0,L,False,111,0,61.0,100.0,100.0,13
1680,CM61-BEAD-TN-0303,TN,144000.0,0.0,0.0,0.0,L,False,96,0,61.0,100.0,100.0,13
1681,CM61-BEAD-TN-0306,TN,253500.0,0.0,0.0,0.0,L,False,169,0,61.0,100.0,100.0,13
1682,CM61-BEAD-TN-0323,TN,6000.0,0.0,0.0,0.0,L,False,4,0,61.0,100.0,100.0,13
1683,CM61-BEAD-TN-0345,TN,1500.0,0.0,0.0,0.0,L,False,1,0,61.0,100.0,100.0,13
1684,CM61-BEAD-TN-0348,TN,11808684.9,83.0,130.0,0.0,L,True,686,0,50.0,1000.0,1000.0,13
1685,CM61-BEAD-TN-0356,TN,4308199.22,33.0,65.0,0.0,L,True,359,0,50.0,1000.0,1000.0,13
1686,CM61-BEAD-TN-0358,TN,9667524.18,127.0,251.0,0.0,L,True,2349,0,50.0,1000.0,1000.0,13
1687,CM61-BEAD-TN-0376,TN,66000.0,0.0,0.0,0.0,L,False,72,0,61.0,100.0,100.0,13
1688,CM61-BEAD-TN-0402,TN,212250.0,0.0,0.0,0.0,L,False,209,0,61.0,100.0,100.0,13
1689,CM61-BEAD-TN-0404,TN,54000.0,0.0,0.0,0.0,L,False,36,0,61.0,100.0,100.0,13
1690,CM61-BEAD-TN-0405,TN,182250.0,0.0,0.0,0.0,L,False,214,0,61.0,100.0,100.0,13
1691,CM61-BEAD-TN-0409,TN,18000.0,0.0,0.0,0.0,L,False,12,0,61.0,100.0,100.0,13
1692,CM61-BEAD-TN-0416,TN,20000.0,0.0,0.0,0.0,L,False,8,0,61.0,100.0,100.0,13
1693,CM61-BEAD-TN-0421,TN,7969645.57,47.0,71.0,150.0,L,True,1005,0,40.0,2000.0,2000.0,13
1694,CM61-BEAD-TN-0435,TN,4451413.25,27.0,41.0,150.0,L,True,769,0,40.0,2000.0,2000.0,13
1695,CM61-BEAD-TN-0445,TN,2947560.0,33.0,222.0,37.0,L,True,1201,0,50.0,2000.0,2000.0,13
1696,CM61-BEAD-TN-0476,TN,42000.0,0.0,0.0,0.0,L,False,53,0,61.0,100.0,100.0,13
1697,CM61-BEAD-TN-0492,TN,983579.72,5.0,33.0,9.0,L,True,402,0,50.0,2000.0,2000.0,13
1698,CM61-BEAD-TN-0498,TN,100500.0,0.0,0.0,0.0,L,False,67,0,61.0,100.0,100.0,13
1699,CM61-BEAD-TN-0506,TN,662539.05,5.0,36.0,10.0,L,True,282,0,50.0,2000.0,2000.0,13
1700,CM61-BEAD-TN-0507,TN,1947073.92,18.0,118.0,14.0,L,True,821,0,50.0,2000.0,2000.0,13
1701,CM61-BEAD-TN-0510,TN,1628168.98,20.0,135.0,22.0,L,True,583,0,50.0,2000.0,2000.0,13
1702,CM61-BEAD-TN-0513,TN,2723902.94,27.0,183.0,25.0,L,True,1125,0,50.0,2000.0,2000.0,13
1703,CM61-BEAD-TN-0514,TN,7082441.28,86.0,572.0,96.0,L,True,2317,0,50.0,2000.0,2000.0,13
1704,CM61-BEAD-TN-0520,TN,600.0,0.0,0.0,0.0,L,False,1,0,61.0,100.0,20.0,13
1705,CM61-BEAD-TN-0521,TN,1200.0,0.0,0.0,0.0,L,False,2,0,61.0,100.0,20.0,13
1706,CM61-BEAD-TN-0522,TN,283200.0,0.0,0.0,0.0,L,False,472,0,61.0,100.0,20.0,13
1707,CM61-BEAD-TN-0523,TN,201000.0,0.0,0.0,15.0,L,False,335,0,61.0,100.0,20.0,13
1708,CM61-BEAD-TN-0524,TN,3200.0,0.0,0.0,0.0,L,False,4,0,61.0,100.0,20.0,13
1709,CM61-BEAD-TN-0525,TN,2400.0,0.0,0.0,0.0,L,False,3,0,61.0,100.0,20.0,13
1710,CM61-BEAD-TN-0526,TN,4800.0,0.0,0.0,0.0,L,False,8,0,61.0,100.0,20.0,13
1711,CM61-BEAD-TN-0527,TN,1500.0,0.0,0.0,0.0,L,False,1,0,61.0,100.0,100.0,13
1712,CM61-BEAD-TN-0528,TN,1500.0,0.0,0.0,0.0,L,False,1,0,61.0,100.0,100.0,13
1713,CM61-BEAD-LA-142-2020,LA,0.0,0.0,0.0,1.0,L,True,1,0,50.0,200.0,50.0,12
1714,CM61-BEAD-LA-342-3032,LA,0.0,1.0,1.0,5.0,L,True,1,0,50.0,1000.0,1000.0,12
1715,CM61-BEAD-LA-343-3033,LA,0.0,1.0,1.0,5.0,L,True,3,0,40.0,1000.0,1000.0,12
1716,CM61-BEAD-LA-137-3009,LA,0.0,17.0,1.0,10.0,L,True,607,1,50.0,201.3179571663921,51.56507413509061,12
1717,CM61-BEAD-LA-140-2005,LA,351955.0,4.0,3.0,10.0,L,True,475,12,50.0,220.21052631578945,73.99999999999999,12
1718,CM61-BEAD-LA-481-2040,LA,750.0,0.0,0.0,0.0,L,True,1,0,61.0,100.0,20.0,12
1719,CM61-BEAD-LA-487-2042,LA,750.0,0.0,0.0,0.0,L,True,1,0,61.0,100.0,20.0,12
1720,CM61-BEAD-LA-482-2049,LA,750.0,0.0,0.0,0.0,L,True,1,0,61.0,100.0,20.0,12
1721,CM61-BEAD-LA-486-2054,LA,750.0,0.0,0.0,0.0,L,True,1,0,61.0,100.0,20.0,12
1722,CM61-BEAD-LA-488-2055,LA,750.0,0.0,0.0,0.0,L,True,1,0,61.0,100.0,20.0,12
1723,CM61-BEAD-LA-489-2058,LA,750.0,0.0,0.0,0.0,L,True,1,0,61.0,100.0,20.0,12
1724,CM61-BEAD-LA-480-2059,LA,750.0,0.0,0.0,0.0,L,True,1,0,61.0,100.0,20.0,12
1725,CM61-BEAD-LA-484-2061,LA,750.0,0.0,0.0,0.0,L,True,1,0,61.0,100.0,20.0,12
1726,CM61-BEAD-LA-479-2067,LA,750.0,0.0,0.0,0.0,L,True,1,0,61.0,100.0,20.0,12
1727,CM61-BEAD-LA-485-2068,LA,750.0,0.0,0.0,0.0,L,True,1,0,61.0,100.0,20.0,12
1728,CM61-BEAD-LA-472-1001,LA,1500.0,0.0,0.0,0.0,L,True,2,0,61.0,100.0,20.0,12
1729,CM61-BEAD-LA-474-2029,LA,1500.0,0.0,0.0,0.0,L,True,2,0,61.0,100.0,20.0,12
1730,CM61-BEAD-LA-476-2032,LA,1500.0,0.0,0.0,0.0,L,True,2,0,61.0,100.0,20.0,12
1731,CM61-BEAD-LA-475-2039,LA,1500.0,0.0,0.0,0.0,L,True,2,0,61.0,100.0,20.0,12
1732,CM61-BEAD-LA-441-2056,LA,1500.0,0.0,0.0,0.0,L,True,2,0,61.0,100.0,20.0,12
1733,CM61-BEAD-LA-477-2057,LA,1500.0,0.0,0.0,0.0,L,True,2,0,61.0,100.0,20.0,12
1734,CM61-BEAD-LA-442-2066,LA,1500.0,0.0,0.0,0.0,L,True,2,0,61.0,100.0,20.0,12
1735,CM61-BEAD-LA-473-3023,LA,1500.0,0.0,0.0,0.0,L,True,2,0,61.0,100.0,20.0,12
1736,CM61-BEAD-LA-471-3031,LA,1500.0,0.0,0.0,0.0,L,True,2,0,61.0,100.0,20.0,12
1737,CM61-BEAD-LA-467-2022,LA,2250.0,0.0,0.0,0.0,L,True,3,0,61.0,100.0,20.0,12
1738,CM61-BEAD-LA-466-2034,LA,2250.0,0.0,0.0,0.0,L,True,3,0,61.0,100.0,20.0,12
1739,CM61-BEAD-LA-468-2044,LA,2250.0,0.0,0.0,0.0,L,True,3,0,61.0,100.0,20.0,12
1740,CM61-BEAD-LA-469-2062,LA,2250.0,0.0,0.0,0.0,L,True,3,0,61.0,100.0,20.0,12
1741,CM61-BEAD-LA-462-2027,LA,3000.0,0.0,0.0,0.0,L,True,4,0,61.0,100.0,20.0,12
1742,CM61-BEAD-LA-428-2063,LA,3000.0,0.0,0.0,0.0,L,True,4,0,61.0,100.0,20.0,12
1743,CM61-BEAD-LA-463-2064,LA,3000.0,0.0,0.0,0.0,L,True,4,0,61.0,100.0,20.0,12
1744,CM61-BEAD-LA-465-3021,LA,3000.0,0.0,0.0,0.0,L,True,4,0,61.0,100.0,20.0,12
1745,CM61-BEAD-LA-464-3024,LA,3000.0,0.0,0.0,0.0,L,True,4,0,61.0,100.0,20.0,12
1746,CM61-BEAD-LA-461-2060,LA,3750.0,0.0,0.0,0.0,L,True,5,0,61.0,100.0,20.0,12
1747,CM61-BEAD-LA-384-2045,LA,5250.0,0.0,0.0,0.0,L,True,7,0,61.0,100.0,20.0,12
1748,CM61-BEAD-LA-460-2069,LA,5250.0,0.0,0.0,0.0,L,True,7,0,61.0,100.0,20.0,12
1749,CM61-BEAD-LA-459-2037,LA,6000.0,0.0,0.0,0.0,L,True,8,0,61.0,100.0,20.0,12
1750,CM61-BEAD-LA-458-3013,LA,6000.0,0.0,0.0,0.0,L,True,8,0,61.0,100.0,20.0,12
1751,CM61-BEAD-LA-456-2012,LA,6750.0,0.0,0.0,0.0,L,True,9,0,61.0,100.0,20.0,12
1752,CM61-BEAD-LA-457-2028,LA,6750.0,0.0,0.0,0.0,L,True,9,0,61.0,100.0,20.0,12
1753,CM61-BEAD-LA-455-2030,LA,7500.0,0.0,0.0,0.0,L,True,10,0,61.0,100.0,20.0,12
1754,CM61-BEAD-LA-454-2038,LA,7500.0,0.0,0.0,0.0,L,True,10,0,61.0,100.0,20.0,12
1755,CM61-BEAD-LA-453-3008,LA,7500.0,0.0,0.0,0.0,L,True,10,0,61.0,100.0,20.0,12
1756,CM61-BEAD-LA-440-2036,LA,8250.0,0.0,0.0,0.0,L,True,11,0,61.0,100.0,20.0,12
1757,CM61-BEAD-LA-439-2035,LA,10500.0,0.0,0.0,0.0,L,True,14,0,61.0,100.0,20.0,12
1758,CM61-BEAD-LA-427-2031,LA,12000.0,0.0,0.0,0.0,L,True,16,0,61.0,100.0,20.0,12
1759,CM61-BEAD-LA-378-3027,LA,12000.0,0.0,0.0,0.0,L,True,16,0,61.0,100.0,20.0,12
1760,CM61-BEAD-LA-397-2021,LA,12750.0,0.0,0.0,0.0,L,True,17,0,61.0,100.0,20.0,12
1761,CM61-BEAD-LA-438-3012,LA,12750.0,0.0,0.0,0.0,L,True,17,0,61.0,100.0,20.0,12
1762,CM61-BEAD-LA-452-3022,LA,12750.0,0.0,0.0,0.0,L,True,17,0,61.0,100.0,20.0,12
1763,CM61-BEAD-LA-451-3016,LA,15000.0,0.0,0.0,0.0,L,True,20,0,61.0,100.0,20.0,12
1764,CM61-BEAD-LA-437-2023,LA,15750.0,0.0,0.0,0.0,L,True,21,0,61.0,100.0,20.0,12
1765,CM61-BEAD-LA-398-2043,LA,16500.0,0.0,0.0,0.0,L,True,22,0,61.0,100.0,20.0,12
1766,CM61-BEAD-LA-450-3019,LA,18000.0,0.0,0.0,0.0,L,True,24,0,61.0,100.0,20.0,12
1767,CM61-BEAD-LA-492-2006,LA,18750.0,0.0,0.0,0.0,L,True,25,0,61.0,100.0,20.0,12
1768,CM61-BEAD-LA-434-3007,LA,26250.0,0.0,0.0,0.0,L,True,35,0,61.0,100.0,20.0,12
1769,CM61-BEAD-LA-433-2025,LA,39000.0,0.0,0.0,0.0,L,True,52,0,61.0,100.0,20.0,12
1770,CM61-BEAD-LA-391-3028,LA,41250.0,0.0,0.0,0.0,L,True,55,0,61.0,100.0,20.0,12
1771,CM61-BEAD-LA-392-3026,LA,53250.0,0.0,0.0,0.0,L,True,71,0,61.0,100.0,20.0,12
1772,CM61-BEAD-LA-449-3018,LA,61500.0,0.0,0.0,0.0,L,True,82,0,61.0,100.0,20.0,12
1773,CM61-BEAD-LA-432-2007,LA,64500.0,0.0,0.0,0.0,L,True,86,0,61.0,100.0,20.0,12
1774,CM61-BEAD-LA-448-2033,LA,69750.0,0.0,0.0,0.0,L,True,93,0,61.0,100.0,20.0,12
1775,CM61-BEAD-LA-431-2046,LA,72000.0,0.0,0.0,0.0,L,True,96,0,61.0,100.0,20.0,12
1776,CM61-BEAD-LA-360-2002,LA,73500.0,0.0,0.0,0.0,L,True,98,0,61.0,100.0,20.0,12
1777,CM61-BEAD-LA-363-3025,LA,73500.0,0.0,0.0,0.0,L,True,98,0,61.0,100.0,20.0,12
1778,CM61-BEAD-LA-390-2013,LA,78000.0,0.0,0.0,0.0,L,True,104,0,61.0,100.0,20.0,12
1779,CM61-BEAD-LA-447-3030,LA,78750.0,0.0,0.0,0.0,L,True,105,0,61.0,100.0,20.0,12
1780,CM61-BEAD-LA-430-2009,LA,82500.0,0.0,0.0,0.0,L,True,110,0,61.0,100.0,20.0,12
1781,CM61-BEAD-LA-446-3011,LA,83250.0,0.0,0.0,0.0,L,True,111,0,61.0,100.0,20.0,12
1782,CM61-BEAD-LA-401-3014,LA,90750.0,0.0,0.0,0.0,L,True,121,0,61.0,100.0,20.0,12
1783,CM61-BEAD-LA-395-3020,LA,98250.0,0.0,0.0,0.0,L,True,131,0,61.0,100.0,20.0,12
1784,CM61-BEAD-LA-426-3006,LA,101250.0,0.0,0.0,0.0,L,True,135,0,61.0,100.0,20.0,12
1785,CM61-BEAD-LA-444-3005,LA,104250.0,0.0,0.0,0.0,L,True,139,0,61.0,100.0,20.0,12
1786,CM61-BEAD-LA-425-3010,LA,128250.0,0.0,0.0,0.0,L,True,171,0,61.0,100.0,20.0,12
1787,CM61-BEAD-LA-373-2015,LA,152250.0,0.0,0.0,0.0,L,True,203,0,61.0,100.0,20.0,12
1788,CM61-BEAD-LA-445-2041,LA,152250.0,0.0,0.0,0.0,L,True,203,0,61.0,100.0,20.0,12
1789,CM61-BEAD-LA-443-2026,LA,163500.0,0.0,0.0,0.0,L,True,218,0,61.0,100.0,20.0,12
1790,CM61-BEAD-LA-367-2016,LA,227250.0,0.0,0.0,0.0,L,True,303,0,61.0,100.0,20.0,12
1791,CM61-BEAD-LA-403-2011,LA,242250.0,0.0,0.0,0.0,L,True,323,0,61.0,100.0,20.0,12
1792,CM61-BEAD-LA-372-2071,LA,255000.0,0.0,0.0,0.0,L,True,340,0,61.0,100.0,20.0,12
1793,CM61-BEAD-LA-347-2018,LA,343500.0,0.0,0.0,0.0,L,False,458,0,61.0,100.0,20.0,12
1794,CM61-BEAD-LA-366-3029,LA,663750.0,0.0,0.0,0.0,L,True,885,0,61.0,100.0,20.0,12
1795,CM61-BEAD-LA-350-3002,LA,1650750.0,0.0,0.0,0.0,L,True,2201,0,61.0,100.0,20.0,12
1796,CM61-BEAD-LA-351-3003,LA,2202750.0,0.0,0.0,0.0,L,True,2936,0,61.0,100.0,20.0,12
1797,CM61-BEAD-LA-208-2019,LA,569222.0,0.0,0.0,2.0,L,True,683,2,71.0,102.63543191800878,22.8696925329429,12
1798,CM61-BEAD-LA-331-2003,LA,13779374.0,427.0,1192.0,0.0,L,True,15073,361,50.0,1000.0,1000.0,12
1799,CM61-BEAD-LA-330-2001,LA,4638134.0,65.0,289.0,0.0,L,True,4071,29,50.0,1000.0,1000.0,12
1800,CM61-BEAD-LA-200-2010,LA,2028972.0,0.0,0.0,8.0,L,True,1303,15,71.0,110.36070606293168,31.281657712970066,12
1801,CM61-BEAD-LA-221-2050,LA,4383289.0,0.0,0.0,26.0,L,True,2128,29,71.0,112.265037593985,33.35526315789473,12
1802,CM61-BEAD-LA-334-2052,LA,243451.0,10.0,24.0,0.0,L,True,114,29,50.0,1000.0,1000.0,12
1803,CM61-BEAD-LA-336-2014,LA,16233318.0,381.0,571.0,5.0,L,True,6557,70,40.0,1000.0,1000.0,12
1804,CM61-BEAD-LA-194-2017,LA,9349697.0,42.0,537.0,6.0,L,True,3443,72,50.0,1000.0,1000.0,12
1805,CM61-BEAD-LA-207-2017,LA,6900000.0,0.0,0.0,62.0,L,False,2335,73,71.0,128.1370449678801,50.638115631691655,12
1806,CM61-BEAD-LA-229-3001,LA,158810.0,0.0,0.0,1.0,L,True,49,8,71.0,246.93877551020407,180.0,12
1807,CM61-BEAD-LA-293-2051,LA,4022689.0,0.0,95.0,6.0,L,True,1232,28,50.0,120.45454545454548,42.27272727272726,12
1808,CM61-BEAD-LA-136-3004,LA,5404000.0,227.0,26.0,20.0,L,True,1528,17,50.0,208.90052356020945,60.56937172774869,12
1809,CM61-BEAD-LA-260-2008,LA,18203892.0,0.0,287.0,3.0,L,True,4067,22,50.0,1000.0,1000.0,12
1810,CM61-BEAD-LA-239-3015,LA,4450405.0,0.0,0.0,18.0,L,True,962,5,71.0,104.67775467775468,25.093555093555093,12
1811,CM61-BEAD-LA-299-2047,LA,33370115.0,645.0,731.0,60.0,L,True,7197,517,50.0,1000.0,1000.0,12
1812,CM61-BEAD-LA-332-2004,LA,2846846.0,16.0,78.0,0.0,L,True,526,3,50.0,1000.0,1000.0,12
1813,CM61-BEAD-LA-152-2048,LA,344672466.0,0.0,9233.0,550.0,L,True,61338,1512,50.0,1000.0,1000.0,12
1814,CM61-BEAD-LA-423-3017,LA,3529898.0,0.0,24.0,5.0,L,False,558,17,50.0,1000.0,1000.0,12
1815,CM61-BEAD-LA-252-2024,LA,10000000.0,0.0,183.0,73.0,L,True,1504,21,50.0,1000.0,1000.0,12
1816,CM61-BEAD-LA-354-2053,LA,5418804.0,1.0,156.0,4.0,L,True,718,12,50.0,115.04178272980499,36.37883008356546,12
1817,CM61-BEAD-LA-357-2001,LA,237000.0,0.0,0.0,0.0,L,False,158,0,61.0,100.0,20.0,12
1818,CM61-BEAD-LA-348-2003,LA,181500.0,0.0,0.0,0.0,L,False,121,0,61.0,100.0,20.0,12
1819,CM61-BEAD-LA-404-2004,LA,1500.0,0.0,0.0,0.0,L,False,1,0,61.0,100.0,20.0,12
1820,CM61-BEAD-LA-386-2005,LA,1500.0,0.0,0.0,0.0,L,False,1,0,61.0,100.0,20.0,12
1821,CM61-BEAD-LA-359-2051,LA,3000.0,0.0,0.0,0.0,L,False,2,0,61.0,100.0,20.0,12
1822,CM61-BEAD-LA-355-2052,LA,7500.0,0.0,0.0,0.0,L,False,5,0,61.0,100.0,20.0,12
1823,CM61-BEAD-LA-364-3004,LA,7500.0,0.0,0.0,0.0,L,False,5,0,61.0,100.0,20.0,12
1824,CM61-BEAD-LA-429-3009,LA,24000.0,0.0,0.0,0.0,L,False,16,0,61.0,100.0,20.0,12
1825,CM61-BEAD-RI-GLO001,RI,567683.0,3.0,1.0,13.0,L,True,59,0,50.0,1000.0,1000.0,2
1826,CM61-BEAD-RI-LIC001,RI,1529580.0,36.0,5.0,0.0,L,True,552,0,50.0,100.0,100.0,2
1827,CM61-BEAD-RI-MID001,RI,495107.0,18.0,7.0,0.0,L,True,143,0,50.0,100.0,100.0,2
1828,CM61-BEAD-RI-PRU001,RI,3428972.0,18.0,4.0,31.0,L,True,391,0,72.0,100.0,65.0,2
1829,CM61-BEAD-RI-HOG001,RI,168000.0,0.0,0.0,0.0,L,False,112,0,61.0,100.0,20.0,2
1830,CM61-BEAD-RI-WAR001,RI,425468.0,20.0,2.0,0.0,L,True,276,0,50.0,100.0,100.0,2
1831,CM61-BEAD-RI-FOS001,RI,863772.0,5.0,1.0,17.0,L,True,98,0,50.0,1000.0,1000.0,2
1832,CM61-BEAD-RI-NPS001,RI,401976.0,2.0,0.0,13.0,L,True,36,0,50.0,1000.0,1000.0,2
1833,CM61-BEAD-RI-HLG001,RI,91134.0,1.0,0.0,13.0,L,True,32,0,50.0,1000.0,1000.0,2
1834,CM61-BEAD-RI-EWG001,RI,874356.0,5.0,1.0,17.0,L,True,98,0,50.0,1000.0,1000.0,2
1835,CM61-BEAD-RI-CHT001,RI,2140999.0,10.0,3.0,25.0,L,True,237,0,50.0,1000.0,1000.0,2
1836,CM61-BEAD-RI-NAR001,RI,4893033.0,23.0,6.0,43.0,L,True,563,0,50.0,1000.0,1000.0,2
1837,CM61-BEAD-RI-RVH001,RI,254903.0,2.0,0.0,13.0,L,True,23,0,50.0,1000.0,1000.0,2
1838,CM61-BEAD-RI-NAI001,RI,3000.0,0.0,0.0,0.0,L,False,2,0,61.0,100.0,20.0,2
1839,CM61-BEAD-NJ-BRI-HUN,NJ,37500.0,16.0,1.0,5.0,L,True,114,2,50.0,2000.0,2000.0,4
1840,CM61-BEAD-NJ-CBN-MON,NJ,1741501.0,0.0,0.0,12.0,L,False,804,35,72.0,1000.0,1000.0,4
1841,CM61-BEAD-NJ-CBN-MOR,NJ,466000.0,0.0,0.0,14.0,L,False,83,51,72.0,1000.0,1000.0,4
1842,CM61-BEAD-NJ-CBN-SOM,NJ,1139750.0,0.0,0.0,8.0,L,False,522,7,72.0,1000.0,1000.0,4
1843,CM61-BEAD-NJ-COM-ATL,NJ,2997064.0,83.92,13.84,5.0,L,True,501,8,40.0,2000.0,2000.0,4
1844,CM61-BEAD-NJ-COM-BER,NJ,4885903.0,220.0,53.75,5.0,L,True,552,38,50.0,2000.0,2000.0,4
1845,CM61-BEAD-NJ-COM-BUR,NJ,10452591.0,167.5,28.5,5.0,L,True,909,15,40.0,2000.0,2000.0,4
1846,CM61-BEAD-NJ-COM-CAM,NJ,2125903.0,35.58,4.8,5.0,L,True,241,12,40.0,2000.0,2000.0,4
1847,CM61-BEAD-NJ-COM-CAP,NJ,1026976.0,50.46,6.35,5.0,L,True,304,3,40.0,2000.0,2000.0,4
1848,CM61-BEAD-NJ-COM-CUM,NJ,0.0,109.42,16.13,5.0,L,True,605,9,50.0,2000.0,2000.0,4
1849,CM61-BEAD-NJ-COM-ESS,NJ,0.0,62.68,10.54,5.0,L,True,350,59,40.0,2000.0,2000.0,4
1850,CM61-BEAD-NJ-COM-GLO,NJ,3627352.0,59.11,8.65,5.0,L,True,445,9,40.0,2000.0,2000.0,4
1851,CM61-BEAD-NJ-COM-HUD,NJ,0.0,42.39,8.27,5.0,L,True,266,13,40.0,2000.0,2000.0,4
1852,CM61-BEAD-NJ-COM-HUN,NJ,4910958.0,185.86,26.93,5.0,L,True,854,10,40.0,2000.0,2000.0,4
1853,CM61-BEAD-NJ-COM-MER,NJ,3375443.0,67.34,11.89,5.0,L,True,325,29,40.0,2000.0,2000.0,4
1854,CM61-BEAD-NJ-COM-MID,NJ,0.0,124.59,24.67,5.0,L,True,536,33,50.0,2000.0,2000.0,4
1855,CM61-BEAD-NJ-COM-OCE,NJ,5992982.0,146.49,31.74,5.0,L,True,530,5,40.0,2000.0,2000.0,4
1856,CM61-BEAD-NJ-COM-PAS,NJ,4206849.0,161.8,38.97,5.0,L,True,368,33,50.0,2000.0,2000.0,4
1857,CM61-BEAD-NJ-COM-SAL,NJ,5115926.0,136.05,17.38,5.0,L,True,642,3,40.0,2000.0,2000.0,4
1858,CM61-BEAD-NJ-COM-UNI,NJ,0.0,33.89,6.44,5.0,L,True,169,41,40.0,2000.0,2000.0,4
1859,CM61-BEAD-NJ-PLA-SUS,NJ,1385514.86,62.0,4.0,0.0,L,True,324,34,50.0,5000.0,5000.0,4
1860,CM61-BEAD-NJ-PLA-WAR,NJ,6887022.67,309.0,21.0,0.0,L,True,1033,15,50.0,5000.0,5000.0,4
1861,CM61-BEAD-NJ-STA-ATL,NJ,7500.0,0.0,0.0,0.0,L,False,5,0,61.0,100.0,20.0,4
1862,CM61-BEAD-NJ-STA-BER,NJ,1500.0,0.0,0.0,0.0,L,False,1,0,61.0,100.0,20.0,4
1863,CM61-BEAD-NJ-STA-BUR,NJ,18000.0,0.0,0.0,0.0,L,False,12,0,61.0,100.0,20.0,4
1864,CM61-BEAD-NJ-STA-CAP,NJ,24000.0,0.0,0.0,0.0,L,False,16,0,61.0,100.0,20.0,4
1865,CM61-BEAD-NJ-STA-CUM,NJ,7500.0,0.0,0.0,0.0,L,False,5,0,61.0,100.0,20.0,4
1866,CM61-BEAD-NJ-STA-HUD,NJ,1500.0,0.0,0.0,0.0,L,False,1,0,61.0,100.0,20.0,4
1867,CM61-BEAD-NJ-STA-HUN,NJ,1500.0,0.0,0.0,0.0,L,False,1,0,61.0,100.0,20.0,4
1868,CM61-BEAD-NJ-STA-MID,NJ,1500.0,0.0,0.0,0.0,L,False,1,0,61.0,100.0,20.0,4
1869,CM61-BEAD-NJ-STA-MOR,NJ,1609500.0,0.0,0.0,0.0,L,False,869,0,61.0,100.0,20.0,4
1870,CM61-BEAD-NJ-STA-OCE,NJ,43500.0,0.0,0.0,0.0,L,False,29,0,61.0,100.0,20.0,4
1871,CM61-BEAD-NJ-STA-SAL,NJ,3000.0,0.0,0.0,0.0,L,False,2,0,61.0,100.0,20.0,4
1872,CM61-BEAD-NJ-STA-SUS,NJ,81000.0,0.0,0.0,0.0,L,False,54,0,61.0,100.0,20.0,4
1873,CM61-BEAD-NJ-STA-WAR,NJ,9000.0,0.0,0.0,0.0,L,False,6,0,61.0,100.0,20.0,4
1874,CM61-BEAD-UT-AW1,UT,2080280.68,12.0,13.0,0.0,L,False,1492,0,72.0,487.8686327077745,487.8686327077745,18
1875,CM61-BEAD-UT-UF32,UT,1570999.35,32.0,8.0,2.0,L,True,102,0,50.0,1000.0,1000.0,18
1876,CM61-BEAD-UT-BIT4,UT,166798.29,0.0,0.0,6.0,L,True,43,0,70.0,100.0,100.0,18
1877,CM61-BEAD-UT-BIT5,UT,136057.44,0.0,0.0,0.0,L,True,48,0,70.0,100.0,100.0,18
1878,CM61-BEAD-UT-COM7,UT,6955972.89,32.0,90.0,55.0,L,True,732,0,50.0,1000.0,1000.0,18
1879,CM61-BEAD-UT-BEE2,UT,725528.53,0.0,31.0,0.0,L,True,77,0,50.0,1000.0,1000.0,18
1880,CM61-BEAD-UT-COM8,UT,534691.44,1.0,9.0,0.0,L,True,90,0,50.0,1000.0,1000.0,18
1881,CM61-BEAD-UT-STR26,UT,258335.21,0.0,0.0,2.0,L,True,52,0,72.0,100.0,20.0,18
1882,CM61-BEAD-UT-WF40,UT,10274405.7,0.0,274.0,0.0,L,True,1127,0,50.0,996.8056787932577,996.5217391304348,18
1883,CM61-BEAD-UT-CEN6,UT,1896034.16,11.0,3.0,0.0,L,True,602,2,70.0,324.25249169435216,264.1860465116279,18
1884,CM61-BEAD-UT-DC13,UT,908550.11,7.0,6.0,4.0,L,True,62,0,50.0,1000.0,1000.0,18
1885,CM61-BEAD-UT-EME14,UT,3079354.26,57.0,9.0,99.0,L,True,291,0,70.0,263.9175257731958,198.48797250859116,18
1886,CM61-BEAD-UT-FUS15,UT,494435.8,7.0,5.0,0.0,L,True,88,2,50.0,1000.0,1000.0,18
1887,CM61-BEAD-UT-LIB20,UT,29006459.84,254.0,137.0,9.0,L,True,2872,0,50.0,1000.0,1000.0,18
1888,CM61-BEAD-UT-NN21,UT,26552270.43,0.0,65.0,7.0,L,True,2092,0,72.0,170.1242829827917,96.3575525812619,18
1889,CM61-BEAD-UT-VAI38,UT,1916430.17,11.0,12.0,0.0,L,True,214,2,50.0,1000.0,1000.0,18
1890,CM61-BEAD-UT-OUT22,UT,317976.36,1.0,1.0,0.0,L,True,68,0,50.0,1000.0,1000.0,18
1891,CM61-BEAD-UT-SBP24,UT,465000.0,0.0,8.0,10.0,L,True,31,0,50.0,1000.0,1000.0,18
1892,CM61-BEAD-UT-VAI39,UT,6596804.84,5.0,52.0,3.0,L,True,514,8,50.0,1000.0,1000.0,18
1893,CM61-BEAD-UT-SC23,UT,19858898.36,12.0,149.0,0.0,L,True,2312,6,50.0,989.8788927335645,988.9792387543232,18
1894,CM61-BEAD-UT-SPX25,UT,6104824.0,0.0,0.0,0.0,L,True,7612,0,61.0,100.0,20.0,18
1895,CM61-BEAD-UT-UNI31,UT,939121.77,0.0,5.0,0.0,L,True,537,0,71.0,462.01117318435735,414.18994413407785,18
1896,CM61-BEAD-UT-TER30,UT,8354378.3,0.0,68.0,23.0,L,True,655,0,50.0,1000.0,1000.0,18
1897,CM61-BEAD-UT-BEE3,UT,6368813.5,0.0,25.0,0.0,L,True,449,0,50.0,1000.0,1000.0,18
1898,CM61-BEAD-UT-COM9,UT,189494.89,1.0,3.0,10.0,L,True,61,0,50.0,1000.0,1000.0,18
1899,CM61-BEAD-UT-STR29,UT,43634172.13,0.0,122.0,210.0,L,True,4229,0,50.0,664.388744384013,634.5566327737049,18
1900,CM61-BEAD-UT-STR27,UT,1924331.07,0.0,13.0,13.0,L,True,262,0,50.0,962.2137404580153,958.8549618320612,18
1901,CM61-BEAD-UT-STR28,UT,842282.28,0.0,5.0,8.0,L,True,69,0,50.0,960.8695652173914,957.391304347826,18
1902,CM61-BEAD-UT-UF33,UT,168753.14,7.0,0.0,1.0,L,True,52,0,50.0,965.3846153846155,965.3846153846155,18
1903,CM61-BEAD-UT-INT19,UT,341926.39,0.0,0.0,2.0,L,True,226,0,72.0,100.0,100.0,18
1904,CM61-BEAD-UT-UTE36,UT,1144616.81,0.0,0.0,0.0,L,True,514,0,50.0,562.2568093385213,523.3463035019455,18
1905,CM61-BEAD-UT-UF34,UT,4518194.45,38.0,29.0,14.0,L,True,716,0,50.0,775.0,775.0,18
1906,CM61-BEAD-UT-COM10,UT,2899056.77,6.0,27.0,35.0,L,True,313,0,50.0,1000.0,1000.0,18
1907,CM61-BEAD-UT-COM11,UT,1238942.15,3.0,13.0,40.0,L,True,161,0,50.0,1000.0,1000.0,18
1908,CM61-BEAD-UT-UF35,UT,7934522.12,65.0,82.0,18.0,L,True,919,6,50.0,1000.0,1000.0,18
1909,CM61-BEAD-UT-COM12,UT,6619423.63,0.0,12.0,58.0,L,True,429,0,50.0,1000.0,1000.0,18
1910,CM61-BEAD-UT-UTO37,UT,426468.8,0.0,2.0,0.0,L,True,102,0,50.0,1000.0,1000.0,18
1911,CM61-BEAD-CO-App-000273,CO,807905.97,12.0,0.0,0.0,L,True,161,0,50.0,1000.0,1000.0,21
1912,CM61-BEAD-CO-App-000294,CO,960514.13,10.0,3.0,32.0,L,True,74,0,50.0,2000.0,2000.0,21
1913,CM61-BEAD-CO-App-000300,CO,324976.34,4.0,0.0,0.0,L,True,76,0,50.0,1000.0,1000.0,21
1914,CM61-BEAD-CO-App-000305,CO,1128153.68,21.0,0.0,0.0,L,True,355,0,50.0,1000.0,1000.0,21
1915,CM61-BEAD-CO-App-000330,CO,609683.78,9.0,0.0,0.0,L,True,184,0,50.0,1000.0,1000.0,21
1916,CM61-BEAD-CO-App-000336,CO,3219020.33,0.0,50.0,24.0,L,True,248,0,50.0,1000.0,1000.0,21
1917,CM61-BEAD-CO-App-000345,CO,1247229.0,8.0,9.0,0.0,L,True,327,0,50.0,1000.0,1000.0,21
1918,CM61-BEAD-CO-App-000352,CO,1124128.0,7.0,7.0,0.0,L,True,290,0,50.0,1000.0,1000.0,21
1919,CM61-BEAD-CO-App-000356,CO,1038393.65,15.0,1.0,32.0,L,True,80,0,50.0,2000.0,2000.0,21
1920,CM61-BEAD-CO-App-000357,CO,1077333.42,4.0,11.0,32.0,L,True,83,0,50.0,2000.0,2000.0,21
1921,CM61-BEAD-CO-App-000358,CO,1998907.78,10.0,8.0,32.0,L,True,154,0,50.0,2000.0,2000.0,21
1922,CM61-BEAD-CO-App-000431,CO,2461278.0,25.0,15.0,0.0,L,True,607,0,50.0,1000.0,1000.0,21
1923,CM61-BEAD-CO-App-000432,CO,2535356.0,3.0,25.0,0.0,L,True,800,0,50.0,1000.0,1000.0,21
1924,CM61-BEAD-CO-App-000433,CO,3189039.0,30.0,22.0,0.0,L,True,540,0,50.0,1000.0,1000.0,21
1925,CM61-BEAD-CO-App-000436,CO,1039896.0,8.0,3.0,5.0,L,True,104,0,50.0,1000.0,1000.0,21
1926,CM61-BEAD-CO-App-000437,CO,3783324.0,0.0,29.0,12.0,L,True,472,0,50.0,100.0,100.0,21
1927,CM61-BEAD-CO-App-000483,CO,1649835.0,12.0,4.0,5.0,L,True,165,0,50.0,1000.0,1000.0,21
1928,CM61-BEAD-CO-App-000486,CO,799920.0,12.0,4.0,5.0,L,True,80,0,50.0,1000.0,1000.0,21
1929,CM61-BEAD-CO-App-000565,CO,6710618.99,0.0,44.0,20.0,L,True,517,0,50.0,100.0,100.0,21
1930,CM61-BEAD-CO-App-000566,CO,5360707.24,75.0,61.0,11.0,L,True,413,0,50.0,10000.0,10000.0,21
1931,CM61-BEAD-CO-App-000567,CO,6412080.81,76.0,41.0,12.0,L,True,494,0,50.0,10000.0,10000.0,21
1932,CM61-BEAD-CO-App-000601,CO,1379493.86,15.0,1.0,32.0,L,True,201,0,50.0,2000.0,2000.0,21
1933,CM61-BEAD-CO-App-000626,CO,2699823.5,11.0,16.0,2.0,L,True,208,0,50.0,2000.0,2000.0,21
1934,CM61-BEAD-CO-App-000646,CO,3468224.25,23.0,25.0,0.0,L,True,470,0,50.0,1000.0,1000.0,21
1935,CM61-BEAD-CO-App-000700,CO,25351200.0,0.0,0.0,14.0,L,False,42252,0,61.0,150.0,20.0,21
1936,CM61-BEAD-CO-App-000704,CO,801337.0,3.0,8.0,5.0,L,True,222,0,50.0,2000.0,2000.0,21
1937,CM61-BEAD-CO-App-000707,CO,149511.0,0.0,4.0,5.0,L,True,66,0,50.0,2000.0,2000.0,21
1938,CM61-BEAD-CO-App-000709,CO,1644253.0,22.0,9.0,4.0,L,True,178,0,50.0,1000.0,1000.0,21
1939,CM61-BEAD-CO-App-000711,CO,11100901.0,0.0,194.0,2.0,L,True,961,0,50.0,1000.0,1000.0,21
1940,CM61-BEAD-CO-App-000714,CO,8614942.0,0.0,166.0,2.0,L,True,882,0,50.0,1000.0,1000.0,21
1941,CM61-BEAD-CO-App-000716,CO,5282827.71,0.0,97.0,7.0,L,True,407,0,50.0,1000.0,1000.0,21
1942,CM61-BEAD-CO-App-000717,CO,2634923.9,0.0,78.0,7.0,L,True,203,0,50.0,1000.0,1000.0,21
1943,CM61-BEAD-CO-App-000718,CO,7457831.0,0.0,145.0,2.0,L,True,624,0,50.0,1000.0,1000.0,21
1944,CM61-BEAD-CO-App-000719,CO,10054123.0,0.0,200.0,2.0,L,True,985,0,50.0,1000.0,1000.0,21
1945,CM61-BEAD-CO-App-000720,CO,9605141.3,0.0,208.0,7.0,L,True,740,0,50.0,1000.0,1000.0,21
1946,CM61-BEAD-CO-App-000721,CO,9914400.0,0.0,192.0,7.0,L,True,1034,0,50.0,4702.127659574471,1000.0,21
1947,CM61-BEAD-CO-App-000722,CO,681388.0,28.0,17.0,1.0,L,True,63,0,50.0,2000.0,2000.0,21
1948,CM61-BEAD-CO-App-000728,CO,574971.0,4.0,1.0,0.0,L,True,98,0,50.0,10000.0,10000.0,21
1949,CM61-BEAD-CO-App-000731,CO,8061416.14,49.0,35.0,13.0,L,True,1127,0,50.0,10000.0,10000.0,21
1950,CM61-BEAD-CO-App-000734,CO,2228120.0,7.0,28.0,4.0,L,True,673,0,50.0,10000.0,10000.0,21
1951,CM61-BEAD-CO-App-000737,CO,24327189.0,57.0,171.0,30.0,L,True,2035,0,50.0,10000.0,10000.0,21
1952,CM61-BEAD-CO-App-000749,CO,97200.0,0.0,0.0,4.0,L,False,81,0,71.0,1000.0,500.0,21
1953,CM61-BEAD-CO-App-000753,CO,2362345.56,3.0,10.0,5.0,L,True,182,0,50.0,2000.0,2000.0,21
1954,CM61-BEAD-CO-App-000754,CO,1652056.0,0.0,28.0,6.0,L,True,485,0,50.0,1000.0,1000.0,21
1955,CM61-BEAD-CO-App-000760,CO,1782668.0,16.0,10.0,71.0,L,True,180,0,50.0,6000.0,6000.0,21
1956,CM61-BEAD-CO-App-000762,CO,121984.0,5.0,0.0,1.0,L,True,29,0,50.0,10000.0,10000.0,21
1957,CM61-BEAD-CO-App-000763,CO,4098863.25,47.0,5.0,4.0,L,True,1030,0,50.0,1000.0,1000.0,21
1958,CM61-BEAD-CO-App-000764,CO,457948.5,3.0,2.0,0.0,L,True,162,0,50.0,1000.0,1000.0,21
1959,CM61-BEAD-CO-App-000766,CO,779179.5,1.0,4.0,0.0,L,True,124,0,50.0,1000.0,1000.0,21
1960,CM61-BEAD-CO-App-000767,CO,1411187.25,13.0,8.0,0.0,L,True,195,0,50.0,1000.0,1000.0,21
1961,CM61-BEAD-CO-App-000772,CO,305818.0,5.0,3.0,0.0,L,False,89,0,50.0,1000.0,1000.0,21
1962,CM61-BEAD-CO-App-000773,CO,867300.0,0.0,1.0,3.0,L,False,1196,0,72.0,100.0,20.0,21
1963,CM61-BEAD-CO-App-000778,CO,12171420.9,79.0,31.0,32.0,L,False,803,0,50.0,1604.8567870485683,1588.2191780821918,21
1964,CM61-BEAD-CO-App-000783,CO,484502.25,1.0,3.0,0.0,L,True,144,0,50.0,2000.0,1000.0,21
1965,CM61-BEAD-CO-App-000785,CO,20114982.35,425.0,132.0,5.0,L,True,2838,0,50.0,2000.0,2000.0,21
1966,CM61-BEAD-CO-App-000786,CO,2946441.99,66.0,25.0,1.0,L,True,227,0,50.0,2000.0,2000.0,21
1967,CM61-BEAD-CO-App-000787,CO,446780.0,39.0,29.0,1.0,L,True,128,0,50.0,2000.0,2000.0,21
1968,CM61-BEAD-CO-App-000788,CO,359360.0,25.0,3.0,1.0,L,True,174,0,50.0,2000.0,2000.0,21
1969,CM61-BEAD-CO-App-000789,CO,1370698.0,99.0,45.0,1.0,L,True,266,0,50.0,2000.0,2000.0,21
1970,CM61-BEAD-CO-App-000790,CO,2155660.0,111.0,31.0,2.0,L,True,264,0,50.0,2000.0,2000.0,21
1971,CM61-BEAD-CO-App-000791,CO,916556.0,27.0,17.0,1.0,L,True,374,0,50.0,2000.0,2000.0,21
1972,CM61-BEAD-CO-App-000792,CO,3213969.14,21.0,34.0,36.0,L,True,490,0,50.0,1000.0,100.0,21
1973,CM61-BEAD-CO-App-000793,CO,506216.91,0.0,5.0,12.0,L,True,39,0,50.0,1000.0,100.0,21
1974,CM61-BEAD-CO-App-000794,CO,1980182.8,32.0,0.0,24.0,L,True,329,0,50.0,1000.0,100.0,21
1975,CM61-BEAD-CO-App-000795,CO,6782172.0,137.0,3.0,48.0,L,True,1433,0,50.0,1000.0,100.0,21
1976,CM61-BEAD-CO-App-000796,CO,6055682.88,87.0,5.0,48.0,L,True,600,0,50.0,1000.0,100.0,21
1977,CM61-BEAD-CO-App-000797,CO,6431720.0,113.0,19.0,24.0,L,True,1569,0,50.0,1000.0,100.0,21
1978,CM61-BEAD-CO-App-000798,CO,12686370.74,139.0,48.0,48.0,L,True,1428,0,50.0,1000.0,100.0,21
1979,CM61-BEAD-CO-App-000799,CO,9686115.72,74.0,75.0,36.0,L,True,1430,0,50.0,1000.0,100.0,21
1980,CM61-BEAD-CO-App-000800,CO,3118397.0,54.0,8.0,36.0,L,True,1032,0,50.0,1000.0,100.0,21
1981,CM61-BEAD-CO-App-000804,CO,1069328.0,8.0,0.0,9.0,L,True,151,0,50.0,10000.0,10000.0,21
1982,CM61-BEAD-CO-App-000805,CO,645049.0,4.0,0.0,8.0,L,True,60,0,50.0,2000.0,2000.0,21
1983,CM61-BEAD-CO-App-000809,CO,2685177.0,17.0,13.0,5.0,L,True,479,0,50.0,2000.0,2000.0,21
1984,CM61-BEAD-CO-App-000810,CO,9382422.0,0.0,154.0,10.0,L,True,905,0,50.0,2500.0,2500.0,21
1985,CM61-BEAD-CO-App-000811,CO,2375325.48,0.0,117.0,5.0,L,True,183,0,50.0,2500.0,2500.0,21
1986,CM61-BEAD-CO-App-000816,CO,1946987.1,24.0,5.0,8.0,L,True,150,0,50.0,2000.0,2000.0,21
1987,CM61-BEAD-CO-App-000817,CO,12512642.53,31.0,49.0,6.0,L,True,964,0,50.0,2000.0,2000.0,21
1988,CM61-BEAD-CO-App-000818,CO,8082871.0,53.0,14.0,30.0,L,True,640,0,50.0,2000.0,2000.0,21
1989,CM61-BEAD-CO-App-000819,CO,228600.0,0.0,0.0,4.0,L,False,254,0,70.0,1000.0,500.0,21
1990,CM61-BEAD-CO-App-000820,CO,50400.0,0.0,0.0,4.0,L,False,42,0,70.0,1000.0,500.0,21
1991,CM61-BEAD-CO-App-000839,CO,77400.0,0.0,0.0,4.0,L,False,86,0,71.0,1000.0,500.0,21
1992,CM61-BEAD-CO-App-000853,CO,2278695.0,0.0,12.0,17.0,L,True,188,0,50.0,10000.0,10000.0,21
1993,CM61-BEAD-CO-App-000854,CO,394724.0,0.0,0.0,0.0,L,False,703,0,72.0,100.0,20.0,21
1994,CM61-BEAD-CO-App-000856,CO,279294.0,4.0,0.0,0.0,L,True,291,0,50.0,10000.0,10000.0,21
1995,CM61-BEAD-CO-App-000859,CO,249700.0,0.0,0.0,0.0,L,False,161,0,72.0,300.0,50.0,21
1996,CM61-BEAD-CO-App-000866,CO,1511782.0,0.0,8.0,0.0,L,True,237,0,50.0,10000.0,10000.0,21
1997,CM61-BEAD-CO-App-000905,CO,9161999.9,0.0,0.0,0.0,L,False,5400,0,61.0,100.0,20.0,21
1998,CM61-BEAD-CO-App-000909,CO,7606233.52,20.0,32.0,30.0,L,True,586,0,50.0,10000.0,10000.0,21
1999,CM61-BEAD-CO-App-000910,CO,14485591.47,37.0,111.0,20.0,L,True,1116,0,50.0,10000.0,10000.0,21
2000,CM61-BEAD-CO-App-000911,CO,2809691.0,16.0,17.0,8.0,L,True,260,0,50.0,10000.0,10000.0,21
2001,CM61-BEAD-CO-App-000913,CO,2751743.18,10.0,50.0,12.0,L,True,212,0,50.0,10000.0,10000.0,21
2002,CM61-BEAD-CO-App-000914,CO,51144750.0,126.0,400.0,45.0,L,True,6023,0,50.0,10000.0,10000.0,21
2003,CM61-BEAD-MS-AMZ Hphrys-221,MS,144343.26,0.0,0.0,0.0,L,True,221,0,61.0,100.0,20.0,10
2004,CM61-BEAD-MS-AMZ State-8448,MS,5183400.0,0.0,0.0,0.0,L,False,8070,0,61.0,100.0,20.0,10
2005,CM61-BEAD-MS-ATT Attala-448,MS,3050639.77,14.0,53.0,0.0,L,True,449,0,50.0,1000.0,1000.0,10
2006,CM61-BEAD-MS-ATT Clbrn-1973,MS,619678.63,36.0,49.0,0.0,L,True,1973,0,50.0,1000.0,1000.0,10
2007,CM61-BEAD-MS-ATT Desoto-270,MS,1136639.2,39.0,54.0,0.0,L,True,270,0,50.0,1000.0,1000.0,10
2008,CM61-BEAD-MS-ATT Frrst-2461,MS,7905175.0,98.0,279.0,0.0,L,True,904,0,50.0,1000.0,1000.0,10
2009,CM61-BEAD-MS-ATT Jksn 2-122,MS,183000.0,6.0,4.0,0.0,L,True,122,0,50.0,1000.0,1000.0,10
2010,CM61-BEAD-MS-ATT Jkson-2077,MS,7255605.0,165.0,339.0,0.0,L,True,903,0,50.0,1000.0,1000.0,10
2011,CM61-BEAD-MS-ATT Kemper-2375,MS,18541960.53,85.0,223.0,0.0,L,True,2374,0,50.0,1000.0,1000.0,10
2012,CM61-BEAD-MS-ATT Lamar-2505,MS,10035000.0,88.0,257.0,0.0,L,True,1114,0,50.0,1000.0,1000.0,10
2013,CM61-BEAD-MS-ATT Leake -524,MS,3103853.8,20.0,53.0,0.0,L,True,524,0,50.0,1000.0,1000.0,10
2014,CM61-BEAD-MS-ATT Leake-2506,MS,16898985.83,80.0,292.0,0.0,L,True,2491,0,50.0,1000.0,1000.0,10
2015,CM61-BEAD-MS-ATT Leake-87,MS,465591.58,3.0,9.0,0.0,L,True,87,0,50.0,1000.0,1000.0,10
2016,CM61-BEAD-MS-ATT Leflor-149,MS,512625.52,19.0,22.0,0.0,L,True,149,0,50.0,1000.0,1000.0,10
2017,CM61-BEAD-MS-ATT Monroe-2104,MS,11674773.03,94.0,266.0,0.0,L,True,2104,0,50.0,1000.0,1000.0,10
2018,CM61-BEAD-MS-ATT Mshll-3777,MS,37044599.66,259.0,669.0,0.0,L,True,3777,0,50.0,1000.0,1000.0,10
2019,CM61-BEAD-MS-ATT Neshob-127,MS,968486.37,4.0,10.0,0.0,L,True,127,0,50.0,1000.0,1000.0,10
2020,CM61-BEAD-MS-ATT Newton-4075,MS,26315197.05,131.0,354.0,0.0,L,True,4033,0,50.0,1000.0,1000.0,10
2021,CM61-BEAD-MS-ATT Rankin-1234,MS,10348193.72,53.0,205.0,0.0,L,True,1233,0,50.0,1000.0,1000.0,10
2022,CM61-BEAD-MS-ATT Rankin-931,MS,1184442.4,70.0,129.0,0.0,L,True,931,0,50.0,1000.0,1000.0,10
2023,CM61-BEAD-MS-ATT Scott-73,MS,360133.63,1.0,8.0,0.0,L,True,65,0,50.0,1000.0,1000.0,10
2024,CM61-BEAD-MS-ATT Smpsn-1960,MS,6228309.03,53.0,208.0,0.0,L,True,1872,0,50.0,1000.0,1000.0,10
2025,CM61-BEAD-MS-ATT Tate-73,MS,525148.13,10.0,22.0,0.0,L,True,73,0,50.0,1000.0,1000.0,10
2026,CM61-BEAD-MS-ATT Tlhtch-60,MS,120000.0,2.0,4.0,0.0,L,True,60,0,50.0,1000.0,1000.0,10
2027,CM61-BEAD-MS-ATT Tunica-482,MS,4368700.72,90.0,69.0,0.0,L,True,481,0,50.0,1000.0,1000.0,10
2028,CM61-BEAD-MS-ATT Wnstn-886,MS,4832482.67,27.0,82.0,0.0,L,True,886,0,50.0,1000.0,1000.0,10
2029,CM61-BEAD-MS-ATT Wshtn-4330,MS,23969131.31,243.0,567.0,0.0,L,True,4330,0,50.0,1000.0,1000.0,10
2030,CM61-BEAD-MS-ATT Yazoo-3474,MS,26998615.93,212.0,468.0,0.0,L,True,3372,0,50.0,1000.0,1000.0,10
2031,CM61-BEAD-MS-BTC Attala-3198,MS,34554443.0,0.0,575.0,8.0,L,True,3101,0,50.0,1000.0,1000.0,10
2032,CM61-BEAD-MS-COM Copiah-2257,MS,7667907.0,83.0,125.0,10.0,L,True,2211,0,50.0,2000.0,2000.0,10
2033,CM61-BEAD-MS-COM Copiah-2844,MS,13320335.0,132.0,199.0,15.0,L,True,2844,0,50.0,2000.0,2000.0,10
2034,CM61-BEAD-MS-COM Hinds-3122,MS,14070662.0,202.0,303.0,10.0,L,True,3121,0,50.0,2000.0,2000.0,10
2035,CM61-BEAD-MS-COM Mdsn 1-781,MS,5679733.0,54.0,81.0,5.0,L,True,777,0,50.0,2000.0,2000.0,10
2036,CM61-BEAD-MS-COM Mdsn 2-53,MS,213378.0,2.0,2.0,0.0,L,True,53,0,50.0,2000.0,2000.0,10
2037,CM61-BEAD-MS-COM Rankin-1515,MS,2716182.0,64.0,96.0,2.0,L,True,1515,0,50.0,2000.0,2000.0,10
2038,CM61-BEAD-MS-COM Smpsn-189,MS,556946.0,7.0,10.0,0.0,L,True,189,0,50.0,2000.0,2000.0,10
2039,CM61-BEAD-MS-COM Smpson-48,MS,395303.0,3.0,4.0,0.0,L,True,48,0,50.0,2000.0,2000.0,10
2040,CM61-BEAD-MS-CON Jffsn-1255,MS,7806925.5,252.0,14.0,10.0,L,True,1255,0,50.0,2000.0,2000.0,10
2041,CM61-BEAD-MS-CON Lncln1-2712,MS,16958202.75,508.0,45.0,10.0,L,True,2709,0,50.0,2000.0,2000.0,10
2042,CM61-BEAD-MS-CON Lncln2-1130,MS,3106575.0,3.0,35.0,3.0,L,True,1331,0,50.0,2000.0,2000.0,10
2043,CM61-BEAD-MS-CON Pike-4556,MS,21224064.75,429.0,91.0,10.0,L,True,4530,0,50.0,2000.0,2000.0,10
2044,CM61-BEAD-MS-CON Wlknsn-3457,MS,17363475.75,516.0,42.0,10.0,L,True,3457,0,50.0,2000.0,2000.0,10
2045,CM61-BEAD-MS-CSM JD-6334,MS,40496914.83,0.0,1288.0,71.0,L,True,5832,0,50.0,1000.0,1000.0,10
2046,CM61-BEAD-MS-FTC Frnkln-139,MS,658660.0,0.0,22.0,0.0,L,True,139,0,50.0,2500.0,2500.0,10
2047,CM61-BEAD-MS-FTC Hphrys-1079,MS,4839192.0,0.0,83.0,0.0,L,True,897,0,50.0,2500.0,2500.0,10
2048,CM61-BEAD-MS-FTC Perry-590,MS,2049386.5,0.0,35.0,0.0,L,True,438,0,50.0,2500.0,2500.0,10
2049,CM61-BEAD-MS-FTC Wlknsn-51,MS,168436.0,0.0,2.0,0.0,L,True,51,0,50.0,2500.0,2500.0,10
2050,CM61-BEAD-MS-MCL Hnck-199,MS,741963.33,0.0,16.0,0.0,L,True,199,0,50.0,2000.0,1000.0,10
2051,CM61-BEAD-MS-SPE Jkson-17,MS,14250.0,0.0,0.0,0.0,L,True,17,0,61.0,100.0,20.0,10
2052,CM61-BEAD-MS-SPE State-4433,MS,4419832.0,0.0,0.0,0.0,L,False,5166,0,61.0,100.0,20.0,10
2053,CM61-BEAD-MS-TEC Scott-3766,MS,57017312.4,418.0,253.0,40.0,L,True,6088,0,50.0,1000.0,1000.0,10
2054,CM61-BEAD-MS-TEL Hinds-4335,MS,22338413.4,0.0,561.0,15.0,L,True,4320,18,50.0,2000.0,2000.0,10
2055,CM61-BEAD-MA-CI7COM,MA,1566354.67,19.0,4.0,60.0,L,True,189,68,40.0,2000.0,2000.0,3
2056,CM61-BEAD-MA-SE6SPX,MA,258472.36,0.0,0.0,0.0,L,False,165,0,61.0,450.0,55.0,3
2057,CM61-BEAD-MA-BK1SPX,MA,465000.0,0.0,0.0,0.0,L,False,288,0,61.0,450.0,55.0,3
2058,CM61-BEAD-MA-CI7SPX,MA,255000.0,0.0,0.0,0.0,L,False,169,0,61.0,450.0,55.0,3
2059,CM61-BEAD-MA-NE4SPX,MA,159000.0,0.0,0.0,0.0,L,False,90,0,61.0,450.0,55.0,3
2060,CM61-BEAD-MA-PV2SPX,MA,595500.0,0.0,0.0,0.0,L,False,360,0,61.0,450.0,55.0,3
2061,CM61-BEAD-MA-CN3SPX,MA,475500.0,0.0,0.0,0.0,L,False,234,0,61.0,450.0,55.0,3
2062,CM61-BEAD-MA-GB5SPX,MA,30000.0,0.0,0.0,0.0,L,False,20,0,61.0,450.0,55.0,3
2063,CM61-BEAD-MA-GB5COM,MA,3484383.72,48.0,9.0,200.0,L,True,667,414,40.0,2000.0,2000.0,3
2064,CM61-BEAD-MA-NE4COM,MA,1788204.71,25.0,4.0,335.0,L,True,413,287,40.0,2000.0,2000.0,3
2065,CM61-BEAD-MA-CN3COM,MA,913881.43,12.0,2.0,65.0,L,True,152,83,40.0,2000.0,2000.0,3
2066,CM61-BEAD-MA-SE6COM,MA,4704296.11,64.0,11.0,185.0,L,True,635,272,40.0,2000.0,2000.0,3
2067,CM61-BEAD-MA-PV2COM,MA,771099.21,4.0,1.0,60.0,L,True,122,63,50.0,2000.0,2000.0,3
2068,CM61-BEAD-MA-BK1VZN,MA,524539.0,37.0,2.0,0.0,L,True,75,0,50.0,940.0,880.0,3
2069,CM61-BEAD-MA-CN3VZN,MA,129114.0,11.0,0.2,0.0,L,True,12,5,50.0,965.0,930.0,3
2070,CM61-BEAD-MA-PV2VZN,MA,934800.0,64.0,11.0,0.0,L,True,82,13,50.0,949.5121951219511,899.0243902439025,3
2071,CM61-BEAD-MA-CI7VZN,MA,492350.0,11.0,12.0,0.0,L,True,43,5,50.0,946.9767441860465,893.953488372093,3
2072,CM61-BEAD-MA-BK1ARC,MA,1002942.23,3.26,4.4,8.0,L,True,64,11,50.0,8000.0,8000.0,3
2073,CM61-BEAD-MA-CI7OPC,MA,285029.0,8.0,1.0,1.0,L,True,28,22,50.0,10000.0,10000.0,3
2074,CM61-BEAD-VA-AKC001,VA,126000.0,0.0,0.0,0.0,L,True,152,0,61.0,177.9605263157894,23.35526315789475,20
2075,CM61-BEAD-VA-AKC002,VA,187200.0,0.0,0.0,0.0,L,True,253,0,61.0,162.64822134387347,21.264822134387366,20
2076,CM61-BEAD-VA-AKC003,VA,399300.0,0.0,0.0,0.0,L,True,234,0,61.0,316.66666666666674,40.00000000000002,20
2077,CM61-BEAD-VA-AKC004,VA,308400.0,0.0,0.0,0.0,L,True,451,0,61.0,150.0,20.0,20
2078,CM61-BEAD-VA-AKC005,VA,1228800.0,0.0,0.0,0.0,L,True,1693,0,61.0,150.0,20.0,20
2079,CM61-BEAD-VA-AKC006,VA,444600.0,0.0,0.0,0.0,L,True,686,0,61.0,150.0,20.0,20
2080,CM61-BEAD-VA-AKC007,VA,409200.0,0.0,0.0,0.0,L,True,604,0,61.0,150.0,20.0,20
2081,CM61-BEAD-VA-AKC008,VA,819750.0,0.0,0.0,0.0,L,True,1134,0,61.0,150.66137566137547,20.079365079365076,20
2082,CM61-BEAD-VA-AKC009,VA,538050.0,0.0,0.0,0.0,L,True,831,0,61.0,150.24067388688326,20.024067388688312,20
2083,CM61-BEAD-VA-APB002,VA,1117284.0,0.0,0.0,0.0,L,True,161,0,50.0,10000.0,10000.0,20
2084,CM61-BEAD-VA-APB004,VA,144110967.0,0.0,0.0,0.0,L,True,14269,83,50.0,9941.382449751376,9941.382449751376,20
2085,CM61-BEAD-VA-BRT001,VA,44191.0,0.0,0.0,0.0,L,True,55,0,50.0,2000.0,2000.0,20
2086,CM61-BEAD-VA-BRT003,VA,1517211.0,0.0,0.0,0.0,L,True,480,3,50.0,1989.6265560165973,1989.6265560165973,20
2087,CM61-BEAD-VA-BRT004,VA,701232.0,0.0,0.0,0.0,L,True,356,0,50.0,2000.0,2000.0,20
2088,CM61-BEAD-VA-BRT008,VA,14379014.0,0.0,0.0,0.0,L,True,2658,1,50.0,1999.6237772761474,1999.6237772761474,20
2089,CM61-BEAD-VA-BRT009,VA,19550.0,0.0,0.0,0.0,L,True,8,0,50.0,2000.0,2000.0,20
2090,CM61-BEAD-VA-BRZ006,VA,497752.0,0.0,0.0,0.0,L,True,43,9,40.0,1000.0,525.0,20
2091,CM61-BEAD-VA-CIT001,VA,5665639.0,0.0,0.0,0.0,L,True,609,4,50.0,1000.0,1000.0,20
2092,CM61-BEAD-VA-COM002,VA,70645772.0,0.0,0.0,0.0,L,True,6867,29,50.0,1989.2529488859805,1979.7524392019754,20
2093,CM61-BEAD-VA-COM003,VA,16681.0,0.0,0.0,0.0,L,True,169,4,50.0,1962.1301775147926,1941.4497041420123,20
2094,CM61-BEAD-VA-COM004,VA,41684526.0,0.0,0.0,0.0,L,True,3956,52,50.0,1964.5104455071719,1938.1198087087819,20
2095,CM61-BEAD-VA-COM006,VA,12677913.0,0.0,0.0,0.0,L,True,1307,11,40.0,1927.536231884058,1838.6727688787194,20
2096,CM61-BEAD-VA-COM009,VA,998212.0,0.0,0.0,0.0,L,True,657,6,50.0,1922.6788432267883,1823.3789954337897,20
2097,CM61-BEAD-VA-EMP003,VA,30968700.0,0.0,0.0,0.0,L,True,2960,13,50.0,1000.0,1000.0,20
2098,CM61-BEAD-VA-ESV005,VA,8812916.0,0.0,0.0,0.0,L,True,3069,11,50.0,202.8673835125448,202.8673835125448,20
2099,CM61-BEAD-VA-FBL006,VA,2788698.0,0.0,0.0,0.0,L,True,289,0,50.0,1000.0,500.0,20
2100,CM61-BEAD-VA-GIG001,VA,17815759.0,0.0,0.0,0.0,L,True,3247,8,50.0,6778.769230769226,6778.769230769226,20
2101,CM61-BEAD-VA-GIG002,VA,359182.0,0.0,0.0,0.0,L,True,41,1,50.0,6121.951219512195,6121.951219512195,20
2102,CM61-BEAD-VA-GTN005,VA,1690498.39,0.0,0.0,0.0,L,True,138,18,50.0,1745.341614906832,1745.341614906832,20
2103,CM61-BEAD-VA-IBT006,VA,3766585.0,0.0,0.0,0.0,L,True,1220,0,71.0,1000.0,100.0,20
2104,CM61-BEAD-VA-IWS006,VA,797940.0,0.0,0.0,0.0,L,True,245,0,50.0,1000.0,1000.0,20
2105,CM61-BEAD-VA-KIN003,VA,1228806.0,0.0,0.0,0.0,L,True,677,1,50.0,9986.706056129986,9986.706056129986,20
2106,CM61-BEAD-VA-MGW008,VA,5281183.0,0.0,0.0,0.0,L,True,510,4,50.0,1000.0,1000.0,20
2107,CM61-BEAD-VA-POI001,VA,23358488.0,0.0,0.0,0.0,L,True,2452,3,50.0,1000.0,1000.0,20
2108,CM61-BEAD-VA-POR004,VA,21806686.0,0.0,0.0,0.0,L,True,3192,1,50.0,9997.180451127819,9997.180451127819,20
2109,CM61-BEAD-VA-RSN002,VA,912390.0,0.0,0.0,0.0,L,True,137,0,50.0,1000.0,1000.0,20
2110,CM61-BEAD-VA-RSN003,VA,19268818.0,0.0,0.0,0.0,L,True,5558,25,50.0,1000.0,1000.0,20
2111,CM61-BEAD-VA-RSN004,VA,1724010.0,0.0,0.0,0.0,L,True,984,2,50.0,1000.0,1000.0,20
2112,CM61-BEAD-VA-RSN006,VA,22097004.0,0.0,0.0,0.0,L,True,3115,9,50.0,1000.0,1000.0,20
2113,CM61-BEAD-VA-SCT001,VA,482000.0,0.0,0.0,0.0,L,True,184,7,50.0,1000.0,1000.0,20
2114,CM61-BEAD-VA-SPX001,VA,445500.0,0.0,0.0,0.0,L,True,1176,0,61.0,100.0,20.0,20
2115,CM61-BEAD-VA-SPX002,VA,495000.0,0.0,0.0,0.0,L,True,785,0,61.0,100.0,20.0,20
2116,CM61-BEAD-VA-SPX003,VA,486750.0,0.0,0.0,0.0,L,True,797,0,61.0,100.0,20.0,20
2117,CM61-BEAD-VA-SPX004,VA,354750.0,0.0,0.0,0.0,L,True,560,0,61.0,100.0,20.0,20
2118,CM61-BEAD-VA-SPX005,VA,309750.0,0.0,0.0,0.0,L,True,230,0,61.0,100.0,20.0,20
2119,CM61-BEAD-VA-SPX006,VA,119250.0,0.0,0.0,0.0,L,True,145,0,61.0,100.0,20.0,20
2120,CM61-BEAD-VA-SPX007,VA,149250.0,0.0,0.0,0.0,L,True,132,0,61.0,100.0,20.0,20
2121,CM61-BEAD-VA-SPX008,VA,434250.0,0.0,0.0,0.0,L,True,796,0,61.0,100.0,20.0,20
2122,CM61-BEAD-VA-SPX009,VA,464250.0,0.0,0.0,0.0,L,True,330,0,61.0,100.0,20.0,20
2123,CM61-BEAD-VA-VER001,VA,464976.0,0.0,0.0,0.0,L,True,51,0,50.0,940.0,880.0,20
2124,CM61-BEAD-VA-VER002,VA,22477950.0,0.0,0.0,0.0,L,True,2161,25,50.0,940.7763401109057,878.2809611829962,20
2125,CM61-BEAD-VA-WIF007,VA,19141481.77,0.0,0.0,0.0,L,True,1823,0,50.0,6786.06692265497,6786.06692265497,20
2126,CM61-BEAD-VA-ZIT001,VA,13190324.0,0.0,0.0,0.0,L,True,5292,3,50.0,1999.4331065759636,1999.4331065759636,20
2127,CM61-BEAD-VA-ZIT002,VA,9338465.0,0.0,0.0,0.0,L,True,3347,10,50.0,1997.0122497759187,1997.0122497759187,20
2128,CM61-BEAD-VA-ZIT008,VA,6059997.0,0.0,0.0,0.0,L,True,720,0,50.0,2000.0,2000.0,20
2129,CM61-BEAD-VA-ZIT009,VA,9541560.0,0.0,0.0,0.0,L,True,997,1,50.0,1998.9969909729189,1998.9969909729189,20
2130,CM61-BEAD-ID-007067,ID,4019796.0,16.0,42.0,20.0,L,True,918,0,50.0,500.0,500.0,23
2131,CM61-BEAD-ID-007072,ID,10641940.0,0.0,97.0,2.0,L,True,951,0,50.0,2000.0,2000.0,23
2132,CM61-BEAD-ID-007074,ID,162966.5,0.0,8.0,0.0,L,True,100,0,72.0,554.1100000000004,363.65000000000003,23
2133,CM61-BEAD-ID-007075,ID,1811284.58,20.0,5.0,12.0,L,True,211,0,71.0,523.2227488151658,461.042654028436,23
2134,CM61-BEAD-ID-007078,ID,107623.48,0.0,0.0,0.0,L,True,62,0,72.0,600.0,125.0,23
2135,CM61-BEAD-ID-007079,ID,30315.46,0.0,0.0,0.0,L,True,7,0,50.0,10000.0,10000.0,23
2136,CM61-BEAD-ID-007081,ID,1146532.59,0.0,0.0,3.0,L,True,588,1,72.0,612.5850340136054,138.39285714285714,23
2137,CM61-BEAD-ID-007082,ID,5560009.0,5.0,47.0,9.0,L,True,1015,2,50.0,1000.0,1000.0,23
2138,CM61-BEAD-ID-007083,ID,662648.88,0.0,0.0,2.0,L,True,86,2,72.0,772.0930232558139,308.1395348837209,23
2139,CM61-BEAD-ID-007084,ID,200210.0,0.0,1.0,9.0,L,True,42,0,50.0,1000.0,1000.0,23
2140,CM61-BEAD-ID-007085,ID,110208.18,2.0,1.0,0.0,L,True,18,0,50.0,8000.0,8000.0,23
2141,CM61-BEAD-ID-007086,ID,2720100.0,0.0,29.0,10.0,L,True,247,0,50.0,5000.0,5000.0,23
2142,CM61-BEAD-ID-007088,ID,10582938.0,5.0,86.0,5.0,L,True,943,1,50.0,1000.0,1000.0,23
2143,CM61-BEAD-ID-007089,ID,1167422.0,0.0,119.0,18.0,L,True,590,0,50.0,1000.0,1000.0,23
2144,CM61-BEAD-ID-007091,ID,1351904.25,0.0,35.0,4.0,L,True,195,6,50.0,1000.0,1000.0,23
2145,CM61-BEAD-ID-007094,ID,756418.76,14.0,8.0,3.0,L,True,211,0,50.0,8000.0,8000.0,23
2146,CM61-BEAD-ID-007095,ID,6040423.84,0.0,0.0,10.0,L,True,4478,3,72.0,604.9575703439036,130.27579276462706,23
2147,CM61-BEAD-ID-007096,ID,480141.68,0.0,0.0,1.0,L,True,130,0,72.0,600.0,125.0,23
2148,CM61-BEAD-ID-007098,ID,485667.5,0.0,5.0,14.0,L,True,122,1,50.0,2000.0,2000.0,23
2149,CM61-BEAD-ID-007099,ID,16030776.0,0.0,251.0,17.0,L,True,1880,8,50.0,8000.0,8000.0,23
2150,CM61-BEAD-ID-007101,ID,13816358.46,0.0,264.0,0.0,L,True,3455,0,50.0,4350.784659913162,4304.220549927641,23
2151,CM61-BEAD-ID-007108,ID,19120.0,0.0,1.0,0.0,L,True,2,0,50.0,1000.0,1000.0,23
2152,CM61-BEAD-ID-007111,ID,1305795.25,0.0,62.0,0.0,L,True,551,0,50.0,1000.0,1000.0,23
2153,CM61-BEAD-ID-007113,ID,11501856.0,46.0,31.0,8.0,L,True,772,0,50.0,10000.0,10000.0,23
2154,CM61-BEAD-ID-007114,ID,8625965.2,0.0,247.0,15.0,L,True,885,0,50.0,1000.0,1000.0,23
2155,CM61-BEAD-ID-007116,ID,7854.0,0.0,6.0,10.0,L,True,10,0,50.0,5000.0,5000.0,23
2156,CM61-BEAD-ID-007119,ID,4279983.5,1.0,25.0,15.0,L,True,488,0,50.0,2000.0,2000.0,23
2157,CM61-BEAD-ID-007120,ID,2042233.0,1.0,24.0,15.0,L,True,181,0,50.0,2000.0,2000.0,23
2158,CM61-BEAD-ID-007121,ID,5211075.0,3.0,61.0,20.0,L,True,322,0,50.0,2000.0,2000.0,23
2159,CM61-BEAD-ID-007122,ID,370140.0,1.0,13.0,14.0,L,True,24,1,50.0,2000.0,2000.0,23
2160,CM61-BEAD-ID-007123,ID,7137424.0,6.0,110.0,30.0,L,True,374,1,50.0,2000.0,2000.0,23
2161,CM61-BEAD-ID-007124,ID,1589040.0,1.0,19.0,15.0,L,True,83,0,50.0,2000.0,2000.0,23
2162,CM61-BEAD-ID-007125,ID,45538.5,0.0,1.0,15.0,L,True,32,0,50.0,2000.0,2000.0,23
2163,CM61-BEAD-ID-007128,ID,1447330.0,28.0,0.0,4.0,L,True,102,0,50.0,8000.0,8000.0,23
2164,CM61-BEAD-ID-007129,ID,834652.56,0.0,2.0,2.0,L,True,508,0,71.0,300.0,100.0,23
2165,CM61-BEAD-ID-007131,ID,799500.0,0.0,1.0,0.0,L,True,41,0,50.0,1000.0,1000.0,23
2166,CM61-BEAD-ID-007132,ID,276306.98,3.0,0.0,1.0,L,True,39,0,50.0,8000.0,8000.0,23
2167,CM61-BEAD-ID-007133,ID,10163050.0,5.0,5.0,4.0,L,True,2054,0,71.0,1000.0,1000.0,23
2168,CM61-BEAD-ID-007134,ID,2804831.2,0.0,81.0,10.0,L,True,587,0,50.0,1000.0,1000.0,23
2169,CM61-BEAD-ID-007135,ID,127974.72,0.0,4.0,0.0,L,True,34,0,50.0,1000.0,1000.0,23
2170,CM61-BEAD-ID-007139,ID,773412.14,0.0,61.0,40.0,L,True,136,0,50.0,629.4117647058823,596.470588235294,23
2171,CM61-BEAD-ID-007141,ID,27474338.71,2.0,248.0,40.0,L,True,2783,0,50.0,896.9816744520297,772.5332375134751,23
2172,CM61-BEAD-ID-007142,ID,12724182.62,0.0,57.0,40.0,L,True,1775,0,72.0,3184.3380281690115,2851.707042253524,23
2173,CM61-BEAD-ID-007143,ID,1708638.88,0.0,55.0,15.0,L,True,500,0,50.0,1000.0,1000.0,23
2174,CM61-BEAD-ID-007144,ID,308867.0,0.0,47.0,0.0,L,True,186,0,50.0,1000.0,1000.0,23
2175,CM61-BEAD-ID-007145,ID,8179122.0,35.0,23.0,7.0,L,True,514,0,50.0,10000.0,10000.0,23
2176,CM61-BEAD-ID-007146,ID,1868993.97,5.0,5.0,7.0,L,True,319,0,50.0,10000.0,10000.0,23
2177,CM61-BEAD-ID-007147,ID,1992519.49,11.0,7.0,7.0,L,True,263,0,50.0,10000.0,10000.0,23
2178,CM61-BEAD-ID-007148,ID,9897825.48,39.0,26.0,9.0,L,True,1008,0,50.0,10000.0,10000.0,23
2179,CM61-BEAD-ID-007151,ID,3094064.05,26.0,17.0,7.0,L,True,160,0,50.0,10000.0,10000.0,23
2180,CM61-BEAD-ID-007156,ID,3614910.89,0.0,110.0,15.0,L,True,635,0,50.0,1000.0,1000.0,23
2181,CM61-BEAD-ID-007158,ID,721500.0,0.0,14.0,0.0,L,True,37,0,50.0,1000.0,1000.0,23
2182,CM61-BEAD-ID-007160,ID,8788569.55,0.0,237.0,10.0,L,True,1158,0,50.0,10000.0,10000.0,23
2183,CM61-BEAD-ID-007167,ID,3039246.0,0.0,30.0,5.0,L,True,193,0,50.0,10000.0,10000.0,23
2184,CM61-BEAD-ID-007168,ID,2652114.0,0.0,244.0,10.0,L,True,2442,0,70.0,300.0,100.0,23
2185,CM61-BEAD-ID-007169,ID,18426043.72,0.0,443.0,40.0,L,True,3663,0,50.0,1000.0,1000.0,23
2186,CM61-BEAD-ID-007170,ID,644290.64,0.0,8.0,0.0,L,True,331,0,50.0,1000.0,1000.0,23
2187,CM61-BEAD-ID-007171,ID,35730000.0,0.0,0.0,0.0,L,False,23819,0,61.0,450.0,55.0,23
2188,CM61-BEAD-ID-007173,ID,1509370.5,1.0,24.0,15.0,L,True,2286,17,50.0,2000.0,2000.0,23
2189,CM61-BEAD-ID-007183,ID,1658940.0,0.0,15.0,5.0,L,True,215,1,50.0,1000.0,1000.0,23
2190,CM61-BEAD-ID-007184,ID,2294978.0,0.0,100.0,5.0,L,True,141,0,50.0,1000.0,1000.0,23
2191,CM61-BEAD-ID-007185,ID,2838461.0,3.0,9.0,5.0,L,True,362,1,50.0,1000.0,1000.0,23
2192,CM61-BEAD-ID-007232,ID,808291.58,0.0,0.0,2.0,L,True,711,0,72.0,500.0,100.0,23
2193,CM61-BEAD-ID-007241,ID,382506.59,0.0,0.0,2.0,L,True,166,0,72.0,500.0,100.0,23
2194,CM61-BEAD-ID-007246,ID,174490.5,0.0,0.0,2.0,L,True,136,0,72.0,500.0,100.0,23
2195,CM61-BEAD-ID-007264,ID,1298224.0,0.0,0.0,17.0,L,True,518,0,72.0,1000.0,200.0,23
2196,CM61-BEAD-ID-007265,ID,1089137.0,0.0,0.0,2.0,L,False,1350,0,71.0,100.0,20.0,23
2197,CM61-BEAD-ID-007272,ID,2283286.01,4.0,9.0,5.0,L,True,251,0,50.0,1000.0,1000.0,23
2198,CM61-BEAD-ID-007273,ID,1583029.14,13.0,2.0,10.0,L,True,230,0,50.0,1000.0,1000.0,23
2199,CM61-BEAD-ID-007274,ID,79074.03,1.0,0.0,5.0,L,True,60,0,50.0,5000.0,5000.0,23
2200,CM61-BEAD-ID-007275,ID,6689603.68,21.0,21.0,50.0,L,True,1149,1,50.0,1000.0,1000.0,23
2201,CM61-BEAD-ID-007276,ID,1340116.12,2.0,5.0,5.0,L,True,277,0,50.0,5000.0,5000.0,23
2202,CM61-BEAD-ID-007277,ID,14394651.0,5.0,84.0,50.0,L,True,1668,0,50.0,5000.0,5000.0,23
2203,CM61-BEAD-ID-007294,ID,1152480.0,0.0,11.0,2.0,L,True,459,0,71.0,300.0,100.0,23
2204,CM61-BEAD-ID-007296,ID,372576.75,0.0,0.0,1.0,L,True,53,0,72.0,600.0,125.0,23
2205,CM61-BEAD-ID-007298,ID,33077197.75,0.0,490.0,40.0,L,True,4235,5,50.0,10000.0,10000.0,23
2206,CM61-BEAD-ID-007301,ID,679234.0,0.0,11.0,0.0,L,True,168,1,50.0,10000.0,10000.0,23
2207,CM61-BEAD-ID-007302,ID,743874.0,0.0,0.0,0.0,L,True,262,0,70.0,250.0,100.0,23
2208,CM61-BEAD-ID-007305,ID,1382850.0,0.0,49.0,0.0,L,True,98,0,50.0,1000.0,1000.0,23
2209,CM61-BEAD-ID-007307,ID,6118602.0,0.0,96.0,7.0,L,True,702,1,50.0,8000.0,8000.0,23
2210,CM61-BEAD-ID-007308,ID,687934.0,0.0,11.0,18.0,L,True,39,0,50.0,1000.0,1000.0,23
2211,CM61-BEAD-ID-007310,ID,1504970.0,0.0,50.0,1.0,L,True,125,0,50.0,100.0,100.0,23
2212,CM61-BEAD-ID-007317,ID,436154.36,2.0,1.0,5.0,L,True,71,0,50.0,1000.0,1000.0,23
2213,CM61-BEAD-ID-007318,ID,7324376.0,0.0,115.0,7.0,L,True,1290,2,50.0,8000.0,8000.0,23
2214,CM61-BEAD-ID-007319,ID,13294053.0,0.0,209.0,14.0,L,True,2078,3,50.0,8000.0,8000.0,23
2215,CM61-BEAD-ID-007320,ID,15850872.0,0.0,264.0,18.0,L,True,1996,0,50.0,8000.0,8000.0,23
2216,CM61-BEAD-ID-007322,ID,1927926.0,0.0,15.0,40.0,L,True,99,0,50.0,893.9393939393938,739.3939393939395,23
2217,CM61-BEAD-ID-007325,ID,14467678.51,0.0,250.0,40.0,L,True,803,2,50.0,10000.0,10000.0,23
2218,CM61-BEAD-ID-007335,ID,645291.0,0.0,0.0,2.0,L,True,122,0,72.0,500.0,100.0,23
2219,CM61-BEAD-ID-007337,ID,674773.39,0.0,0.0,2.0,L,True,230,0,72.0,500.0,100.0,23
2220,CM61-BEAD-ID-007339,ID,241104.46,0.0,0.0,2.0,L,True,85,0,72.0,500.0,100.0,23
2221,CM61-BEAD-ID-007340,ID,823700.25,0.0,0.0,2.0,L,True,371,0,72.0,500.0,100.0,23
2222,CM61-BEAD-ID-007341,ID,7579989.0,0.0,0.0,54.0,L,True,5165,0,72.0,1000.0,200.0,23
2223,CM61-BEAD-ID-007342,ID,714773.49,0.0,0.0,2.0,L,True,110,0,72.0,500.0,100.0,23
2224,CM61-BEAD-IL-BOTB-0001,IL,5753439.14,0.0,114.0,10.0,L,True,400,23,50.0,5000.0,5000.0,20
2225,CM61-BEAD-IL-BOTB-0002,IL,1716239.09,1.33,22.56,1.0,L,True,118,0,50.0,7000.0,7000.0,20
2226,CM61-BEAD-IL-BOTB-0003,IL,248108.81,0.66,2.01,0.0,L,True,89,67,50.0,7000.0,7000.0,20
2227,CM61-BEAD-IL-BOTB-0004,IL,3352889.65,2.53,32.9,1.0,L,True,472,2,50.0,7000.0,7000.0,20
2228,CM61-BEAD-IL-BOTB-0005,IL,3268694.22,6.98,31.09,1.0,L,True,327,2,50.0,7000.0,7000.0,20
2229,CM61-BEAD-IL-BOTB-0006,IL,3129398.85,0.0,48.4,0.0,L,True,209,1,50.0,1000.0,1000.0,20
2230,CM61-BEAD-IL-BOTB-0007,IL,10072281.4,0.0,136.0,0.0,L,True,653,5,50.0,1000.0,1000.0,20
2231,CM61-BEAD-IL-BOTB-0011,IL,404829.69,0.0,11.0,0.3,L,True,47,1,50.0,2000.0,2000.0,20
2232,CM61-BEAD-IL-BOTB-0013,IL,1841569.09,0.0,66.8,1.9,L,True,372,8,50.0,2000.0,2000.0,20
2233,CM61-BEAD-IL-BOTB-0015,IL,2922061.96,0.0,109.2,3.1,L,True,370,0,50.0,2000.0,2000.0,20
2234,CM61-BEAD-IL-BOTB-0016,IL,517590.77,0.0,20.0,0.6,L,True,61,1,50.0,2000.0,2000.0,20
2235,CM61-BEAD-IL-BOTB-0019,IL,3577607.6,0.0,66.7,1.9,L,True,582,1,50.0,2000.0,2000.0,20
2236,CM61-BEAD-IL-BOTB-0026,IL,3761845.12,0.0,140.7,3.9,L,True,432,0,50.0,2000.0,2000.0,20
2237,CM61-BEAD-IL-BOTB-0027,IL,4870815.85,0.0,146.5,4.1,L,True,780,23,50.0,2000.0,2000.0,20
2238,CM61-BEAD-IL-BOTB-0028,IL,875253.01,0.0,6.08,0.0,L,True,61,0,50.0,7000.0,7000.0,20
2239,CM61-BEAD-IL-BOTB-0032,IL,2897864.95,0.0,116.8,3.3,L,True,314,3,50.0,2000.0,2000.0,20
2240,CM61-BEAD-IL-BOTB-0036,IL,492425.1,0.0,11.7,0.3,L,True,53,0,50.0,2000.0,2000.0,20
2241,CM61-BEAD-IL-BOTB-0037,IL,7877315.19,0.0,210.1,5.9,L,True,883,9,50.0,2000.0,2000.0,20
2242,CM61-BEAD-IL-BOTB-0039,IL,910778.5,0.0,33.8,0.9,L,True,101,0,50.0,2000.0,2000.0,20
2243,CM61-BEAD-IL-BOTB-0040,IL,2452462.55,0.0,40.1,1.1,L,True,399,5,50.0,2000.0,2000.0,20
2244,CM61-BEAD-IL-BOTB-0041,IL,872873.42,0.0,24.2,0.7,L,True,99,0,50.0,2000.0,2000.0,20
2245,CM61-BEAD-IL-BOTB-0042,IL,3168112.38,0.0,112.8,3.2,L,True,466,0,50.0,2000.0,2000.0,20
2246,CM61-BEAD-IL-BOTB-0045,IL,3224795.03,0.0,83.2,2.3,L,True,420,0,50.0,2000.0,2000.0,20
2247,CM61-BEAD-IL-BOTB-0046,IL,4492332.16,0.0,156.9,4.4,L,True,504,2,50.0,2000.0,2000.0,20
2248,CM61-BEAD-IL-BOTB-0048,IL,4255068.65,0.0,108.2,3.0,L,True,462,3,50.0,2000.0,2000.0,20
2249,CM61-BEAD-IL-BOTB-0049,IL,1140622.5,0.0,40.5,1.1,L,True,122,0,50.0,2000.0,2000.0,20
2250,CM61-BEAD-IL-BOTB-0051,IL,1018340.85,2.3,11.09,0.0,L,True,151,7,50.0,7000.0,7000.0,20
2251,CM61-BEAD-IL-BOTB-0052,IL,611529.84,0.0,15.8,0.4,L,True,66,0,50.0,2000.0,2000.0,20
2252,CM61-BEAD-IL-BOTB-0056,IL,1026816.44,0.0,27.1,0.8,L,True,105,0,50.0,2000.0,2000.0,20
2253,CM61-BEAD-IL-BOTB-0060,IL,10746261.5,0.0,170.3,4.8,L,True,1401,27,50.0,2000.0,2000.0,20
2254,CM61-BEAD-IL-BOTB-0061,IL,4766174.35,0.0,187.0,5.2,L,True,493,6,50.0,2000.0,2000.0,20
2255,CM61-BEAD-IL-BOTB-0066,IL,528618.82,0.77,6.34,0.0,L,True,119,0,50.0,7000.0,7000.0,20
2256,CM61-BEAD-IL-BOTB-0067,IL,1679306.63,4.75,12.56,1.0,L,True,113,8,50.0,7000.0,7000.0,20
2257,CM61-BEAD-IL-BOTB-0068,IL,740683.07,3.92,3.92,0.0,L,True,50,14,50.0,7000.0,7000.0,20
2258,CM61-BEAD-IL-BOTB-0069,IL,4196276.74,0.38,38.39,1.0,L,True,280,4,50.0,7000.0,7000.0,20
2259,CM61-BEAD-IL-BOTB-0070,IL,307295.0,14.0,4.0,2.0,L,True,27,0,50.0,2000.0,2000.0,20
2260,CM61-BEAD-IL-BOTB-0071,IL,593144.12,20.0,0.0,2.0,L,True,64,0,50.0,2000.0,2000.0,20
2261,CM61-BEAD-IL-BOTB-0072,IL,2319522.54,90.0,6.0,8.0,L,True,1105,1,50.0,2000.0,2000.0,20
2262,CM61-BEAD-IL-BOTB-0074,IL,26100852.75,247.4,391.4,23.0,L,True,2875,14,50.0,1960.9391304347828,1959.3530434782608,20
2263,CM61-BEAD-IL-BOTB-0075,IL,14831719.33,218.9,328.4,19.0,L,True,2060,23,71.0,940.8252427184465,896.5145631067943,20
2264,CM61-BEAD-IL-BOTB-0076,IL,13082792.1,109.6,164.4,11.0,L,True,885,8,50.0,1995.7062146892656,1995.5254237288134,20
2265,CM61-BEAD-IL-BOTB-0077,IL,23683819.58,230.4,345.6,20.0,L,True,2594,49,50.0,1948.804934464148,1946.8928296067843,20
2266,CM61-BEAD-IL-BOTB-0079,IL,9206257.14,146.2,97.5,10.0,L,True,1095,0,50.0,1937.5342465753422,1934.904109589041,20
2267,CM61-BEAD-IL-BOTB-0080,IL,395799.1,0.0,3.1,0.1,L,True,108,4,50.0,2000.0,2000.0,20
2268,CM61-BEAD-IL-BOTB-0081,IL,1310916.42,0.0,38.6,1.1,L,True,245,0,50.0,2000.0,2000.0,20
2269,CM61-BEAD-IL-BOTB-0082,IL,310731.94,0.0,4.8,0.1,L,True,59,1,50.0,2000.0,2000.0,20
2270,CM61-BEAD-IL-BOTB-0085,IL,332051.35,0.0,6.3,0.2,L,True,111,0,50.0,2000.0,2000.0,20
2271,CM61-BEAD-IL-BOTB-0087,IL,924680.79,0.0,26.8,0.8,L,True,226,0,50.0,2000.0,2000.0,20
2272,CM61-BEAD-IL-BOTB-0088,IL,642302.06,0.0,21.7,0.6,L,True,118,2,50.0,2000.0,2000.0,20
2273,CM61-BEAD-IL-BOTB-0089,IL,477310.96,0.0,18.6,0.5,L,True,117,0,50.0,2000.0,2000.0,20
2274,CM61-BEAD-IL-BOTB-0090,IL,458661.96,0.0,15.0,0.4,L,True,75,0,50.0,2000.0,2000.0,20
2275,CM61-BEAD-IL-BOTB-0091,IL,393034.6,0.0,13.8,0.4,L,True,74,0,50.0,2000.0,2000.0,20
2276,CM61-BEAD-IL-BOTB-0093,IL,177246.79,0.0,3.8,0.1,L,True,77,0,50.0,2000.0,2000.0,20
2277,CM61-BEAD-IL-BOTB-0095,IL,205846.01,0.0,7.0,0.2,L,True,56,1,50.0,2000.0,2000.0,20
2278,CM61-BEAD-IL-BOTB-0096,IL,560209.74,0.0,11.6,0.3,L,True,115,0,50.0,2000.0,2000.0,20
2279,CM61-BEAD-IL-BOTB-0097,IL,166399.32,0.0,2.6,0.1,L,True,65,0,50.0,2000.0,2000.0,20
2280,CM61-BEAD-IL-BOTB-0100,IL,363957.42,0.0,7.8,0.2,L,True,78,0,50.0,2000.0,2000.0,20
2281,CM61-BEAD-IL-BOTB-0102,IL,428107.85,0.0,11.7,0.3,L,True,69,0,50.0,2000.0,2000.0,20
2282,CM61-BEAD-IL-BOTB-0103,IL,343634.55,0.0,10.9,0.3,L,True,55,5,50.0,2000.0,2000.0,20
2283,CM61-BEAD-IL-BOTB-0104,IL,1460026.95,0.0,43.0,1.2,L,True,276,0,50.0,2000.0,2000.0,20
2284,CM61-BEAD-IL-BOTB-0105,IL,396963.73,0.0,13.4,0.4,L,True,96,0,50.0,2000.0,2000.0,20
2285,CM61-BEAD-IL-BOTB-0106,IL,539249.73,0.0,17.2,0.5,L,True,85,0,50.0,2000.0,2000.0,20
2286,CM61-BEAD-IL-BOTB-0112,IL,542573.53,0.0,21.9,0.6,L,True,80,0,50.0,2000.0,2000.0,20
2287,CM61-BEAD-IL-BOTB-0117,IL,379652.28,0.0,12.7,0.4,L,True,48,0,50.0,2000.0,2000.0,20
2288,CM61-BEAD-IL-BOTB-0118,IL,220336.05,0.0,7.8,0.2,L,True,49,0,50.0,2000.0,2000.0,20
2289,CM61-BEAD-IL-BOTB-0121,IL,783355.91,0.0,68.0,3.0,L,True,175,8,50.0,2000.0,2000.0,20
2290,CM61-BEAD-IL-BOTB-0124,IL,463796.57,0.0,8.6,0.2,L,True,72,0,50.0,2000.0,2000.0,20
2291,CM61-BEAD-IL-BOTB-0128,IL,382502.43,0.0,15.8,0.4,L,True,64,0,50.0,2000.0,2000.0,20
2292,CM61-BEAD-IL-BOTB-0132,IL,281818.93,0.0,7.3,0.2,L,True,66,0,50.0,2000.0,2000.0,20
2293,CM61-BEAD-IL-BOTB-0133,IL,195018.13,0.0,2.4,0.1,L,True,58,0,50.0,2000.0,2000.0,20
2294,CM61-BEAD-IL-BOTB-0135,IL,1830597.94,0.0,71.6,2.0,L,True,246,5,50.0,2000.0,2000.0,20
2295,CM61-BEAD-IL-BOTB-0139,IL,1533000.17,3.0,12.0,6.0,L,True,217,3,50.0,1000.0,1000.0,20
2296,CM61-BEAD-IL-BOTB-0141,IL,308148.63,0.0,8.9,0.2,L,True,62,0,50.0,2000.0,2000.0,20
2297,CM61-BEAD-IL-BOTB-0142,IL,2688506.68,0.0,102.7,2.9,L,True,376,3,50.0,2000.0,2000.0,20
2298,CM61-BEAD-IL-BOTB-0143,IL,1023753.39,0.0,35.0,1.0,L,True,268,0,50.0,2000.0,2000.0,20
2299,CM61-BEAD-IL-BOTB-0147,IL,2700285.71,0.0,95.3,2.7,L,True,449,5,50.0,2000.0,2000.0,20
2300,CM61-BEAD-IL-BOTB-0149,IL,283741.78,0.0,9.6,0.2,L,True,50,0,50.0,2000.0,2000.0,20
2301,CM61-BEAD-IL-BOTB-0150,IL,460801.14,0.0,19.1,0.5,L,True,66,0,50.0,2000.0,2000.0,20
2302,CM61-BEAD-IL-BOTB-0152,IL,1862246.85,0.0,72.2,2.0,L,True,340,6,50.0,2000.0,2000.0,20
2303,CM61-BEAD-IL-BOTB-0154,IL,2442621.65,0.0,65.5,1.8,L,True,299,0,50.0,2000.0,2000.0,20
2304,CM61-BEAD-IL-BOTB-0160,IL,1156479.73,0.0,36.6,1.0,L,True,219,1,50.0,2000.0,2000.0,20
2305,CM61-BEAD-IL-BOTB-0161,IL,364588.7,0.0,13.5,0.4,L,True,73,0,50.0,2000.0,2000.0,20
2306,CM61-BEAD-IL-BOTB-0167,IL,974575.02,0.0,13.6,0.4,L,True,163,1,50.0,2000.0,2000.0,20
2307,CM61-BEAD-IL-BOTB-0168,IL,7999017.98,0.0,264.1,7.4,L,True,1241,12,50.0,2000.0,2000.0,20
2308,CM61-BEAD-IL-BOTB-0170,IL,284283.46,0.0,12.1,0.3,L,True,49,0,50.0,2000.0,2000.0,20
2309,CM61-BEAD-IL-BOTB-0171,IL,5516704.4,0.0,223.3,6.3,L,True,568,4,50.0,2000.0,2000.0,20
2310,CM61-BEAD-IL-BOTB-0172,IL,5732216.46,0.0,146.4,4.1,L,True,501,11,50.0,2000.0,2000.0,20
2311,CM61-BEAD-IL-BOTB-0173,IL,3852919.85,0.0,147.8,4.1,L,True,353,3,50.0,2000.0,2000.0,20
2312,CM61-BEAD-IL-BOTB-0175,IL,3033302.17,0.0,113.2,3.2,L,True,337,9,50.0,2000.0,2000.0,20
2313,CM61-BEAD-IL-BOTB-0176,IL,484216.01,0.0,13.9,0.4,L,True,139,0,50.0,2000.0,2000.0,20
2314,CM61-BEAD-IL-BOTB-0179,IL,481656.66,0.0,18.6,0.5,L,True,67,0,50.0,2000.0,2000.0,20
2315,CM61-BEAD-IL-BOTB-0181,IL,1145407.1,0.0,41.9,1.2,L,True,144,4,50.0,2000.0,2000.0,20
2316,CM61-BEAD-IL-BOTB-0183,IL,1031098.75,0.0,29.8,0.8,L,True,133,3,50.0,2000.0,2000.0,20
2317,CM61-BEAD-IL-BOTB-0185,IL,217258.84,0.0,6.8,0.2,L,True,40,0,50.0,2000.0,2000.0,20
2318,CM61-BEAD-IL-BOTB-0190,IL,1619827.99,0.0,69.2,1.9,L,True,276,1,50.0,2000.0,2000.0,20
2319,CM61-BEAD-IL-BOTB-0195,IL,22062.6,11.76,17.64,5.0,L,True,334,3,50.0,2000.0,2000.0,20
2320,CM61-BEAD-IL-BOTB-0199,IL,447420.09,16.2,24.2,5.0,L,True,401,4,50.0,2000.0,2000.0,20
2321,CM61-BEAD-IL-BOTB-0200,IL,1505608.0,32.4,48.5,5.0,L,True,934,5,50.0,2000.0,2000.0,20
2322,CM61-BEAD-IL-BOTB-0201,IL,6565024.37,41.0,61.5,5.0,L,True,649,1,50.0,2000.0,2000.0,20
2323,CM61-BEAD-IL-BOTB-0202,IL,2533456.4,18.0,27.0,5.0,L,True,359,0,50.0,2000.0,2000.0,20
2324,CM61-BEAD-IL-BOTB-0203,IL,2534917.29,14.08,21.12,5.0,L,True,200,0,50.0,2000.0,2000.0,20
2325,CM61-BEAD-IL-BOTB-0204,IL,1787455.5,25.32,37.98,5.0,L,True,561,1,50.0,2000.0,2000.0,20
2326,CM61-BEAD-IL-BOTB-0210,IL,4221360.0,31.28,46.92,5.0,L,True,585,6,50.0,2000.0,2000.0,20
2327,CM61-BEAD-IL-BOTB-0212,IL,1995147.54,0.0,0.0,6.0,L,True,526,0,71.0,100.0,20.0,20
2328,CM61-BEAD-IL-BOTB-0213,IL,3073293.21,0.0,0.0,8.0,L,True,1195,9,71.0,106.77824267782428,23.615062761506277,20
2329,CM61-BEAD-IL-BOTB-0214,IL,1046350.22,0.0,0.0,1.0,L,False,1381,1,71.0,100.65170166545981,20.347574221578565,20
2330,CM61-BEAD-IL-BOTB-0215,IL,6374400.54,0.0,0.0,12.0,L,False,2713,59,71.0,119.57242904533729,30.43862882417988,20
2331,CM61-BEAD-IL-BOTB-0216,IL,1351524.88,0.0,0.0,2.0,L,False,1837,2,71.0,100.9798584648884,20.522591181273814,20
2332,CM61-BEAD-IL-BOTB-0217,IL,219940.54,0.0,0.0,1.0,L,False,80,0,71.0,100.0,20.0,20
2333,CM61-BEAD-IL-BOTB-0218,IL,298175.69,0.0,0.0,1.0,L,False,697,0,71.0,100.0,20.0,20
2334,CM61-BEAD-IL-BOTB-0219,IL,2606276.54,0.0,36.9,30.0,L,True,163,0,50.0,10000.0,10000.0,20
2335,CM61-BEAD-IL-BOTB-0220,IL,18156855.75,0.0,0.0,21.0,L,True,12837,85,71.0,105.95933629352653,23.178312689880805,20
2336,CM61-BEAD-IL-BOTB-0221,IL,106852.0,0.0,0.0,0.3,L,False,230,0,71.0,100.0,20.0,20
2337,CM61-BEAD-IL-BOTB-0222,IL,4938735.76,0.0,102.0,10.0,L,True,386,15,50.0,10000.0,10000.0,20
2338,CM61-BEAD-IL-BOTB-0223,IL,126792.54,0.0,0.0,0.5,L,False,109,0,71.0,100.0,20.0,20
2339,CM61-BEAD-IL-BOTB-0224,IL,5979106.95,0.0,0.0,15.0,L,True,2915,5,71.0,101.54373927958832,20.82332761578045,20
2340,CM61-BEAD-IL-BOTB-0225,IL,779179.45,0.0,0.0,2.0,L,False,314,0,71.0,100.0,20.0,20
2341,CM61-BEAD-IL-BOTB-0226,IL,12914183.5,109.2,163.8,11.0,L,True,866,9,50.0,1995.6120092378756,1995.4272517321017,20
2342,CM61-BEAD-IL-BOTB-0227,IL,1904422.54,66.0,99.1,9.0,L,True,812,34,71.0,722.6600985221669,670.6403940886707,20
2343,CM61-BEAD-IL-BOTB-0229,IL,5383347.94,31.28,46.92,5.0,L,True,469,1,50.0,2000.0,2000.0,20
2344,CM61-BEAD-IL-BOTB-0230,IL,8349360.0,617.0,222.0,6.0,L,True,2448,6,50.0,2387.418300653597,2387.418300653597,20
2345,CM61-BEAD-IL-BOTB-0233,IL,3044455.1,16.8,25.2,5.0,L,True,232,0,50.0,2000.0,2000.0,20
2346,CM61-BEAD-IL-BOTB-0234,IL,0.0,16.24,24.36,5.0,L,True,826,1,50.0,2000.0,2000.0,20
2347,CM61-BEAD-IL-BOTB-0235,IL,11831401.2,73.1,109.65,5.0,L,True,1073,7,50.0,2000.0,2000.0,20
2348,CM61-BEAD-IL-BOTB-0236,IL,1650363.0,14.92,22.38,5.0,L,True,429,0,50.0,2000.0,2000.0,20
2349,CM61-BEAD-IL-BOTB-0237,IL,6899541.27,126.4,84.3,9.0,L,True,545,14,50.0,1905.8715596330276,1901.9082568807341,20
2350,CM61-BEAD-IL-BOTB-0239,IL,14095782.23,140.7,261.3,13.0,L,True,1061,2,50.0,1824.5051837888786,1817.1159283694633,20
2351,CM61-BEAD-IL-BOTB-0240,IL,164766.42,0.52,0.78,5.0,L,True,29,0,50.0,2000.0,2000.0,20
2352,CM61-BEAD-IL-BOTB-0242,IL,1877856.33,11.04,16.56,5.0,L,True,180,0,50.0,2000.0,2000.0,20
2353,CM61-BEAD-IL-BOTB-0243,IL,46967193.9,363.3,545.0,35.0,L,True,5987,23,50.0,2000.0,2000.0,20
2354,CM61-BEAD-IL-BOTB-0245,IL,1223235.59,7.36,11.04,5.0,L,True,104,0,50.0,2000.0,2000.0,20
2355,CM61-BEAD-IL-BOTB-0246,IL,560091.75,9.2,13.8,5.0,L,True,174,2,50.0,2000.0,2000.0,20
2356,CM61-BEAD-IL-BOTB-0247,IL,7021817.18,36.0,77.9,7.0,L,True,698,2,50.0,1990.8309455587394,1988.7106017191975,20
2357,CM61-BEAD-IL-BOTB-0248,IL,14676962.43,102.4,198.9,12.0,L,True,1193,25,50.0,1784.828164291703,1775.909471919531,20
2358,CM61-BEAD-IL-BOTB-0249,IL,52096264.76,60.0,546.0,12.0,L,True,6941,28,50.0,2000.0,2000.0,20
2359,CM61-BEAD-IL-BOTB-0250,IL,29415624.8,281.3,421.9,27.0,L,True,2771,9,50.0,2000.0,2000.0,20
2360,CM61-BEAD-IL-BOTB-0252,IL,73950.0,12.4,18.6,4.0,L,True,87,12,71.0,224.13793103448276,155.17241379310343,20
2361,CM61-BEAD-IL-BOTB-0254,IL,12889308.41,102.3,153.5,12.0,L,True,1167,19,50.0,1470.1799485861188,1448.4490145672669,20
2362,CM61-BEAD-IL-BOTB-0255,IL,3066519.66,0.0,115.0,3.0,L,True,320,0,50.0,5000.0,5000.0,20
2363,CM61-BEAD-IL-BOTB-0256,IL,5626814.5,0.0,151.0,3.0,L,True,792,3,50.0,5000.0,5000.0,20
2364,CM61-BEAD-IL-BOTB-0257,IL,155002.37,0.0,0.0,4.0,L,True,102,0,71.0,641.0,143.0,20
2365,CM61-BEAD-IL-BOTB-0258,IL,553610.47,0.0,2.0,12.0,L,True,216,0,70.0,585.8981481481479,130.47222222222229,20
2366,CM61-BEAD-IL-BOTB-0260,IL,15277157.55,125.0,192.7,15.0,L,True,1758,2,50.0,1988.7372013651875,1986.5415244596134,20
2367,CM61-BEAD-IL-BOTB-0261,IL,633992.62,0.0,24.0,3.0,L,True,165,3,50.0,10000.0,10000.0,20
2368,CM61-BEAD-IL-BOTB-0262,IL,670458.35,0.0,0.0,4.0,L,True,263,0,72.0,634.8288973384033,141.5969581749049,20
2369,CM61-BEAD-IL-BOTB-0263,IL,63464.95,1.4,2.1,0.0,L,True,28,0,50.0,5000.0,5000.0,20
2370,CM61-BEAD-IL-BOTB-0264,IL,638633.49,0.0,2.0,12.0,L,True,1072,0,71.0,622.8320895522386,138.8694029850749,20
2371,CM61-BEAD-IL-BOTB-0265,IL,127775.45,0.0,0.0,4.0,L,True,165,0,71.0,598.3757575757573,133.3090909090909,20
2372,CM61-BEAD-IL-BOTB-0266,IL,9911600.0,0.0,0.0,25.0,L,False,11490,0,61.0,105.7136640557011,20.0,20
2373,CM61-BEAD-IL-BOTB-0267,IL,606891.0,0.0,24.0,3.0,L,True,254,0,50.0,10000.0,10000.0,20
2374,CM61-BEAD-IL-BOTB-0268,IL,7758620.18,0.0,152.4,50.0,L,True,488,4,50.0,1815.573770491803,1815.573770491803,20
2375,CM61-BEAD-IL-BOTB-0269,IL,14251184.96,0.0,0.0,13.0,L,True,2658,189,71.0,411.9638826185108,97.94958615500381,20
2376,CM61-BEAD-IL-BOTB-0270,IL,603742.29,0.0,48.0,3.0,L,True,200,1,50.0,10000.0,10000.0,20
2377,CM61-BEAD-IL-BOTB-0271,IL,403441.58,5.0,1.0,0.0,L,True,26,0,50.0,5000.0,5000.0,20
2378,CM61-BEAD-IL-BOTB-0272,IL,140847.29,4.0,1.0,0.0,L,True,27,0,50.0,5000.0,5000.0,20
2379,CM61-BEAD-IL-BOTB-0273,IL,3003895.21,11.9,35.5,0.0,L,True,198,0,50.0,5000.0,5000.0,20
2380,CM61-BEAD-IL-BOTB-0274,IL,814845.21,3.1,7.3,0.0,L,True,60,0,50.0,5000.0,5000.0,20
2381,CM61-BEAD-IL-BOTB-0275,IL,4559614.22,15.0,9.0,0.0,L,True,1755,8,72.0,550.6022792022785,157.37948717948714,20
2382,CM61-BEAD-IL-BOTB-0276,IL,375000.0,0.0,12.0,4.0,L,True,27,0,50.0,8000.0,8000.0,20
2383,CM61-BEAD-IL-BOTB-0277,IL,175483.56,0.0,29.0,2.0,L,True,29,0,50.0,8000.0,8000.0,20
2384,CM61-BEAD-IL-BOTB-0278,IL,177675.0,0.0,3.0,2.0,L,True,65,61,50.0,8000.0,8000.0,20
2385,CM61-BEAD-IL-BOTB-0279,IL,3815349.84,225.0,7.0,3.0,L,True,1001,2,50.0,2000.0,2000.0,20
2386,CM61-BEAD-IL-BOTB-0280,IL,10134427.1,0.0,325.0,3.0,L,True,908,1,50.0,5000.0,5000.0,20
2387,CM61-BEAD-IL-BOTB-0281,IL,15632384.7,0.0,419.0,3.0,L,True,2497,9,50.0,5000.0,5000.0,20
2388,CM61-BEAD-IL-BOTB-0282,IL,13972055.7,0.0,381.0,3.0,L,True,1922,10,50.0,5000.0,5000.0,20
2389,CM61-BEAD-IL-BOTB-0283,IL,1926327.88,0.0,48.3,7.0,L,True,173,17,50.0,9635.838150289017,9635.838150289017,20
2390,CM61-BEAD-IL-BOTB-0284,IL,12212201.7,0.0,294.12,21.0,L,True,1300,33,50.0,10000.0,10000.0,20
2391,CM61-BEAD-IL-BOTB-0285,IL,1654422.99,0.0,49.8,9.0,L,True,424,2,50.0,9893.867924528307,9893.867924528307,20
2392,CM61-BEAD-IL-BOTB-0286,IL,209221.33,0.0,4.9,0.0,L,True,29,0,50.0,10000.0,10000.0,20
2393,CM61-BEAD-IL-BOTB-0287,IL,1097601.18,24.3,9.4,6.0,L,True,151,2,50.0,10000.0,10000.0,20
2394,CM61-BEAD-IL-BOTB-1002,IL,10473009.4,0.0,410.1,11.5,L,True,1188,0,50.0,2000.0,2000.0,20
2395,CM61-BEAD-IL-BOTB-1003,IL,5512469.98,0.0,126.9,3.5,L,True,1024,3,50.0,2000.0,2000.0,20
2396,CM61-BEAD-IL-BOTB-1004,IL,9532428.16,0.0,245.5,6.9,L,True,1020,2,50.0,2000.0,2000.0,20
2397,CM61-BEAD-IL-BOTB-1005,IL,8335634.8,0.0,319.8,9.0,L,True,1388,3,50.0,2000.0,2000.0,20
2398,CM61-BEAD-IL-BOTB-1006,IL,5231220.73,0.0,185.7,5.2,L,True,853,0,50.0,2000.0,2000.0,20
2399,CM61-BEAD-IL-BOTB-1007,IL,2992566.96,0.0,124.2,3.4,L,True,426,1,50.0,2000.0,2000.0,20
2400,CM61-BEAD-IL-BOTB-1008,IL,9737808.63,0.0,371.9,10.4,L,True,1095,2,50.0,2000.0,2000.0,20
2401,CM61-BEAD-IL-BOTB-1009,IL,819081.45,0.0,20.8,0.6,L,True,170,7,50.0,2000.0,2000.0,20
2402,CM61-BEAD-IL-BOTB-1010,IL,732476.31,0.0,22.4,0.6,L,True,138,0,50.0,2000.0,2000.0,20
2403,CM61-BEAD-IL-BOTB-1011,IL,1523086.55,0.0,52.3,1.5,L,True,325,0,50.0,2000.0,2000.0,20
2404,CM61-BEAD-IL-BOTB-1012,IL,935347.62,0.0,31.8,0.9,L,True,144,1,50.0,2000.0,2000.0,20
2405,CM61-BEAD-IL-BOTB-1013,IL,994476.78,0.0,33.8,0.9,L,True,147,0,50.0,2000.0,2000.0,20
2406,CM61-BEAD-IL-BOTB-1014,IL,6574094.07,0.0,156.8,4.4,L,True,1175,2,50.0,2000.0,2000.0,20
2407,CM61-BEAD-IL-BOTB-1015,IL,4951162.8,0.0,225.5,6.3,L,True,932,19,50.0,2000.0,2000.0,20
2408,CM61-BEAD-IL-BOTB-1016,IL,1163635.72,0.0,20.6,0.6,L,True,270,3,50.0,2000.0,2000.0,20
2409,CM61-BEAD-IL-BOTB-1017,IL,6574018.68,0.0,197.7,5.5,L,True,1004,1,50.0,2000.0,2000.0,20
2410,CM61-BEAD-IL-BOTB-1018,IL,10184459.8,0.0,352.1,9.9,L,True,1589,25,50.0,2000.0,2000.0,20
2411,CM61-BEAD-IL-BOTB-1019,IL,1690817.31,0.0,34.8,1.0,L,True,259,0,50.0,2000.0,2000.0,20
2412,CM61-BEAD-IL-BOTB-1020,IL,3533796.8,0.0,101.8,2.8,L,True,833,2,50.0,2000.0,2000.0,20
2413,CM61-BEAD-IL-BOTB-1021,IL,2195335.77,0.0,73.1,2.1,L,True,419,0,50.0,2000.0,2000.0,20
2414,CM61-BEAD-IL-BOTB-1022,IL,1058191.22,0.0,32.7,0.9,L,True,153,4,50.0,2000.0,2000.0,20
2415,CM61-BEAD-IL-BOTB-1023,IL,975507.11,0.0,34.7,1.0,L,True,184,0,50.0,2000.0,2000.0,20
2416,CM61-BEAD-IL-BOTB-1024,IL,5960476.42,0.0,204.5,5.6,L,True,804,0,50.0,2000.0,2000.0,20
2417,CM61-BEAD-IL-BOTB-1026,IL,38044557.57,468.6,586.1,40.0,L,True,6313,14,50.0,1992.3015998732778,1990.6351972121015,20
2418,CM61-BEAD-IL-BOTB-1027,IL,1672969.03,0.0,63.8,1.8,L,True,251,0,50.0,2000.0,2000.0,20
2419,CM61-BEAD-IL-BOTB-1028,IL,4102840.55,0.0,156.3,4.4,L,True,709,0,50.0,2000.0,2000.0,20
2420,CM61-BEAD-IA-630158,IA,204225.82,0.0,8.0,9.0,L,False,142,0,71.0,100.0,20.0,43
2421,CM61-BEAD-IA-630172,IA,161021.3,0.0,5.0,5.0,L,False,110,0,71.0,100.0,20.0,43
2422,CM61-BEAD-IA-628642,IA,1604935.41,0.0,499.0,6.0,L,True,161,0,50.0,1000.0,1000.0,43
2423,CM61-BEAD-IA-628652,IA,558660.87,0.0,67.0,2.0,L,True,39,0,50.0,1000.0,1000.0,43
2424,CM61-BEAD-IA-628742,IA,1514666.82,0.0,39.0,7.0,L,True,169,0,50.0,1000.0,1000.0,43
2425,CM61-BEAD-IA-628790,IA,422366.99,0.0,303.0,5.0,L,True,126,0,50.0,1000.0,1000.0,43
2426,CM61-BEAD-IA-628816,IA,5257429.31,0.0,286.0,24.0,L,True,629,12,50.0,4923.688394276631,4923.688394276631,43
2427,CM61-BEAD-IA-628856,IA,210063.75,0.0,51.0,1.0,L,True,15,0,50.0,2000.0,2000.0,43
2428,CM61-BEAD-IA-628959,IA,288213.54,0.0,161.0,5.0,L,True,26,0,50.0,1500.0,1500.0,43
2429,CM61-BEAD-IA-629119,IA,24026.99,0.0,194.0,6.0,L,True,4,0,50.0,1000.0,1000.0,43
2430,CM61-BEAD-IA-629149,IA,229941.19,0.0,30.0,1.0,L,True,18,0,50.0,10000.0,10000.0,43
2431,CM61-BEAD-IA-629330,IA,2304353.97,0.0,1227.0,24.0,L,True,599,0,50.0,2000.0,2000.0,43
2432,CM61-BEAD-IA-629357,IA,598837.0,0.0,45.0,3.0,L,True,89,0,50.0,1000.0,1000.0,43
2433,CM61-BEAD-IA-629375,IA,73587.0,0.0,28.0,0.0,L,True,6,0,50.0,1000.0,1000.0,43
2434,CM61-BEAD-IA-629595,IA,305681.82,0.0,0.0,8.0,L,True,207,0,71.0,200.0,50.0,43
2435,CM61-BEAD-IA-629671,IA,604941.9,0.0,0.0,16.0,L,True,408,0,71.0,100.0,20.0,43
2436,CM61-BEAD-IA-629681,IA,689652.76,0.0,67.0,2.0,L,True,41,0,50.0,10000.0,10000.0,43
2437,CM61-BEAD-IA-629727,IA,381669.37,0.0,73.0,3.0,L,True,80,0,50.0,1000.0,1000.0,43
2438,CM61-BEAD-IA-629756,IA,625468.44,0.0,54.0,3.0,L,True,73,0,50.0,1000.0,1000.0,43
2439,CM61-BEAD-IA-629769,IA,1087070.74,0.0,228.0,3.0,L,True,65,0,50.0,1000.0,1000.0,43
2440,CM61-BEAD-IA-629818,IA,73395.0,0.0,34.0,1.0,L,True,21,0,50.0,2000.0,2000.0,43
2441,CM61-BEAD-IA-629819,IA,617010.63,0.0,78.0,6.0,L,True,154,0,50.0,2000.0,2000.0,43
2442,CM61-BEAD-IA-629923,IA,2484339.16,0.0,193.0,8.0,L,True,198,0,50.0,1000.0,1000.0,43
2443,CM61-BEAD-IA-629959,IA,265230.07,0.0,15.0,4.0,L,True,110,0,50.0,5000.0,5000.0,43
2444,CM61-BEAD-IA-629963,IA,4445824.78,0.0,1026.0,18.0,L,True,354,0,50.0,1000.0,1000.0,43
2445,CM61-BEAD-IA-630062,IA,1391712.85,0.0,138.0,5.0,L,True,129,0,50.0,1000.0,1000.0,43
2446,CM61-BEAD-IA-630092,IA,1014660.38,0.0,232.0,5.0,L,True,125,0,50.0,1000.0,1000.0,43
2447,CM61-BEAD-IA-630108,IA,451293.93,0.0,47.0,4.0,L,True,108,0,50.0,5000.0,5000.0,43
2448,CM61-BEAD-IA-630109,IA,246218.0,0.0,14.0,3.0,L,True,72,0,50.0,5000.0,5000.0,43
2449,CM61-BEAD-IA-630112,IA,349646.65,0.0,26.0,1.0,L,True,27,0,50.0,5000.0,5000.0,43
2450,CM61-BEAD-IA-630156,IA,26900.59,0.0,0.0,1.0,L,False,14,0,71.0,100.0,20.0,43
2451,CM61-BEAD-IA-630157,IA,337539.72,0.0,0.0,17.0,L,False,324,0,71.0,100.0,20.0,43
2452,CM61-BEAD-IA-630164,IA,260174.03,0.0,0.0,12.0,L,False,306,0,71.0,100.0,20.0,43
2453,CM61-BEAD-IA-630167,IA,536728.95,0.0,0.0,21.0,L,False,520,0,71.0,100.0,20.0,43
2454,CM61-BEAD-IA-630170,IA,958737.33,0.0,0.0,61.0,L,False,1415,0,71.0,100.0,20.0,43
2455,CM61-BEAD-IA-630173,IA,551200.1969,0.0,0.0,60.0,L,False,1376,0,71.0,100.0,20.0,43
2456,CM61-BEAD-IA-630184,IA,352281.7736,0.0,0.0,40.0,L,False,570,0,71.0,100.0,20.0,43
2457,CM61-BEAD-IA-630185,IA,170613.8,0.0,0.0,14.0,L,False,338,0,71.0,100.0,20.0,43
2458,CM61-BEAD-IA-630192,IA,103256.46,0.0,155.0,1.0,L,True,35,0,50.0,1000.0,1000.0,43
2459,CM61-BEAD-IA-630193,IA,390795.09,0.0,344.0,2.0,L,True,46,0,50.0,1000.0,1000.0,43
2460,CM61-BEAD-IA-630221,IA,4267787.727,0.0,1208.0,44.0,L,True,1095,0,50.0,1000.0,1000.0,43
2461,CM61-BEAD-IA-630241,IA,1305719.2,0.0,260.0,4.0,L,True,97,0,50.0,1000.0,1000.0,43
2462,CM61-BEAD-IA-630242,IA,1078797.31,0.0,257.0,4.0,L,True,104,0,50.0,2000.0,1000.0,43
2463,CM61-BEAD-IA-630244,IA,835545.68,0.0,0.0,16.0,L,True,410,0,71.0,500.0,20.0,43
2464,CM61-BEAD-IA-630249,IA,373350.0,0.0,93.0,1.0,L,True,32,0,50.0,1000.0,1000.0,43
2465,CM61-BEAD-IA-630261,IA,335637.68,0.0,37.0,1.0,L,True,24,0,50.0,1000.0,1000.0,43
2466,CM61-BEAD-IA-630262,IA,210769.62,0.0,11.0,1.0,L,True,17,0,50.0,1000.0,1000.0,43
2467,CM61-BEAD-IA-630310,IA,351924.9801,0.0,242.0,4.0,L,True,102,0,50.0,1000.0,1000.0,43
2468,CM61-BEAD-IA-630380,IA,258650.08,0.0,100.0,1.0,L,True,25,0,50.0,1000.0,1000.0,43
2469,CM61-BEAD-IA-630393,IA,137128.55,0.0,22.0,2.0,L,True,39,0,50.0,10000.0,10000.0,43
2470,CM61-BEAD-IA-630401,IA,96936.55,0.0,96.0,1.0,L,True,21,0,50.0,1000.0,1000.0,43
2471,CM61-BEAD-IA-630402,IA,0.0,0.0,96.0,1.0,L,True,13,0,50.0,1000.0,1000.0,43
2472,CM61-BEAD-IA-630414,IA,424125.0,0.0,85.0,3.0,L,True,86,0,50.0,1000.0,1000.0,43
2473,CM61-BEAD-IA-630418,IA,81143.69,0.0,0.0,3.0,L,False,70,0,71.0,100.0,20.0,43
2474,CM61-BEAD-IA-630425,IA,200071.73,0.0,31.0,1.0,L,True,14,0,50.0,2000.0,1000.0,43
2475,CM61-BEAD-IA-630429,IA,62051.42,0.0,13.0,2.0,L,True,39,0,50.0,2000.0,1000.0,43
2476,CM61-BEAD-IA-630430,IA,1893594.69,0.0,125.0,5.0,L,True,139,1,50.0,1992.8057553956835,1000.0,43
2477,CM61-BEAD-IA-630431,IA,31987.0,0.0,20.0,2.0,L,True,53,0,50.0,2000.0,1000.0,43
2478,CM61-BEAD-IA-630432,IA,145578.12,0.0,38.0,1.0,L,True,15,0,50.0,2000.0,1000.0,43
2479,CM61-BEAD-IA-630433,IA,96178.22,0.0,15.0,1.0,L,True,34,0,50.0,2000.0,1000.0,43
2480,CM61-BEAD-IA-630434,IA,1123675.62,0.0,37.0,10.0,L,True,267,1,50.0,1996.25468164794,1000.0,43
2481,CM61-BEAD-IA-630436,IA,206179.28,0.0,25.0,3.0,L,True,84,0,50.0,2000.0,1000.0,43
2482,CM61-BEAD-IA-630437,IA,1424973.95,0.0,402.0,8.0,L,True,195,3,50.0,1984.6153846153845,1000.0,43
2483,CM61-BEAD-IA-630439,IA,1710303.53,0.0,96.0,8.0,L,True,191,6,50.0,1968.5863874345548,1000.0,43
2484,CM61-BEAD-IA-630440,IA,1591574.53,0.0,86.0,9.0,L,True,180,5,50.0,1972.2222222222222,1000.0,43
2485,CM61-BEAD-IA-630441,IA,1461822.9,0.0,102.0,5.0,L,True,139,2,50.0,1985.6115107913668,1000.0,43
2486,CM61-BEAD-IA-630444,IA,3658301.26,0.0,264.0,20.0,L,True,514,6,50.0,1988.326848249027,1000.0,43
2487,CM61-BEAD-IA-630445,IA,1011697.09,0.0,79.0,8.0,L,True,212,0,50.0,2000.0,1000.0,43
2488,CM61-BEAD-IA-630452,IA,14128977.05,0.0,832.0,59.0,L,True,1493,8,50.0,1994.6416610850636,1000.0,43
2489,CM61-BEAD-IA-630454,IA,6365996.04,0.0,335.0,20.0,L,True,506,2,50.0,1996.0474308300395,1000.0,43
2490,CM61-BEAD-IA-630455,IA,4519632.56,0.0,475.0,25.0,L,True,632,4,50.0,1993.6708860759495,1000.0,43
2491,CM61-BEAD-IA-630456,IA,6162452.66,0.0,248.0,33.0,L,True,843,0,50.0,2000.0,1000.0,43
2492,CM61-BEAD-IA-630466,IA,13525605.96,0.0,1178.0,90.0,L,True,2201,3,50.0,1998.6369831894592,1000.0,43
2493,CM61-BEAD-IA-630467,IA,4674031.44,0.0,504.0,22.0,L,True,412,0,50.0,2000.0,1000.0,43
2494,CM61-BEAD-IA-630468,IA,15224234.71,0.0,717.0,59.0,L,True,1369,2,50.0,1998.5390796201607,1000.0,43
2495,CM61-BEAD-IA-630470,IA,7055221.79,0.0,403.0,22.0,L,True,550,6,50.0,1989.0909090909092,1000.0,43
2496,CM61-BEAD-IA-630471,IA,4064489.41,0.0,327.0,19.0,L,True,475,0,50.0,2000.0,1000.0,43
2497,CM61-BEAD-IA-630472,IA,5812.84,0.0,22.0,1.0,L,True,3,1,50.0,1666.6666666666667,1000.0,43
2498,CM61-BEAD-IA-630477,IA,814545.1,0.0,33.0,4.0,L,True,91,0,50.0,1000.0,1000.0,43
2499,CM61-BEAD-IA-630503,IA,4165300.29,0.0,235.0,10.0,L,True,258,0,50.0,2000.0,2000.0,43
2500,CM61-BEAD-IA-630543,IA,371870.46,0.0,327.0,8.0,L,True,50,0,50.0,1000.0,1000.0,43
2501,CM61-BEAD-IA-630578,IA,985560.0,0.0,55.0,3.0,L,True,76,0,50.0,1000.0,1000.0,43
2502,CM61-BEAD-IA-630584,IA,1149580.3,0.0,42.0,3.0,L,True,81,0,50.0,1000.0,1000.0,43
2503,CM61-BEAD-IA-630586,IA,1608122.16,0.0,73.0,4.0,L,True,103,0,50.0,1000.0,1000.0,43
2504,CM61-BEAD-IA-630587,IA,344239.78,0.0,49.0,6.0,L,True,142,0,50.0,1000.0,1000.0,43
2505,CM61-BEAD-IA-630589,IA,396900.37,0.0,124.0,6.0,L,True,160,0,50.0,1000.0,1000.0,43
2506,CM61-BEAD-IA-630593,IA,778981.06,0.0,114.0,4.0,L,True,98,0,50.0,2500.0,2500.0,43
2507,CM61-BEAD-IA-630623,IA,486606.2047,0.0,16.0,18.0,L,True,463,0,50.0,1000.0,1000.0,43
2508,CM61-BEAD-IA-630625,IA,1951379.42,0.0,96.0,5.0,L,True,127,0,50.0,2000.0,2000.0,43
2509,CM61-BEAD-IA-630698,IA,378647.78,0.0,45.0,20.0,L,True,269,0,50.0,1000.0,1000.0,43
2510,CM61-BEAD-IA-630715,IA,1508427.52,0.0,293.0,5.0,L,True,117,0,50.0,1000.0,1000.0,43
2511,CM61-BEAD-IA-630729,IA,35236.03,0.0,0.0,9.0,L,False,37,0,71.0,100.0,20.0,43
2512,CM61-BEAD-IA-630730,IA,57097.51,0.0,0.0,2.0,L,False,42,0,70.0,420.0714285714286,92.90476190476188,43
2513,CM61-BEAD-IA-628632,IA,429750.17,0.0,191.0,5.0,L,True,43,0,50.0,1000.0,1000.0,43
2514,CM61-BEAD-IA-630001,IA,554698.08,0.0,52.0,1.0,L,True,37,0,50.0,1000.0,1000.0,43
2515,CM61-BEAD-IA-630034,IA,367730.44,0.0,0.0,18.0,L,False,406,0,71.0,2000.0,2000.0,43
2516,CM61-BEAD-IA-630163,IA,792642.02,0.0,0.0,36.0,L,False,809,0,71.0,100.0,20.0,43
2517,CM61-BEAD-IA-630166,IA,1100614.39,0.0,0.0,48.0,L,False,1223,0,71.0,100.0,20.0,43
2518,CM61-BEAD-IA-630169,IA,651075.81,0.0,0.0,35.0,L,False,957,0,71.0,100.0,20.0,43
2519,CM61-BEAD-IA-630178,IA,1205001.0,0.0,0.0,42.0,L,False,1260,0,71.0,100.0,20.0,43
2520,CM61-BEAD-IA-630179,IA,607196.8,0.0,0.0,27.0,L,False,560,0,71.0,100.0,20.0,43
2521,CM61-BEAD-IA-630180,IA,204445.3239,0.0,0.0,9.0,L,False,228,0,71.0,100.0,20.0,43
2522,CM61-BEAD-IA-630182,IA,782823.2,0.0,0.0,50.0,L,False,1200,0,71.0,100.0,20.0,43
2523,CM61-BEAD-IA-630187,IA,1104119.6,0.0,0.0,78.0,L,False,1978,0,71.0,100.0,20.0,43
2524,CM61-BEAD-IA-630199,IA,2428676.556,0.0,0.0,63.0,L,False,1565,0,61.0,450.0,50.0,43
2525,CM61-BEAD-IA-630469,IA,10055605.23,0.0,405.0,22.0,L,True,564,3,50.0,1994.6808510638298,1000.0,43
2526,CM61-BEAD-IA-630630,IA,10913081.4,0.0,737.0,24.0,L,True,621,0,50.0,1000.0,1000.0,43
2527,CM61-BEAD-IA-630634,IA,655244.23,0.0,269.0,10.0,L,True,102,0,50.0,1500.0,1500.0,43
2528,CM61-BEAD-IA-630462,IA,3140889.577,0.0,0.0,81.0,L,False,2023,0,61.0,450.0,50.0,43
2529,CM61-BEAD-OK-270-3781,OK,125986.887,0.0,0.0,9.0,L,True,181,176,71.0,1000.0,1000.0,18
2530,CM61-BEAD-OK-1-3794,OK,157500.0,0.0,17.0,5.0,L,True,7,1,50.0,1000.0,1000.0,18
2531,CM61-BEAD-OK-28-3182,OK,356253.7,156.0,3.0,55.0,L,True,39,0,50.0,2000.0,2000.0,18
2532,CM61-BEAD-OK-29-2947,OK,31624.96,0.0,0.0,1.0,L,True,128,0,71.0,1000.0,500.0,18
2533,CM61-BEAD-OK-270-3783,OK,2800.0,0.0,0.0,9.0,L,True,4,4,71.0,1000.0,1000.0,18
2534,CM61-BEAD-OK-36-3790,OK,5136807.39,0.0,0.0,5.0,L,True,704,0,71.0,800.0,300.0,18
2535,CM61-BEAD-OK-29-2952,OK,449967.5,0.0,0.0,1.0,L,True,172,14,71.0,4819.767441860464,4531.976744186047,18
2536,CM61-BEAD-OK-270-3782,OK,611316.0,5.0,1.0,9.0,L,True,73,3,50.0,1000.0,1000.0,18
2537,CM61-BEAD-OK-279-3148,OK,6000.0,0.0,0.0,0.0,L,True,2,0,61.0,450.0,55.0,18
2538,CM61-BEAD-OK-270-3775,OK,30800.0,0.0,0.0,9.0,L,True,44,32,71.0,1000.0,1000.0,18
2539,CM61-BEAD-OK-239-3796,OK,32616262.136,0.0,15.0,0.0,L,True,1620,102,50.0,1000.0,1000.0,18
2540,CM61-BEAD-OK-274-2748,OK,189479.59279013175,0.0,0.0,0.0,L,True,395,0,61.0,400.0,50.0,18
2541,CM61-BEAD-OK-157-3073,OK,2588183.006,0.0,0.0,5.0,L,True,315,44,71.0,741.9047619047619,741.9047619047619,18
2542,CM61-BEAD-OK-15-2991,OK,3177500.0,0.0,45.0,1.0,L,True,155,3,50.0,1000.0,1000.0,18
2543,CM61-BEAD-OK-274-3014,OK,11000.0,0.0,0.0,0.0,L,True,29,0,61.0,400.0,50.0,18
2544,CM61-BEAD-OK-239-3777,OK,2382571.0,0.0,8.0,0.0,L,True,786,0,71.0,100.0,100.0,18
2545,CM61-BEAD-OK-270-3780,OK,4194.0,0.0,0.0,9.0,L,True,6,6,71.0,1000.0,1000.0,18
2546,CM61-BEAD-OK-36-3774,OK,4407060.59,0.0,0.0,5.0,L,True,717,0,71.0,800.0,300.0,18
2547,CM61-BEAD-OK-36-3795,OK,1245512.23,0.0,0.0,5.0,L,True,122,0,71.0,800.0,300.0,18
2548,CM61-BEAD-OK-9-2920,OK,1646605.0,52.0,0.0,2.0,L,True,148,0,50.0,2000.0,2000.0,18
2549,CM61-BEAD-OK-270-3749,OK,395598.644,0.0,0.0,0.0,L,True,283,62,71.0,1000.0,1000.0,18
2550,CM61-BEAD-OK-44-3803,OK,30718506.541,681.0,76.0,15.0,L,True,1613,439,50.0,1000.0,1000.0,18
2551,CM61-BEAD-OK-1-3185,OK,312063.81,0.0,2.0,5.0,L,True,130,39,71.0,1000.0,1000.0,18
2552,CM61-BEAD-OK-15-2989,OK,9591419.889,0.0,400.0,6.0,L,True,757,12,50.0,1000.0,1000.0,18
2553,CM61-BEAD-OK-54-3798,OK,192203909.02,0.0,94.0,210.0,L,True,9387,597,50.0,2000.0,2000.0,18
2554,CM61-BEAD-OK-49-2521,OK,906.0,0.0,0.0,0.0,L,True,1,0,72.0,400.0,100.0,18
2555,CM61-BEAD-OK-32-3751,OK,8672790.45,0.0,0.0,0.0,L,True,753,15,50.0,2400.0,2400.0,18
2556,CM61-BEAD-OK-245-3797,OK,12527640.0,0.0,0.0,0.0,L,True,712,6,50.0,2000.0,2000.0,18
2557,CM61-BEAD-OK-270-3789,OK,258746.31,0.0,0.0,9.0,L,True,368,14,71.0,1000.0,1000.0,18
2558,CM61-BEAD-OK-33-3808,OK,17199657.925,0.0,26.0,6.0,L,True,850,49,50.0,8000.0,8000.0,18
2559,CM61-BEAD-OK-15-2988,OK,2769430.385,0.0,50.0,2.0,L,True,381,37,50.0,1000.0,1000.0,18
2560,CM61-BEAD-OK-274-3007,OK,320713.7084527543,0.0,0.0,0.0,L,True,1504,0,61.0,400.0,50.0,18
2561,CM61-BEAD-OK-127-3801,OK,462526.01,0.0,16.0,3.0,L,True,51,2,50.0,1000.0,1000.0,18
2562,CM61-BEAD-OK-301-2687,OK,4179.398,0.0,0.0,3.0,L,True,3,3,50.0,1000.0,1000.0,18
2563,CM61-BEAD-OK-1-3809,OK,4592318.499,0.0,0.0,5.0,L,True,402,16,50.0,9686.567164179098,9686.567164179098,18
2564,CM61-BEAD-OK-274-3003,OK,391280.0982727992,0.0,0.0,0.0,L,True,986,0,61.0,400.0,50.0,18
2565,CM61-BEAD-OK-245-3776,OK,1883.993,0.0,0.0,2.0,L,True,1,0,71.0,1000.0,500.0,18
2566,CM61-BEAD-OK-274-3013,OK,1192364.981873615,0.0,0.0,0.0,L,True,1575,0,61.0,400.0,50.0,18
2567,CM61-BEAD-OK-13-3791,OK,3089652.289,0.0,49.0,25.0,L,True,742,30,50.0,1000.0,1000.0,18
2568,CM61-BEAD-OK-270-3813,OK,46535.543,0.0,0.0,9.0,L,True,87,21,71.0,1000.0,1000.0,18
2569,CM61-BEAD-OK-270-3785,OK,47608.414,0.0,0.0,9.0,L,True,69,68,71.0,1000.0,1000.0,18
2570,CM61-BEAD-OK-36-3753,OK,1696158.24,0.0,0.0,0.0,L,True,84,29,71.0,3976.190476190476,3648.809523809523,18
2571,CM61-BEAD-OK-274-3011,OK,90046.783,0.0,0.0,0.0,L,True,1018,0,61.0,400.0,50.0,18
2572,CM61-BEAD-OK-245-3788,OK,2662702.609,0.0,0.0,0.0,L,True,136,6,50.0,2000.0,2000.0,18
2573,CM61-BEAD-OK-36-3812,OK,1839858.35,0.0,0.0,5.0,L,True,233,0,71.0,800.0,300.0,18
2574,CM61-BEAD-OK-274-3747,OK,104828.1,0.0,0.0,0.0,L,True,312,0,61.0,400.0,50.0,18
2575,CM61-BEAD-OK-28-3184,OK,565194.62,80.0,2.0,55.0,L,True,137,0,50.0,2000.0,2000.0,18
2576,CM61-BEAD-OK-1-3778,OK,199212.302,0.0,0.0,5.0,L,True,32,9,71.0,1000.0,1000.0,18
2577,CM61-BEAD-OK-95-3750,OK,1.04,0.0,0.0,0.0,L,True,13,0,50.0,100.0,20.0,18
2578,CM61-BEAD-OK-270-2841,OK,704.0,0.0,0.0,9.0,L,True,1,1,50.0,1000.0,1000.0,18
2579,CM61-BEAD-OK-270-3804,OK,99400.0,0.0,0.0,9.0,L,True,142,31,71.0,1000.0,1000.0,18
2580,CM61-BEAD-OK-274-3806,OK,9441.521,0.0,0.0,0.0,L,True,17,0,61.0,400.0,50.0,18
2581,CM61-BEAD-OK-262-3802,OK,5451334.0,0.0,5.0,9.0,L,True,462,7,71.0,1000.0,1000.0,18
2582,CM61-BEAD-OK-239-3787,OK,916873.605,0.0,4.0,0.0,L,True,156,1,50.0,1000.0,1000.0,18
2583,CM61-BEAD-OK-270-3758,OK,9842.0,0.0,0.0,0.0,L,True,14,12,71.0,1000.0,1000.0,18
2584,CM61-BEAD-OK-262-3807,OK,1678196.0,0.0,3.0,9.0,L,True,134,0,71.0,1000.0,1000.0,18
2585,CM61-BEAD-OK-32-2549,OK,4.88,251.0,393.0,1.0,L,True,54,0,50.0,2400.0,2400.0,18
2586,CM61-BEAD-OK-245-3805,OK,574840.5,15.0,5.0,0.0,L,True,65,34,71.0,1000.0,1000.0,18
2587,CM61-BEAD-OK-270-3792,OK,202367.601,0.0,0.0,9.0,L,True,290,45,71.0,1000.0,1000.0,18
2588,CM61-BEAD-OK-279-3150,OK,6000.0,0.0,0.0,0.0,L,True,3,0,61.0,450.0,55.0,18
2589,CM61-BEAD-OK-262-3771,OK,6768441.0,0.0,0.0,0.0,L,True,567,0,50.0,9603.174603174599,9603.174603174599,18
2590,CM61-BEAD-OK-32-3811,OK,9779547.941,251.0,393.0,1.0,L,True,735,35,50.0,2400.0,2400.0,18
2591,CM61-BEAD-OK-270-3779,OK,3500.0,0.0,0.0,9.0,L,True,5,5,71.0,1000.0,1000.0,18
2592,CM61-BEAD-OK-270-3755,OK,1043344.63,0.0,0.0,0.0,L,True,1214,131,71.0,1378.0889621087322,1378.0889621087322,18
2593,CM61-BEAD-OK-279-3748,OK,3000.0,0.0,0.0,0.0,L,True,1,0,61.0,450.0,55.0,18
2594,CM61-BEAD-OK-274-3012,OK,656321.7348418847,0.0,0.0,0.0,L,True,1083,0,61.0,400.0,50.0,18
2595,CM61-BEAD-OK-36-3800,OK,1975799.03,0.0,0.0,5.0,L,True,297,0,71.0,800.0,300.0,18
2596,CM61-BEAD-OK-15-2931,OK,4428250.0,0.0,80.0,3.0,L,True,470,0,71.0,100.0,20.0,18
2597,CM61-BEAD-OK-28-3814,OK,12899506.546,505.0,9.0,55.0,L,True,806,27,50.0,2000.0,2000.0,18
2598,CM61-BEAD-OK-58-3810,OK,14953691.955,203.0,51.0,15.0,L,True,846,87,50.0,1000.0,1000.0,18
2599,CM61-BEAD-OK-157-3079,OK,911353.0,0.0,0.0,5.0,L,True,56,0,71.0,700.0,700.0,18
2600,CM61-BEAD-OK-28-3784,OK,3081425.897,333.0,5.0,55.0,L,True,318,80,50.0,2000.0,2000.0,18
2601,CM61-BEAD-OK-262-3815,OK,13326689.66,63.0,7.0,9.0,L,True,1241,13,71.0,1000.0,1000.0,18
2602,CM61-BEAD-OK-274-3793,OK,618600.0,0.0,0.0,0.0,L,True,1097,0,61.0,400.0,50.0,18
2603,CM61-BEAD-OK-274-3005,OK,846759.1707829128,0.0,0.0,0.0,L,True,2103,0,61.0,400.0,50.0,18
2604,CM61-BEAD-OK-93-2439,OK,1.6,0.0,62.0,0.0,L,True,4,4,50.0,1000.0,1000.0,18
2605,CM61-BEAD-OK-245-3786,OK,209169.0,8.0,3.0,0.0,L,True,61,6,71.0,1000.0,1000.0,18
2606,CM61-BEAD-AK-032,AK,39501762.02,70.0,100.0,5.0,L,True,5558,0,50.0,100.0,20.0,12
2607,CM61-BEAD-AK-076,AK,15432652.6,80.0,50.0,5.0,L,True,1895,0,71.0,100.0,20.0,12
2608,CM61-BEAD-AK-149,AK,69613730.34,100.0,240.0,5.0,L,True,1659,0,50.0,100.0,20.0,12
2609,CM61-BEAD-AK-161,AK,11399997.72,0.0,25.0,5.0,L,True,228,8,50.0,131.57894736842107,54.385964912280706,12
2610,CM61-BEAD-AK-162,AK,18949996.21,25.0,100.0,5.0,L,True,379,0,50.0,100.0,20.0,12
2611,CM61-BEAD-AK-046,AK,414048.0,20.0,20.0,5.0,L,True,24,0,50.0,100.0,20.0,12
2612,CM61-BEAD-AK-050,AK,907591.3,100.0,15.0,5.0,L,True,154,0,50.0,100.0,20.0,12
2613,CM61-BEAD-AK-063,AK,2850036.2,60.0,40.0,5.0,L,True,220,0,50.0,100.0,20.0,12
2614,CM61-BEAD-AK-065,AK,485791.19,10.0,15.0,5.0,L,True,61,0,50.0,100.0,20.0,12
2615,CM61-BEAD-AK-062,AK,14814814.5,0.0,0.0,5.0,L,True,454,23,70.0,145.59471365638765,69.647577092511,12
2616,CM61-BEAD-AK-152,AK,16451116.92,0.0,100.0,5.0,L,True,510,0,50.0,100.0,20.0,12
2617,CM61-BEAD-AK-154,AK,12855222.0,25.0,100.0,5.0,L,True,369,0,50.0,100.0,20.0,12
2618,CM61-BEAD-AK-159,AK,48837600.0,65.0,200.0,5.0,L,True,1008,0,50.0,100.0,20.0,12
2619,CM61-BEAD-AK-057,AK,11758544.23,15.0,30.0,5.0,L,True,377,0,50.0,100.0,20.0,12
2620,CM61-BEAD-AK-145,AK,1393744.28,0.0,10.0,5.0,L,True,29,0,50.0,100.0,20.0,12
2621,CM61-BEAD-AK-148,AK,1076873.93,0.0,10.0,5.0,L,True,38,0,50.0,100.0,20.0,12
2622,CM61-BEAD-AK-052,AK,3395700.0,50.0,50.0,5.0,L,True,693,0,50.0,100.0,20.0,12
2623,CM61-BEAD-AK-157,AK,2370236.0,10.0,10.0,5.0,L,True,206,0,50.0,100.0,20.0,12
2624,CM61-BEAD-AK-160,AK,115435432.0,50.0,200.0,5.0,L,True,2328,0,50.0,100.0,20.0,12
2625,CM61-BEAD-AK-078,AK,25825371.44,50.0,25.0,5.0,L,True,524,0,50.0,100.0,20.0,12
2626,CM61-BEAD-AK-058,AK,221743.44,10.0,10.0,5.0,L,True,12,0,50.0,100.0,20.0,12
2627,CM61-BEAD-AK-070,AK,85157194.11,100.0,200.0,5.0,L,True,8963,0,50.0,100.0,20.0,12
2628,CM61-BEAD-AK-155,AK,23054680.0,35.0,40.0,5.0,L,True,1510,0,50.0,100.0,20.0,12
2629,CM61-BEAD-AK-142,AK,4913442.72,0.0,0.0,5.0,L,True,432,0,50.0,100.0,20.0,12
2630,CM61-BEAD-AK-060,AK,13993800.0,0.0,0.0,5.0,L,True,281,0,50.0,100.0,20.0,12
2631,CM61-BEAD-AK-055,AK,28339280.0,50.0,100.0,5.0,L,True,637,13,50.0,118.36734693877548,40.0,12
2632,CM61-BEAD-AK-151,AK,19500000.0,25.0,200.0,5.0,L,True,391,0,50.0,100.0,20.0,12
2633,CM61-BEAD-AK-156,AK,23614500.0,0.0,0.0,0.0,L,False,15743,0,61.0,100.0,20.0,12
2634,CM61-BEAD-AK-150,AK,16608050.68,0.0,0.0,2.0,L,True,1825,0,72.0,100.0,20.0,12
2635,CM61-BEAD-OH-50-4554,OH,24254005.0,741.0,0.0,23.0,L,True,4554,0,50.0,1000.0,1000.0,19
2636,CM61-BEAD-OH-50-815,OH,4685621.01,101.0,5.0,16.0,L,True,815,0,50.0,1000.0,1000.0,19
2637,CM61-BEAD-OH-50-714,OH,2623163.0,41.0,27.0,0.0,L,True,714,0,50.0,1000.0,1000.0,19
2638,CM61-BEAD-OH-50-2242,OH,8049187.0,207.0,163.0,16.0,L,True,2242,0,50.0,1000.0,1000.0,19
2639,CM61-BEAD-OH-50-1033,OH,9146686.0,146.0,37.0,10.0,L,True,1033,0,50.0,1000.0,1000.0,19
2640,CM61-BEAD-OH-50-6272,OH,17049414.0,540.0,45.0,155.0,L,True,6272,0,50.0,1000.0,1000.0,19
2641,CM61-BEAD-OH-50-812,OH,1907599.0,36.0,8.0,8.0,L,True,812,0,50.0,1000.0,1000.0,19
2642,CM61-BEAD-OH-50-973,OH,1058480.0,10.0,4.0,0.0,L,True,973,0,50.0,1000.0,1000.0,19
2643,CM61-BEAD-OH-72-1039,OH,4475078.0,0.0,0.0,31.0,L,False,1039,0,72.0,400.0,100.0,19
2644,CM61-BEAD-OH-50-65,OH,202150.0,0.0,8.0,0.0,L,True,65,0,50.0,1000.0,1000.0,19
2645,CM61-BEAD-OH-50-1110,OH,0.0,266.0,2.0,0.0,L,True,1110,0,50.0,1000.0,1000.0,19
2646,CM61-BEAD-OH-50-93,OH,268802.0,0.0,22.0,2.0,L,True,93,0,50.0,1000.0,1000.0,19
2647,CM61-BEAD-OH-40-528,OH,721796.0,22.0,11.0,0.0,L,False,528,0,40.0,1000.0,1000.0,19
2648,CM61-BEAD-OH-50-1388,OH,11212055.0,0.0,456.0,0.0,L,True,1388,0,50.0,1000.0,1000.0,19
2649,CM61-BEAD-OH-50-677,OH,6090000.0,84.0,312.0,100.0,L,True,677,0,50.0,1000.0,1000.0,19
2650,CM61-BEAD-OH-71-766,OH,1535576.0,0.0,0.0,3.0,L,False,766,0,71.0,400.0,100.0,19
2651,CM61-BEAD-OH-71-2206,OH,8342183.0,0.0,0.0,0.0,L,False,2206,0,71.0,250.0,250.0,19
2652,CM61-BEAD-OH-50-3639,OH,12166631.0,234.0,35.0,400.0,L,True,3639,0,50.0,1000.0,1000.0,19
2653,CM61-BEAD-OH-61-40388,OH,67136792.0,0.0,0.0,0.0,L,False,40388,0,61.0,100.0,20.0,19
2654,CM61-BEAD-OH-50-10866,OH,65135892.94,989.0,424.0,0.0,L,True,10866,0,50.0,1000.0,1000.0,19
2655,CM61-BEAD-OH-50-1707,OH,5519788.0,55.0,131.0,140.0,L,True,1707,0,50.0,1000.0,1000.0,19
2656,CM61-BEAD-OH-72-808,OH,5931193.0,0.0,0.0,16.0,L,False,808,0,72.0,100.0,20.0,19
2657,CM61-BEAD-OH-71-1297,OH,3117565.24,0.0,0.0,5.0,L,False,1297,0,71.0,1000.0,250.0,19
2658,CM61-BEAD-WI-05W001,WI,2018120.0,0.0,0.0,5.0,L,True,2407,0,71.0,100.0,20.0,26
2659,CM61-BEAD-WI-36F001,WI,678907.0,48.0,112.0,12.0,L,True,623,0,50.0,1000.0,1000.0,26
2660,CM61-BEAD-WI-36F002,WI,426878.0,26.0,62.0,7.0,L,True,130,0,50.0,1000.0,1000.0,26
2661,CM61-BEAD-WI-51M001,WI,2021200.0,0.0,155.0,11.0,L,False,163,0,0.0,100.0,20.0,26
2662,CM61-BEAD-WI-51W001,WI,30696.0,0.0,0.0,1.0,L,True,63,0,71.0,100.0,20.0,26
2663,CM61-BEAD-WI-51W002,WI,1082404.0,0.0,0.0,5.0,L,True,470,0,71.0,100.0,20.0,26
2664,CM61-BEAD-WI-51F004,WI,287274.0,0.0,19.0,2.0,L,True,26,0,50.0,1000.0,1000.0,26
2665,CM61-BEAD-WI-07F001,WI,3349563.0,0.0,223.0,16.0,L,True,648,0,50.0,1000.0,1000.0,26
2666,CM61-BEAD-WI-07F002,WI,9423573.0,0.0,625.0,44.0,L,False,1809,0,50.0,1000.0,1000.0,26
2667,CM61-BEAD-WI-07F003,WI,16804131.0,0.0,1120.0,79.0,L,True,2797,0,50.0,1000.0,1000.0,26
2668,CM61-BEAD-WI-07F004,WI,15394031.0,0.0,1000.0,71.0,L,True,2418,0,50.0,1000.0,1000.0,26
2669,CM61-BEAD-WI-07F005,WI,1329906.0,0.0,89.0,7.0,L,False,223,0,50.0,1000.0,1000.0,26
2670,CM61-BEAD-WI-07F006,WI,2713090.0,0.0,181.0,13.0,L,True,440,0,50.0,1000.0,1000.0,26
2671,CM61-BEAD-WI-07F007,WI,9846746.0,0.0,542.0,38.0,L,True,1209,0,50.0,1000.0,1000.0,26
2672,CM61-BEAD-WI-07F008,WI,2221324.0,0.0,146.0,11.0,L,False,560,0,50.0,1000.0,1000.0,26
2673,CM61-BEAD-WI-07F009,WI,13186569.0,0.0,879.0,62.0,L,True,2515,0,50.0,1000.0,1000.0,26
2674,CM61-BEAD-WI-07F010,WI,4424231.0,0.0,295.0,21.0,L,False,855,0,50.0,1000.0,1000.0,26
2675,CM61-BEAD-WI-07F011,WI,4658135.0,0.0,311.0,22.0,L,True,875,0,50.0,1000.0,1000.0,26
2676,CM61-BEAD-WI-07F012,WI,18743740.0,0.0,894.0,63.0,L,True,3227,0,50.0,1000.0,1000.0,26
2677,CM61-BEAD-WI-07F013,WI,8831275.0,0.0,589.0,42.0,L,True,1549,0,50.0,1000.0,1000.0,26
2678,CM61-BEAD-WI-07F014,WI,3733446.0,0.0,249.0,18.0,L,True,705,0,50.0,1000.0,1000.0,26
2679,CM61-BEAD-WI-07F015,WI,2295342.0,0.0,153.0,11.0,L,False,458,0,50.0,1000.0,1000.0,26
2680,CM61-BEAD-WI-07F016,WI,8376780.0,0.0,313.0,22.0,L,True,1456,0,50.0,1000.0,1000.0,26
2681,CM61-BEAD-WI-07F017,WI,14762606.0,0.0,984.0,69.0,L,True,2565,0,50.0,1000.0,1000.0,26
2682,CM61-BEAD-WI-07F018,WI,5597869.0,0.0,373.0,27.0,L,True,1066,0,50.0,1000.0,1000.0,26
2683,CM61-BEAD-WI-07F019,WI,3011077.0,0.0,201.0,15.0,L,True,500,0,50.0,1000.0,1000.0,26
2684,CM61-BEAD-WI-07F020,WI,9230402.0,0.0,615.0,44.0,L,True,1486,0,50.0,1000.0,1000.0,26
2685,CM61-BEAD-WI-07F021,WI,2970861.0,0.0,198.0,14.0,L,False,943,0,50.0,1000.0,1000.0,26
2686,CM61-BEAD-WI-07F022,WI,5825990.0,0.0,388.0,28.0,L,False,1227,0,50.0,1000.0,1000.0,26
2687,CM61-BEAD-WI-07F023,WI,2894964.0,0.0,193.0,14.0,L,True,518,0,50.0,1000.0,1000.0,26
2688,CM61-BEAD-WI-07F024,WI,2748427.0,0.0,183.0,13.0,L,False,699,0,50.0,1000.0,1000.0,26
2689,CM61-BEAD-WI-14F001,WI,6650047.0,208.0,484.0,49.0,L,True,2163,15,50.0,1000.0,1000.0,26
2690,CM61-BEAD-WI-14F005,WI,26412455.0,710.0,1656.0,166.0,L,True,7636,17,50.0,1000.0,1000.0,26
2691,CM61-BEAD-WI-14F002,WI,11504152.0,359.0,837.0,84.0,L,True,3808,25,50.0,1000.0,1000.0,26
2692,CM61-BEAD-WI-14F003,WI,3062896.0,107.0,249.0,25.0,L,True,1035,13,50.0,1000.0,1000.0,26
2693,CM61-BEAD-WI-14F004,WI,13112674.0,324.0,755.0,76.0,L,True,2998,23,50.0,1000.0,1000.0,26
2694,CM61-BEAD-WI-14F006,WI,6698628.0,167.0,390.0,40.0,L,True,1606,24,50.0,1000.0,1000.0,26
2695,CM61-BEAD-WI-14F011,WI,8691865.0,237.0,554.0,56.0,L,True,2869,41,50.0,1000.0,1000.0,26
2696,CM61-BEAD-WI-14F007,WI,6157952.0,189.0,440.0,44.0,L,True,2633,30,50.0,1000.0,1000.0,26
2697,CM61-BEAD-WI-14F017,WI,44076.0,0.0,4.0,1.0,L,True,4,0,50.0,1000.0,1000.0,26
2698,CM61-BEAD-WI-14F008,WI,8911921.0,238.0,556.0,56.0,L,True,2820,33,50.0,1000.0,1000.0,26
2699,CM61-BEAD-WI-14F009,WI,17510569.0,460.0,1074.0,108.0,L,True,4821,34,50.0,1000.0,1000.0,26
2700,CM61-BEAD-WI-14F010,WI,2668053.0,48.0,113.0,12.0,L,True,1115,16,50.0,1000.0,1000.0,26
2701,CM61-BEAD-WI-14F013,WI,1572988.0,56.0,131.0,14.0,L,True,758,45,50.0,1000.0,1000.0,26
2702,CM61-BEAD-WI-14F012,WI,6940948.0,188.0,439.0,44.0,L,True,2382,13,50.0,1000.0,1000.0,26
2703,CM61-BEAD-WI-14C018,WI,156000.0,4.0,40.0,3.0,C,True,97,97,50.0,1000.0,1000.0,26
2704,CM61-BEAD-WI-14F014,WI,8770304.0,229.0,534.0,54.0,L,True,2642,13,50.0,1000.0,1000.0,26
2705,CM61-BEAD-WI-14F015,WI,4543740.0,169.0,393.0,40.0,L,True,2127,14,50.0,1000.0,1000.0,26
2706,CM61-BEAD-WI-14F016,WI,4940594.0,188.0,440.0,44.0,L,True,3103,12,50.0,1000.0,1000.0,26
2707,CM61-BEAD-WI-41W001,WI,798602.0,0.0,0.0,4.0,L,False,595,0,70.0,100.0,20.0,26
2708,CM61-BEAD-WI-41W002,WI,1208898.0,0.0,0.0,5.0,L,False,852,0,70.0,100.0,20.0,26
2709,CM61-BEAD-WI-41F004,WI,28147630.0,0.0,1709.0,120.0,L,True,4937,0,50.0,1000.0,1000.0,26
2710,CM61-BEAD-WI-41W003,WI,874777.0,0.0,0.0,4.0,L,False,698,0,70.0,100.0,20.0,26
2711,CM61-BEAD-WI-41W005,WI,3095909.0,0.0,0.0,13.0,L,True,2562,0,70.0,100.0,20.0,26
2712,CM61-BEAD-WI-41F007,WI,3195594.0,0.0,273.0,20.0,L,True,841,0,50.0,1000.0,1000.0,26
2713,CM61-BEAD-WI-41W008,WI,4329788.0,0.0,0.0,18.0,L,True,3588,0,70.0,100.0,20.0,26
2714,CM61-BEAD-WI-41F010,WI,1039034.0,0.0,62.0,5.0,L,True,183,0,50.0,1000.0,1000.0,26
2715,CM61-BEAD-WI-41F011,WI,2395089.0,0.0,152.0,11.0,L,True,275,0,50.0,1000.0,1000.0,26
2716,CM61-BEAD-WI-41W013,WI,446050.0,0.0,0.0,2.0,L,True,326,0,70.0,100.0,20.0,26
2717,CM61-BEAD-WI-41F015,WI,31276311.0,0.0,1623.0,114.0,L,True,2938,0,50.0,1000.0,1000.0,26
2718,CM61-BEAD-WI-41F016,WI,4855279.0,0.0,256.0,18.0,L,True,1779,0,50.0,1000.0,1000.0,26
2719,CM61-BEAD-WI-41W018,WI,161230.0,0.0,0.0,1.0,L,True,85,0,70.0,100.0,20.0,26
2720,CM61-BEAD-WI-41W020,WI,1734663.0,0.0,0.0,7.0,L,True,1121,0,70.0,100.0,20.0,26
2721,CM61-BEAD-WI-41W021,WI,284726.0,0.0,0.0,2.0,L,True,249,0,70.0,100.0,20.0,26
2722,CM61-BEAD-WI-48F001,WI,772150.0,0.0,60.0,5.0,L,True,226,0,50.0,1000.0,1000.0,26
2723,CM61-BEAD-WI-48W002,WI,1201607.0,0.0,0.0,6.0,L,True,950,0,72.0,100.0,20.0,26
2724,CM61-BEAD-WI-12F001,WI,3629983.0,203.0,249.0,32.0,L,True,594,0,50.0,1000.0,1000.0,26
2725,CM61-BEAD-WI-12F002,WI,2292865.0,69.0,84.0,11.0,L,False,266,0,50.0,1000.0,1000.0,26
2726,CM61-BEAD-WI-53W001,WI,1017730.0,0.0,0.0,5.0,L,False,1085,0,72.0,100.0,20.0,26
2727,CM61-BEAD-WI-16F001,WI,7947689.0,606.0,151.0,53.0,L,True,2101,0,50.0,1000.0,1000.0,26
2728,CM61-BEAD-WI-50F001,WI,3073711.0,0.0,288.0,21.0,L,True,2251,0,50.0,1000.0,1000.0,26
2729,CM61-BEAD-WI-17F001,WI,3132218.0,104.0,156.0,19.0,L,True,704,0,50.0,1000.0,1000.0,26
2730,CM61-BEAD-WI-17F002,WI,2391719.0,122.0,183.0,22.0,L,True,1463,0,50.0,1000.0,1000.0,26
2731,CM61-BEAD-WI-17F008,WI,733213.0,0.0,50.0,4.0,L,True,67,0,50.0,1000.0,1000.0,26
2732,CM61-BEAD-WI-17F003,WI,10398689.0,412.0,617.0,73.0,L,True,1881,0,50.0,1000.0,1000.0,26
2733,CM61-BEAD-WI-17F004,WI,68392.0,2.0,3.0,1.0,L,False,27,0,50.0,1000.0,1000.0,26
2734,CM61-BEAD-WI-17F005,WI,6756401.0,187.0,281.0,33.0,L,True,827,0,50.0,1000.0,1000.0,26
2735,CM61-BEAD-WI-17F006,WI,7616027.0,207.0,311.0,37.0,L,True,1000,0,50.0,1000.0,1000.0,26
2736,CM61-BEAD-WI-17F007,WI,2184553.0,44.0,67.0,8.0,L,True,226,0,50.0,1000.0,1000.0,26
2737,CM61-BEAD-WI-52F001,WI,704000.0,0.0,60.0,5.0,L,True,44,0,50.0,1000.0,1000.0,26
2738,CM61-BEAD-WI-20F001,WI,4781752.0,0.0,647.0,46.0,L,True,675,0,50.0,1000.0,1000.0,26
2739,CM61-BEAD-WI-47F001,WI,1421463.0,0.0,95.0,7.0,L,False,445,0,50.0,1000.0,1000.0,26
2740,CM61-BEAD-WI-47F002,WI,147581.0,0.0,11.0,1.0,L,False,29,0,50.0,1000.0,1000.0,26
2741,CM61-BEAD-WI-46F001,WI,7390616.0,0.0,493.0,35.0,L,True,932,0,50.0,1000.0,1000.0,26
2742,CM61-BEAD-WI-21F001,WI,12142829.0,0.0,758.0,54.0,L,True,1102,0,50.0,1000.0,1000.0,26
2743,CM61-BEAD-WI-22F001,WI,5874430.0,0.0,452.0,32.0,L,False,470,0,50.0,1000.0,1000.0,26
2744,CM61-BEAD-WI-25C001,WI,9500.0,0.0,1.0,1.0,C,True,1,1,50.0,1000.0,1000.0,26
2745,CM61-BEAD-WI-25C002,WI,134500.0,0.0,6.0,1.0,C,True,14,14,50.0,1000.0,1000.0,26
2746,CM61-BEAD-WI-25M001,WI,201347.0,0.0,7.0,1.0,L,True,29,0,0.0,100.0,20.0,26
2747,CM61-BEAD-WI-15F001,WI,4992172.0,0.0,333.0,24.0,L,False,1026,0,50.0,1000.0,1000.0,26
2748,CM61-BEAD-WI-15F002,WI,8711507.0,0.0,581.0,41.0,L,False,1538,0,50.0,1000.0,1000.0,26
2749,CM61-BEAD-WI-15F003,WI,7284780.0,0.0,486.0,34.0,L,False,1318,0,50.0,1000.0,1000.0,26
2750,CM61-BEAD-WI-15F005,WI,4470400.0,0.0,146.0,11.0,L,True,508,0,50.0,1000.0,1000.0,26
2751,CM61-BEAD-WI-15F004,WI,14401969.0,0.0,960.0,68.0,L,False,2974,0,50.0,1000.0,1000.0,26
2752,CM61-BEAD-WI-26F001,WI,1048914.0,0.0,171.0,12.0,L,True,391,0,50.0,1000.0,1000.0,26
2753,CM61-BEAD-WI-27C010,WI,99500.0,2.0,10.0,1.0,C,True,11,11,50.0,1000.0,1000.0,26
2754,CM61-BEAD-WI-27F001,WI,8043515.0,0.0,667.0,47.0,L,True,1181,0,50.0,1000.0,1000.0,26
2755,CM61-BEAD-WI-27F002,WI,12655.0,0.0,1.0,1.0,L,True,15,0,50.0,1000.0,1000.0,26
2756,CM61-BEAD-WI-27F003,WI,3025707.0,0.0,347.0,25.0,L,True,1353,0,50.0,1000.0,1000.0,26
2757,CM61-BEAD-WI-27F004,WI,11752641.0,0.0,760.0,54.0,L,False,2425,0,50.0,1000.0,1000.0,26
2758,CM61-BEAD-WI-27F005,WI,3244421.0,0.0,216.0,16.0,L,False,534,0,50.0,1000.0,1000.0,26
2759,CM61-BEAD-WI-27F006,WI,4839670.0,0.0,766.0,54.0,L,True,2307,0,50.0,1000.0,1000.0,26
2760,CM61-BEAD-WI-27F007,WI,2797724.0,0.0,251.0,18.0,L,True,453,0,50.0,1000.0,1000.0,26
2761,CM61-BEAD-WI-27F008,WI,2254893.0,0.0,253.0,18.0,L,True,524,0,50.0,1000.0,1000.0,26
2762,CM61-BEAD-WI-27F009,WI,4427925.0,0.0,422.0,30.0,L,True,677,0,50.0,1000.0,1000.0,26
2763,CM61-BEAD-WI-37W004,WI,112517.0,0.0,0.0,1.0,L,True,151,0,71.0,100.0,20.0,26
2764,CM61-BEAD-WI-37W006,WI,67076.0,0.0,0.0,1.0,L,True,140,0,71.0,100.0,20.0,26
2765,CM61-BEAD-WI-37F003,WI,0.0,0.0,0.0,1.0,L,False,1,0,50.0,1000.0,1000.0,26
2766,CM61-BEAD-WI-37W005,WI,249067.0,0.0,0.0,2.0,L,True,183,0,71.0,100.0,20.0,26
2767,CM61-BEAD-WI-37F002,WI,0.0,0.0,0.0,1.0,L,True,1144,0,50.0,1000.0,1000.0,26
2768,CM61-BEAD-WI-37W007,WI,462204.0,0.0,0.0,4.0,L,True,700,0,71.0,100.0,20.0,26
2769,CM61-BEAD-WI-37F010,WI,1687745.0,0.0,113.0,8.0,L,False,286,0,50.0,1000.0,1000.0,26
2770,CM61-BEAD-WI-37F001,WI,0.0,0.0,0.0,1.0,L,True,976,0,50.0,1000.0,1000.0,26
2771,CM61-BEAD-WI-37W008,WI,472714.0,0.0,0.0,4.0,L,True,839,0,71.0,100.0,20.0,26
2772,CM61-BEAD-WI-37W009,WI,265489.0,0.0,0.0,2.0,L,True,140,0,71.0,100.0,20.0,26
2773,CM61-BEAD-WI-29F001,WI,579092.0,14.0,32.0,4.0,L,True,179,0,50.0,1000.0,1000.0,26
2774,CM61-BEAD-WI-29F002,WI,512162.0,11.0,25.0,3.0,L,True,130,12,50.0,1000.0,1000.0,26
2775,CM61-BEAD-WI-29F003,WI,20486886.0,429.0,1001.0,101.0,L,True,4827,0,50.0,1000.0,1000.0,26
2776,CM61-BEAD-WI-20F002,WI,2449425.0,195.0,0.0,14.0,L,True,331,0,50.0,1000.0,1000.0,26
2777,CM61-BEAD-WI-31F001,WI,56620470.0,0.0,3678.0,258.0,L,True,4530,0,50.0,1000.0,1000.0,26
2778,CM61-BEAD-WI-55L004,WI,64500.0,0.0,0.0,0.0,L,False,43,0,61.0,100.0,20.0,26
2779,CM61-BEAD-WI-55L002,WI,27846860.0,0.0,0.0,0.0,L,False,18498,0,61.0,100.0,20.0,26
2780,CM61-BEAD-WI-55L001,WI,9246000.0,0.0,0.0,0.0,L,True,6163,0,61.0,100.0,20.0,26
2781,CM61-BEAD-WI-55L003,WI,25500.0,0.0,0.0,0.0,L,False,17,0,61.0,100.0,20.0,26
2782,CM61-BEAD-WI-32F001,WI,6335769.0,135.0,287.0,30.0,L,True,1221,0,50.0,1000.0,1000.0,26
2783,CM61-BEAD-WI-57F001,WI,562455.0,0.0,50.0,4.0,L,True,45,0,50.0,1000.0,1000.0,26
2784,CM61-BEAD-DC-BSL-CSW,DC,169087.5,0.0,0.0,0.0,L,True,46,0,71.0,100.0,20.0,0
2785,CM61-BEAD-DC-CAI-CSW,DC,827011.5,0.0,0.0,0.0,C,True,55,55,71.0,1000.0,1000.0,0
2786,CM61-BEAD-CA-33-14232,CA,50732005.55,151.0,206.0,0.0,L,True,5166,0,50.0,5000.0,5000.0,15
2787,CM61-BEAD-CA-291-14254,CA,54943933.35,0.0,0.0,60.0,L,False,49705,0,61.0,400.0,50.0,15
2788,CM61-BEAD-CA-94-14223,CA,85315162.8,751.0,281.0,56.0,L,True,14491,274,50.0,1000.0,1000.0,15
2789,CM61-BEAD-CA-37-1843,CA,9204174.0,0.0,10.0,19.0,L,False,353,0,71.0,200.0,40.0,15
2790,CM61-BEAD-CA-231-14249,CA,50432882.92,0.0,1160.0,60.0,L,True,10871,199,50.0,1000.0,1000.0,15
2791,CM61-BEAD-CA-16-14253,CA,4042433.0,4.0,0.0,3.0,L,False,613,11,70.0,858.646003262643,536.0114192495922,15
2792,CM61-BEAD-CA-262-14248,CA,4407330.0,0.0,0.0,7.0,L,False,5459,0,72.0,1000.0,500.0,15
2793,CM61-BEAD-CA-262-14245,CA,21867988.0,0.0,0.0,7.0,L,False,28913,0,72.0,1000.0,500.0,15
2794,CM61-BEAD-CA-183-14255,CA,21616607.83,0.0,0.0,0.0,L,False,23232,0,61.0,100.0,20.0,15
2795,CM61-BEAD-CA-176-14252,CA,90264112.9,147.0,341.0,13.0,L,True,5808,82,50.0,2478.822314049588,2478.822314049588,15
2796,CM61-BEAD-CA-33-1683,CA,246312.96,1.0,13.0,0.0,L,True,106,0,50.0,5000.0,5000.0,15
2797,CM61-BEAD-CA-33-14242,CA,4439168.71,37.0,111.0,0.0,L,True,1390,0,50.0,5000.0,5000.0,15
2798,CM61-BEAD-CA-33-14241,CA,15305910.66,135.0,362.0,0.0,L,True,5599,0,50.0,5000.0,5000.0,15
2799,CM61-BEAD-CA-33-1691,CA,249883.08,4.0,12.0,0.0,L,True,99,0,50.0,5000.0,5000.0,15
2800,CM61-BEAD-CA-33-1692,CA,412073.67,4.0,19.0,0.0,L,True,210,0,50.0,5000.0,5000.0,15
2801,CM61-BEAD-CA-33-14240,CA,132449508.23,1108.0,1379.0,0.0,L,True,15973,0,50.0,5000.0,5000.0,15
2802,CM61-BEAD-CA-33-14239,CA,643985.19,17.0,28.0,0.0,L,True,415,0,50.0,5000.0,5000.0,15
2803,CM61-BEAD-CA-33-14238,CA,22484096.9,355.0,80.0,0.0,L,True,3942,0,50.0,5000.0,5000.0,15
2804,CM61-BEAD-CA-33-14237,CA,1226058.38,24.0,8.0,0.0,L,True,916,0,50.0,5000.0,5000.0,15
2805,CM61-BEAD-CA-33-1713,CA,810933.35,2.0,4.0,0.0,L,True,388,0,50.0,5000.0,5000.0,15
2806,CM61-BEAD-CA-33-1714,CA,1982051.11,2.0,6.0,0.0,L,True,255,0,50.0,5000.0,5000.0,15
2807,CM61-BEAD-CA-33-14236,CA,2633901.12,24.0,22.0,0.0,L,True,669,0,50.0,5000.0,5000.0,15
2808,CM61-BEAD-CA-33-1716,CA,541570.32,0.0,5.0,0.0,L,True,174,0,50.0,5000.0,5000.0,15
2809,CM61-BEAD-CA-33-1717,CA,1019552.12,0.0,8.0,0.0,L,True,98,0,50.0,5000.0,5000.0,15
2810,CM61-BEAD-CA-33-14235,CA,19070611.98,99.0,120.0,0.0,L,True,2482,0,50.0,5000.0,5000.0,15
2811,CM61-BEAD-CA-33-1729,CA,138759.18,3.0,4.0,0.0,L,True,126,0,50.0,5000.0,5000.0,15
2812,CM61-BEAD-CA-33-14234,CA,11904865.09,37.0,68.0,0.0,L,True,1080,0,50.0,5000.0,5000.0,15
2813,CM61-BEAD-CA-33-14233,CA,8367147.27,22.0,50.0,0.0,L,True,948,0,50.0,5000.0,5000.0,15
2814,CM61-BEAD-CA-33-1751,CA,106774.59,0.0,7.0,0.0,L,True,136,0,50.0,5000.0,5000.0,15
2815,CM61-BEAD-CA-33-1752,CA,6728071.52,24.0,42.0,0.0,L,True,921,0,50.0,5000.0,5000.0,15
2816,CM61-BEAD-CA-33-1753,CA,358808.77,1.0,1.0,0.0,L,True,82,0,50.0,5000.0,5000.0,15
2817,CM61-BEAD-CA-33-1754,CA,681315.72,1.0,28.0,0.0,L,True,256,0,50.0,5000.0,5000.0,15
2818,CM61-BEAD-CA-33-1757,CA,8917517.52,31.0,38.0,0.0,L,True,1002,0,50.0,5000.0,5000.0,15
2819,CM61-BEAD-CA-33-1759,CA,1600927.15,5.0,14.0,0.0,L,True,361,0,50.0,5000.0,5000.0,15
2820,CM61-BEAD-CA-33-1760,CA,1367469.74,2.0,5.0,0.0,L,True,153,0,50.0,5000.0,5000.0,15
2821,CM61-BEAD-CA-33-1761,CA,44500.0,2.0,1.0,0.0,L,True,89,0,50.0,5000.0,5000.0,15
2822,CM61-BEAD-CA-33-1762,CA,120194.3,2.0,5.0,0.0,L,True,171,0,50.0,5000.0,5000.0,15
2823,CM61-BEAD-CA-33-1785,CA,144000.0,1.0,3.0,0.0,L,True,288,0,50.0,5000.0,5000.0,15
2824,CM61-BEAD-CA-33-1786,CA,307004.71,1.0,11.0,0.0,L,True,510,0,50.0,5000.0,5000.0,15
2825,CM61-BEAD-CA-33-1789,CA,1034099.58,19.0,21.0,0.0,L,True,159,0,50.0,5000.0,5000.0,15
2826,CM61-BEAD-CA-33-14231,CA,17312708.02,181.0,96.0,0.0,L,True,2338,0,50.0,5000.0,5000.0,15
2827,CM61-BEAD-CA-33-1797,CA,109559.41,3.0,3.0,0.0,L,True,81,0,50.0,5000.0,5000.0,15
2828,CM61-BEAD-CA-33-1798,CA,7435123.44,7.0,46.0,0.0,L,True,469,0,50.0,5000.0,5000.0,15
2829,CM61-BEAD-CA-33-9599,CA,2860377.84,12.0,31.0,0.0,L,True,262,0,50.0,5000.0,5000.0,15
2830,CM61-BEAD-CA-33-9617,CA,3384688.19,3.0,18.0,0.0,L,True,190,0,50.0,5000.0,5000.0,15
2831,CM61-BEAD-CA-33-9632,CA,3427000.0,11.0,12.0,0.0,L,True,176,0,50.0,5000.0,5000.0,15
2832,CM61-BEAD-CA-94-1558,CA,13718381.08,40.0,73.0,56.0,L,True,1461,122,50.0,1000.0,1000.0,15
2833,CM61-BEAD-CA-94-1588,CA,14877225.5,183.0,35.0,56.0,L,True,1810,16,50.0,1000.0,1000.0,15
2834,CM61-BEAD-CA-219-9793,CA,12180464.58,0.0,0.0,5.0,L,False,1710,0,70.0,100.0,30.0,15
2835,CM61-BEAD-CA-67-14226,CA,381024887.0,2320.0,1477.0,5.0,L,True,27871,285,50.0,2000.0,2000.0,15
2836,CM61-BEAD-CA-67-1532,CA,3216182.0,9.0,12.0,5.0,L,True,166,3,50.0,2000.0,2000.0,15
2837,CM61-BEAD-CA-67-14225,CA,2683050.0,23.0,17.0,5.0,L,True,290,3,50.0,2000.0,2000.0,15
2838,CM61-BEAD-CA-67-14224,CA,9413416.0,51.0,44.0,5.0,L,True,815,25,50.0,2000.0,2000.0,15
2839,CM61-BEAD-CA-67-1634,CA,3373696.0,21.0,13.0,5.0,L,True,224,2,50.0,2000.0,2000.0,15
2840,CM61-BEAD-CA-4-1449,CA,2962859.0,12.0,5.0,41.0,L,True,621,1,50.0,7000.0,7000.0,15
2841,CM61-BEAD-CA-4-14230,CA,32658732.0,250.0,66.0,41.0,L,True,3872,33,50.0,7000.0,7000.0,15
2842,CM61-BEAD-CA-4-1452,CA,0.0,0.0,0.0,41.0,L,True,233,0,50.0,7000.0,7000.0,15
2843,CM61-BEAD-CA-4-14229,CA,70474149.0,491.0,102.0,41.0,L,True,8360,23,50.0,7000.0,7000.0,15
2844,CM61-BEAD-CA-4-1468,CA,1274273.0,0.0,4.0,41.0,L,True,511,0,50.0,7000.0,7000.0,15
2845,CM61-BEAD-CA-4-14228,CA,23002457.0,135.0,38.0,41.0,L,True,3530,3,50.0,7000.0,7000.0,15
2846,CM61-BEAD-CA-4-14227,CA,24283949.0,123.0,14.0,41.0,L,True,2975,30,50.0,7000.0,7000.0,15
2847,CM61-BEAD-CA-4-9387,CA,7744792.0,8.0,13.0,41.0,L,True,559,0,50.0,7000.0,7000.0,15
2848,CM61-BEAD-CA-4-9389,CA,10418356.0,20.0,45.0,41.0,L,True,1124,1,50.0,7000.0,7000.0,15
2849,CM61-BEAD-CA-285-1657,CA,1118392.75,8.0,3.0,5.0,L,True,60,0,50.0,1000.0,1000.0,15
2850,CM61-BEAD-CA-25-9498,CA,439723.47,0.0,0.0,1.0,L,False,91,0,72.0,867.7692307692304,193.06593406593404,15
2851,CM61-BEAD-CA-262-1838,CA,789600.0,0.0,0.0,7.0,L,True,1173,0,72.0,1000.0,500.0,15
2852,CM61-BEAD-CA-262-9431,CA,863045.0,0.0,0.0,7.0,L,False,1419,0,72.0,1000.0,500.0,15
2853,CM61-BEAD-CA-262-14247,CA,1946509.0,0.0,0.0,7.0,L,False,3197,0,72.0,1000.0,500.0,15
2854,CM61-BEAD-CA-262-14246,CA,3940811.0,0.0,0.0,7.0,L,False,6162,0,72.0,1000.0,500.0,15
2855,CM61-BEAD-CA-262-9452,CA,618126.0,0.0,0.0,7.0,L,False,998,0,72.0,1000.0,500.0,15
2856,CM61-BEAD-CA-171-1679,CA,1103173.71,4.0,0.0,15.0,L,True,216,0,50.0,690.7407407407409,540.1388888888891,15
2857,CM61-BEAD-CA-171-1483,CA,343967.54,0.0,0.0,2.0,L,False,237,1,72.0,196.20253164556954,51.518987341772146,15
2858,CM61-BEAD-CA-176-1479,CA,3886059.67,6.0,14.0,15.0,L,True,294,5,50.0,1000.0,1000.0,15
2859,CM61-BEAD-CA-176-14251,CA,24847201.73,44.0,103.0,13.0,L,True,1660,58,50.0,2447.5903614457843,2447.5903614457843,15
2860,CM61-BEAD-CA-297-9381,CA,1770135.6,0.0,0.0,5.0,L,False,3050,0,70.0,476.3127868852467,126.97475409836042,15
2861,CM61-BEAD-CA-155-1482,CA,5515046.96,0.0,36.0,8.0,L,True,504,5,50.0,2000.0,2000.0,15
2862,CM61-BEAD-CA-155-1520,CA,16858396.0,0.0,124.0,20.0,L,True,830,7,50.0,2000.0,2000.0,15
2863,CM61-BEAD-CA-155-1475,CA,466485.0,0.0,0.0,6.0,L,False,203,0,71.0,500.0,500.0,15
2864,CM61-BEAD-CA-224-14250,CA,57810378.62,121.0,393.0,16.0,L,True,3943,51,50.0,2480.5985290388035,2480.5985290388035,15
2865,CM61-BEAD-CA-296-14244,CA,432522.0,0.0,0.0,1.0,L,False,850,0,70.0,363.647058823529,79.7882352941176,15
2866,CM61-BEAD-CA-31-14243,CA,4589836.1,76.0,8.0,12.0,L,True,1771,9,50.0,1000.0,1000.0,15
2867,CM61-BEAD-CA-31-9695,CA,775410.0,11.0,3.0,12.0,L,True,475,0,50.0,1000.0,1000.0,15
2868,CM61-BEAD-CA-31-9697,CA,932735.3,15.0,3.0,12.0,L,True,181,0,50.0,1000.0,1000.0,15
2869,CM61-BEAD-NE-ALL-MDT,NE,9810300.0,173.0,24.0,6.0,L,True,423,10,50.0,1000.0,1000.0,7
2870,CM61-BEAD-NE-C801-SPX,NE,33750.0,0.0,0.0,0.0,L,True,45,0,61.0,100.0,20.0,7
2871,CM61-BEAD-NE-C802-SPX,NE,6000.0,0.0,0.0,0.0,L,True,8,0,61.0,100.0,20.0,7
2872,CM61-BEAD-NE-CAI-NNT,NE,149995.0,0.0,0.0,0.0,C,True,5,5,50.0,1000.0,1000.0,7
2873,CM61-BEAD-NE-CAI-QUI,NE,509983.0,0.0,0.0,4.0,C,True,17,17,50.0,1000.0,1000.0,7
2874,CM61-BEAD-NE-D1001-SPX,NE,21750.0,0.0,0.0,0.0,L,True,29,0,61.0,100.0,20.0,7
2875,CM61-BEAD-NE-D1002-SPX,NE,35250.0,0.0,0.0,0.0,L,True,47,0,61.0,100.0,20.0,7
2876,CM61-BEAD-NE-D1003-SPX,NE,33000.0,0.0,0.0,0.0,L,True,44,0,61.0,100.0,20.0,7
2877,CM61-BEAD-NE-D1004-INV,NE,122250.0,0.0,0.0,0.0,L,True,16,0,71.0,500.0,100.0,7
2878,CM61-BEAD-NE-D1005-INV,NE,135750.0,0.0,0.0,0.0,L,True,35,0,71.0,500.0,100.0,7
2879,CM61-BEAD-NE-D1006-AMG,NE,66070.0,0.0,0.0,1.0,L,True,38,0,71.0,100.0,20.0,7
2880,CM61-BEAD-NE-D601-SPX,NE,38250.0,0.0,0.0,0.0,L,True,51,0,61.0,100.0,20.0,7
2881,CM61-BEAD-NE-D602-SPX,NE,35250.0,0.0,0.0,0.0,L,True,47,0,61.0,100.0,20.0,7
2882,CM61-BEAD-NE-D603-SPX,NE,51750.0,0.0,0.0,0.0,L,True,69,0,61.0,100.0,20.0,7
2883,CM61-BEAD-NE-D604-SPX,NE,30000.0,0.0,0.0,0.0,L,True,40,0,61.0,100.0,20.0,7
2884,CM61-BEAD-NE-D701-SPX,NE,6750.0,0.0,0.0,0.0,L,True,9,0,61.0,100.0,20.0,7
2885,CM61-BEAD-NE-D702-SPX,NE,41250.0,0.0,0.0,0.0,L,True,55,0,61.0,100.0,20.0,7
2886,CM61-BEAD-NE-D703-SPX,NE,9750.0,0.0,0.0,0.0,L,True,13,0,61.0,100.0,20.0,7
2887,CM61-BEAD-NE-D704-MOB,NE,1320659.0,9.0,23.0,0.0,L,True,260,0,50.0,1000.0,1000.0,7
2888,CM61-BEAD-NE-D801-SPX,NE,26250.0,0.0,0.0,0.0,L,False,35,0,61.0,100.0,20.0,7
2889,CM61-BEAD-NE-E1001-SPX,NE,38250.0,0.0,0.0,0.0,L,False,51,0,61.0,100.0,20.0,7
2890,CM61-BEAD-NE-E6012-KUI,NE,11400.0,0.0,0.0,20.0,L,False,19,0,61.0,150.0,20.0,7
2891,CM61-BEAD-NE-E601-MOB,NE,658653.06,40.0,46.0,0.0,L,True,33,0,50.0,1000.0,1000.0,7
2892,CM61-BEAD-NE-E701-SPX,NE,49500.0,0.0,0.0,0.0,L,False,66,0,61.0,100.0,20.0,7
2893,CM61-BEAD-NE-E801-SPX,NE,42750.0,0.0,0.0,0.0,L,True,57,0,61.0,100.0,20.0,7
2894,CM61-BEAD-NE-F1001-SPX,NE,45750.0,0.0,0.0,0.0,L,True,61,0,61.0,100.0,20.0,7
2895,CM61-BEAD-NE-F601-SPX,NE,6000.0,0.0,0.0,0.0,L,True,8,0,61.0,100.0,20.0,7
2896,CM61-BEAD-NE-F602-SPX,NE,39750.0,0.0,0.0,0.0,L,True,53,0,61.0,100.0,20.0,7
2897,CM61-BEAD-NE-F801-SPX,NE,36000.0,0.0,0.0,0.0,L,True,48,0,61.0,100.0,20.0,7
2898,CM61-BEAD-NE-F901-SPX,NE,45750.0,0.0,0.0,0.0,L,False,61,0,61.0,100.0,20.0,7
2899,CM61-BEAD-NE-G1001-SPX,NE,36000.0,0.0,0.0,0.0,L,True,48,0,61.0,100.0,20.0,7
2900,CM61-BEAD-NE-G801-AMG,NE,1088892.0,0.0,0.0,3.0,L,True,46,0,71.0,100.0,20.0,7
2901,CM61-BEAD-NE-H1001-SPX,NE,125250.0,0.0,0.0,0.0,L,False,167,0,61.0,100.0,20.0,7
2902,CM61-BEAD-NE-H11012-KUI,NE,4800.0,0.0,0.0,20.0,L,False,8,0,61.0,150.0,20.0,7
2903,CM61-BEAD-NE-H1101-INV,NE,252000.0,0.0,0.0,0.0,L,True,64,0,71.0,500.0,100.0,7
2904,CM61-BEAD-NE-I1101-SPX,NE,26250.0,0.0,0.0,0.0,L,True,35,0,61.0,100.0,20.0,7
2905,CM61-BEAD-NE-I1102-SPX,NE,2250.0,0.0,0.0,0.0,L,True,3,0,61.0,100.0,20.0,7
2906,CM61-BEAD-NE-J1001-AMG,NE,136275.0,0.0,0.0,1.0,L,True,195,0,71.0,100.0,20.0,7
2907,CM61-BEAD-NE-J1002-AMG,NE,179563.0,0.0,0.0,1.0,L,True,124,0,71.0,100.0,20.0,7
2908,CM61-BEAD-NE-J11012-AMG,NE,43099.65,0.0,0.0,1.0,L,True,45,0,71.0,100.0,20.0,7
2909,CM61-BEAD-NE-J1101-PNP,NE,3.0,12.0,5.0,0.0,L,True,13,0,50.0,1000.0,1000.0,7
2910,CM61-BEAD-NE-J1102-AMG,NE,325180.0,0.0,0.0,1.0,L,True,99,0,71.0,100.0,20.0,7
2911,CM61-BEAD-NE-J1103-PNP,NE,84375.0,24.0,10.0,5.0,L,True,18,0,50.0,1000.0,1000.0,7
2912,CM61-BEAD-NE-J1104-SPX,NE,37500.0,0.0,0.0,0.0,L,True,50,0,61.0,100.0,20.0,7
2913,CM61-BEAD-NE-J1301-SPX,NE,6000.0,0.0,0.0,0.0,L,True,8,0,61.0,100.0,20.0,7
2914,CM61-BEAD-NE-J1302-SPX,NE,15000.0,0.0,0.0,0.0,L,True,20,0,61.0,100.0,20.0,7
2915,CM61-BEAD-NE-K1301-PNP,NE,942188.0,54.0,39.0,5.0,L,True,94,0,50.0,1000.0,1000.0,7
2916,CM61-BEAD-NE-K1302-SPX,NE,60000.0,0.0,0.0,0.0,L,True,80,0,61.0,100.0,20.0,7
2917,CM61-BEAD-NE-K1303-AMG,NE,68930.0,0.0,0.0,1.0,L,True,82,0,71.0,100.0,20.0,7
2918,CM61-BEAD-NE-L1001-SPX,NE,23250.0,0.0,0.0,0.0,L,True,31,0,61.0,100.0,20.0,7
2919,CM61-BEAD-NE-L1002-SPX,NE,23250.0,0.0,0.0,0.0,L,True,31,0,61.0,100.0,20.0,7
2920,CM61-BEAD-NE-L1101-AMG,NE,212360.0,0.0,0.0,1.0,L,True,144,0,71.0,100.0,20.0,7
2921,CM61-BEAD-NE-L1102-AMG,NE,191215.0,0.0,0.0,1.0,L,True,151,0,71.0,100.0,20.0,7
2922,CM61-BEAD-NE-L1103-AMG,NE,110463.0,0.0,0.0,1.0,L,True,141,0,71.0,100.0,20.0,7
2923,CM61-BEAD-NE-L1104-SPX,NE,26250.0,0.0,0.0,0.0,L,True,35,0,61.0,100.0,20.0,7
2924,CM61-BEAD-NE-L1105-SPX,NE,6000.0,0.0,0.0,0.0,L,True,8,0,61.0,100.0,20.0,7
2925,CM61-BEAD-NE-L1201-AMG,NE,118090.0,0.0,0.0,1.0,L,True,146,0,71.0,100.0,20.0,7
2926,CM61-BEAD-NE-L1202-AMG,NE,195035.0,0.0,0.0,1.0,L,True,114,0,71.0,100.0,20.0,7
2927,CM61-BEAD-NE-L1203-SPX,NE,52500.0,0.0,0.0,0.0,L,True,70,0,61.0,100.0,20.0,7
2928,CM61-BEAD-NE-L1204-SPX,NE,25500.0,0.0,0.0,0.0,L,True,34,0,61.0,100.0,20.0,7
2929,CM61-BEAD-NE-L1301-SPX,NE,49500.0,0.0,0.0,0.0,L,True,66,0,61.0,100.0,20.0,7
2930,CM61-BEAD-NE-L1302-SPX,NE,24000.0,0.0,0.0,0.0,L,True,32,0,61.0,100.0,20.0,7
2931,CM61-BEAD-NE-L701-SPX,NE,41250.0,0.0,0.0,0.0,L,True,55,0,61.0,100.0,20.0,7
2932,CM61-BEAD-NE-L801-SPX,NE,21750.0,0.0,0.0,0.0,L,True,29,0,61.0,100.0,20.0,7
2933,CM61-BEAD-NE-L802-SPX,NE,16500.0,0.0,0.0,0.0,L,True,22,0,61.0,100.0,20.0,7
2934,CM61-BEAD-NE-L803-SPX,NE,1500.0,0.0,0.0,0.0,L,True,2,0,61.0,100.0,20.0,7
2935,CM61-BEAD-NE-M1001-SPX,NE,16500.0,0.0,0.0,0.0,L,True,22,0,61.0,100.0,20.0,7
2936,CM61-BEAD-NE-M1002-SPX,NE,27750.0,0.0,0.0,0.0,L,True,37,0,61.0,100.0,20.0,7
2937,CM61-BEAD-NE-M11012-KUI,NE,13800.0,0.0,0.0,20.0,L,False,23,0,61.0,150.0,20.0,7
2938,CM61-BEAD-NE-M1101-AMG,NE,812223.5,0.0,0.0,0.0,L,True,129,0,71.0,200.0,100.0,7
2939,CM61-BEAD-NE-M1102-AMG,NE,436879.96,0.0,0.0,0.0,L,True,148,0,71.0,200.0,100.0,7
2940,CM61-BEAD-NE-M1103-AMG,NE,978042.12,0.0,0.0,0.0,L,True,156,0,71.0,200.0,100.0,7
2941,CM61-BEAD-NE-M1104-SPX,NE,88500.0,0.0,0.0,0.0,L,False,118,0,61.0,100.0,20.0,7
2942,CM61-BEAD-NE-M1105-SPX,NE,18750.0,0.0,0.0,0.0,L,True,25,0,61.0,100.0,20.0,7
2943,CM61-BEAD-NE-M1106-SPX,NE,60750.0,0.0,0.0,0.0,L,True,81,0,61.0,100.0,20.0,7
2944,CM61-BEAD-NE-M1107-SPX,NE,33750.0,0.0,0.0,0.0,L,True,45,0,61.0,100.0,20.0,7
2945,CM61-BEAD-NE-M1108-SPX,NE,12750.0,0.0,0.0,0.0,L,True,17,0,61.0,100.0,20.0,7
2946,CM61-BEAD-NE-M1109-SPX,NE,9750.0,0.0,0.0,0.0,L,True,13,0,61.0,100.0,20.0,7
2947,CM61-BEAD-NE-M1201-AMG,NE,325134.0,0.0,0.0,1.0,L,True,185,0,71.0,100.0,20.0,7
2948,CM61-BEAD-NE-M1202-AMG,NE,232247.0,0.0,0.0,1.0,L,True,159,0,71.0,100.0,20.0,7
2949,CM61-BEAD-NE-M1203-AMG,NE,223075.0,0.0,0.0,1.0,L,True,155,0,71.0,100.0,20.0,7
2950,CM61-BEAD-NE-M1204-SPX,NE,24750.0,0.0,0.0,0.0,L,True,33,0,61.0,100.0,20.0,7
2951,CM61-BEAD-NE-M1205-SPX,NE,16500.0,0.0,0.0,0.0,L,True,22,0,61.0,100.0,20.0,7
2952,CM61-BEAD-NE-M1206-SPX,NE,15750.0,0.0,0.0,0.0,L,True,21,0,61.0,100.0,20.0,7
2953,CM61-BEAD-NE-M1301-PNP,NE,150000.0,12.0,1.0,5.0,L,True,25,0,50.0,1000.0,1000.0,7
2954,CM61-BEAD-NE-M1302-SPX,NE,36750.0,0.0,0.0,0.0,L,True,49,0,61.0,100.0,20.0,7
2955,CM61-BEAD-NE-M1303-SPX,NE,93750.0,0.0,0.0,0.0,L,True,125,0,61.0,100.0,20.0,7
2956,CM61-BEAD-NE-M701-AMG,NE,212555.0,0.0,0.0,1.0,L,True,131,0,71.0,100.0,20.0,7
2957,CM61-BEAD-NE-M801-SPX,NE,32250.0,0.0,0.0,0.0,L,True,43,0,61.0,100.0,20.0,7
2958,CM61-BEAD-NE-MISC-SPX,NE,6000.0,0.0,0.0,0.0,L,False,8,0,61.0,100.0,20.0,7
2959,CM61-BEAD-NE-N1001-AMG,NE,189443.0,0.0,0.0,1.0,L,True,33,0,71.0,100.0,20.0,7
2960,CM61-BEAD-NE-N10022-KUI,NE,18000.0,0.0,0.0,20.0,L,False,30,0,61.0,150.0,20.0,7
2961,CM61-BEAD-NE-N1002-SPX,NE,68972.16,0.0,0.0,0.0,L,True,24,0,61.0,100.0,20.0,7
2962,CM61-BEAD-NE-N1003-SPX,NE,41250.0,0.0,0.0,0.0,L,True,55,0,61.0,100.0,20.0,7
2963,CM61-BEAD-NE-N11012-KUI,NE,2400.0,0.0,0.0,20.0,L,True,4,0,61.0,150.0,20.0,7
2964,CM61-BEAD-NE-N11012-SPX,NE,85200.0,0.0,0.0,0.0,L,True,142,0,61.0,100.0,20.0,7
2965,CM61-BEAD-NE-N1102-AMG,NE,171188.0,0.0,0.0,1.0,L,True,80,0,71.0,100.0,20.0,7
2966,CM61-BEAD-NE-N1103-AMG,NE,438984.0,0.0,0.0,1.0,L,True,28,0,71.0,100.0,20.0,7
2967,CM61-BEAD-NE-N1201-AMG,NE,181710.0,0.0,0.0,1.0,L,True,152,0,71.0,100.0,20.0,7
2968,CM61-BEAD-NE-N1202-KUI,NE,204375.0,0.0,0.0,20.0,L,True,110,0,61.0,150.0,20.0,7
2969,CM61-BEAD-NE-N601-KUI,NE,139725.0,0.0,0.0,20.0,L,True,69,0,61.0,150.0,20.0,7
2970,CM61-BEAD-NE-N701-KUI,NE,85050.0,0.0,0.0,20.0,L,True,42,0,61.0,150.0,20.0,7
2971,CM61-BEAD-NE-N901-KUI,NE,57200.0,0.0,0.0,20.0,L,True,26,0,61.0,150.0,20.0,7
2972,CM61-BEAD-NE-O1001-NED,NE,2157349.28,38.0,8.0,0.0,L,True,155,0,50.0,1000.0,1000.0,7
2973,CM61-BEAD-NE-O1002-NED,NE,2998388.78,70.0,0.0,0.0,L,True,173,0,50.0,1000.0,1000.0,7
2974,CM61-BEAD-NE-O1003-AMG,NE,123062.0,0.0,0.0,1.0,L,True,157,0,71.0,100.0,20.0,7
2975,CM61-BEAD-NE-O1004-AMG,NE,305880.0,0.0,0.0,1.0,L,True,114,0,71.0,100.0,20.0,7
2976,CM61-BEAD-NE-O1005-AMG,NE,164884.0,0.0,0.0,1.0,L,True,63,0,71.0,100.0,20.0,7
2977,CM61-BEAD-NE-O1201-SPX,NE,111000.0,0.0,0.0,0.0,L,False,148,0,61.0,100.0,20.0,7
2978,CM61-BEAD-NE-O1202-KUI,NE,11550.0,0.0,0.0,20.0,L,True,7,0,61.0,150.0,20.0,7
2979,CM61-BEAD-NE-O1203-KUI,NE,19800.0,0.0,0.0,20.0,L,True,12,0,61.0,150.0,20.0,7
2980,CM61-BEAD-NE-O1204-KUI,NE,1650.0,0.0,0.0,20.0,L,True,1,0,61.0,150.0,20.0,7
2981,CM61-BEAD-NE-O701-KUI,NE,101250.0,0.0,0.0,20.0,L,True,50,0,61.0,150.0,20.0,7
2982,CM61-BEAD-NE-O801-KUI,NE,28050.0,0.0,0.0,20.0,L,True,17,0,61.0,150.0,20.0,7
2983,CM61-BEAD-NE-O802-KUI,NE,24750.0,0.0,0.0,20.0,L,True,15,0,61.0,150.0,20.0,7
2984,CM61-BEAD-NE-O803-KUI,NE,23100.0,0.0,0.0,20.0,L,False,14,0,61.0,150.0,20.0,7
2985,CM61-BEAD-NE-O901-KUI,NE,28050.0,0.0,0.0,20.0,L,True,17,0,61.0,150.0,20.0,7
2986,CM61-BEAD-NE-O902-KUI,NE,6600.0,0.0,0.0,20.0,L,True,4,0,61.0,150.0,20.0,7
2987,CM61-BEAD-NE-O903-AMG,NE,75085.0,0.0,0.0,1.0,L,False,69,0,71.0,100.0,20.0,7
2988,CM61-BEAD-NE-O904-KUI,NE,1650.0,0.0,0.0,20.0,L,True,1,0,61.0,150.0,20.0,7
2989,CM61-BEAD-NE-O905-KUI,NE,74700.0,0.0,0.0,20.0,L,True,38,0,61.0,150.0,20.0,7
2990,CM61-BEAD-NE-O907-KUI,NE,103400.0,0.0,0.0,20.0,L,True,47,0,61.0,150.0,20.0,7
2991,CM61-BEAD-NE-P1001-KUI,NE,109650.0,0.0,0.0,20.0,L,True,66,0,61.0,150.0,20.0,7
2992,CM61-BEAD-NE-P1002-AMG,NE,276556.0,0.0,0.0,1.0,L,True,188,0,71.0,100.0,20.0,7
2993,CM61-BEAD-NE-P1003-KUI,NE,119100.0,0.0,0.0,20.0,L,True,59,0,61.0,150.0,20.0,7
2994,CM61-BEAD-NE-P1005-AMG,NE,232075.0,0.0,0.0,1.0,L,True,99,0,71.0,100.0,20.0,7
2995,CM61-BEAD-NE-P1101-AMG,NE,183014.0,0.0,0.0,1.0,L,True,169,0,71.0,100.0,20.0,7
2996,CM61-BEAD-NE-P1102-AMG,NE,279069.0,0.0,0.0,1.0,L,True,110,0,71.0,100.0,20.0,7
2997,CM61-BEAD-NE-P1201-KUI,NE,26325.0,0.0,0.0,20.0,L,True,13,0,61.0,150.0,20.0,7
2998,CM61-BEAD-NE-P1301-AMG,NE,255505.0,0.0,0.0,1.0,L,True,121,0,71.0,100.0,20.0,7
2999,CM61-BEAD-NE-P801-AMG,NE,552275.0,0.0,0.0,1.0,L,True,99,0,71.0,100.0,20.0,7
3000,CM61-BEAD-NE-P802-KUI,NE,136350.0,0.0,0.0,20.0,L,True,69,0,61.0,150.0,20.0,7
3001,CM61-BEAD-NE-P803-AMG,NE,372955.0,0.0,0.0,1.0,L,True,91,0,71.0,100.0,20.0,7
3002,CM61-BEAD-NE-Q1001-KUI,NE,51200.0,0.0,0.0,20.0,L,False,64,0,61.0,150.0,20.0,7
3003,CM61-BEAD-NE-Q1002-AMG,NE,207660.0,0.0,0.0,1.0,L,True,212,0,71.0,100.0,20.0,7
3004,CM61-BEAD-NE-Q1101-AMG,NE,316145.0,0.0,0.0,1.0,L,True,133,0,71.0,100.0,20.0,7
3005,CM61-BEAD-NE-Q1102-AMG,NE,131000.0,0.0,0.0,1.0,L,True,148,0,71.0,100.0,20.0,7
3006,CM61-BEAD-NE-Q1103-AMG,NE,130105.0,0.0,0.0,1.0,L,True,177,0,71.0,100.0,20.0,7
3007,CM61-BEAD-NE-Q1104-AMG,NE,356190.0,0.0,0.0,1.0,L,True,158,0,71.0,100.0,20.0,7
3008,CM61-BEAD-NE-Q1201-AMG,NE,172631.0,0.0,0.0,1.0,L,True,164,0,71.0,100.0,20.0,7
3009,CM61-BEAD-NE-Q1202-AMG,NE,120820.0,0.0,0.0,1.0,L,True,172,0,71.0,100.0,20.0,7
3010,CM61-BEAD-NE-Q1301-AMG,NE,498605.0,0.0,0.0,1.0,L,True,141,0,71.0,100.0,20.0,7
3011,CM61-BEAD-NE-Q1302-KUI,NE,85600.0,0.0,0.0,20.0,L,False,107,0,61.0,150.0,20.0,7
3012,CM61-BEAD-NE-Q1303-KUI,NE,28050.0,0.0,0.0,20.0,L,True,17,0,61.0,150.0,20.0,7
3013,CM61-BEAD-NE-Q801-AMG,NE,788370.0,0.0,0.0,3.0,L,True,66,0,71.0,100.0,20.0,7
3014,CM61-BEAD-NE-Q802-AMG,NE,343235.0,0.0,0.0,1.0,L,True,136,0,71.0,100.0,20.0,7
3015,CM61-BEAD-NE-Q901-AMG,NE,475240.0,0.0,0.0,1.0,L,True,160,0,71.0,100.0,20.0,7
3016,CM61-BEAD-NE-Q902-AMG,NE,461945.0,0.0,0.0,1.0,L,True,81,0,71.0,100.0,20.0,7
3017,CM61-BEAD-NE-Q903-KUI,NE,19800.0,0.0,0.0,20.0,L,True,12,0,61.0,150.0,20.0,7
3018,CM61-BEAD-NE-R1001-AMG,NE,308585.0,0.0,0.0,1.0,L,True,145,0,71.0,100.0,20.0,7
3019,CM61-BEAD-NE-R1002-AMG,NE,218595.0,0.0,0.0,1.0,L,True,147,0,71.0,100.0,20.0,7
3020,CM61-BEAD-NE-R1003-KUI,NE,184275.0,0.0,0.0,20.0,L,True,91,0,61.0,150.0,20.0,7
3021,CM61-BEAD-NE-R1004-KUI,NE,20250.0,0.0,0.0,20.0,L,True,10,0,61.0,150.0,20.0,7
3022,CM61-BEAD-NE-R1101-AMG,NE,264865.0,0.0,0.0,1.0,L,True,49,0,71.0,100.0,20.0,7
3023,CM61-BEAD-NE-R1102-AMG,NE,112142.0,0.0,0.0,1.0,L,True,145,0,71.0,100.0,20.0,7
3024,CM61-BEAD-NE-R1103-AMG,NE,312679.0,0.0,0.0,1.0,L,True,153,0,71.0,100.0,20.0,7
3025,CM61-BEAD-NE-R1104-AMG,NE,314060.0,0.0,0.0,1.0,L,True,171,0,71.0,100.0,20.0,7
3026,CM61-BEAD-NE-R1105-AMG,NE,312219.0,0.0,0.0,1.0,L,True,147,0,71.0,100.0,20.0,7
3027,CM61-BEAD-NE-R1201-AMG,NE,213400.0,0.0,0.0,1.0,L,True,144,0,71.0,100.0,20.0,7
3028,CM61-BEAD-NE-R1202-AMG,NE,250396.0,0.0,0.0,1.0,L,True,149,0,71.0,100.0,20.0,7
3029,CM61-BEAD-NE-R1203-AMG,NE,617113.0,0.0,0.0,1.0,L,True,116,0,71.0,100.0,20.0,7
3030,CM61-BEAD-NE-R1301-AMG,NE,171185.0,0.0,0.0,1.0,L,True,137,0,71.0,100.0,20.0,7
3031,CM61-BEAD-NE-R1302-AMG,NE,312395.0,0.0,0.0,1.0,L,True,123,0,71.0,100.0,20.0,7
3032,CM61-BEAD-NE-R1303-KUI,NE,79800.0,0.0,0.0,20.0,L,True,42,0,61.0,150.0,20.0,7
3033,CM61-BEAD-NE-R1304-KUI,NE,21450.0,0.0,0.0,20.0,L,True,13,0,61.0,150.0,20.0,7
3034,CM61-BEAD-NE-R701-KUI,NE,6600.0,0.0,0.0,20.0,L,True,4,0,61.0,150.0,20.0,7
3035,CM61-BEAD-NE-R801-AMG,NE,582555.0,0.0,0.0,1.0,L,True,51,0,71.0,100.0,20.0,7
3036,CM61-BEAD-NE-R802-KUI,NE,8250.0,0.0,0.0,20.0,L,True,5,0,61.0,150.0,20.0,7
3037,CM61-BEAD-NE-R803-KUI,NE,74250.0,0.0,0.0,20.0,L,True,45,0,61.0,150.0,20.0,7
3038,CM61-BEAD-NE-R804-AMG,NE,195210.0,0.0,0.0,1.0,L,True,18,0,71.0,100.0,20.0,7
3039,CM61-BEAD-NE-R8052-KUI,NE,34400.0,0.0,0.0,20.0,L,False,43,0,61.0,150.0,20.0,7
3040,CM61-BEAD-NE-R805-AMG,NE,101250.0,0.0,0.0,1.0,L,False,9,0,71.0,100.0,20.0,7
3041,CM61-BEAD-NE-S1001-AMG,NE,317066.0,0.0,0.0,1.0,L,True,145,0,71.0,100.0,20.0,7
3042,CM61-BEAD-NE-S1002-AMG,NE,113065.0,0.0,0.0,1.0,L,True,105,0,71.0,100.0,20.0,7
3043,CM61-BEAD-NE-S1003-SPX,NE,126750.0,0.0,0.0,0.0,L,False,169,0,61.0,100.0,20.0,7
3044,CM61-BEAD-NE-S1101-SPX,NE,122250.0,0.0,0.0,0.0,L,False,163,0,61.0,100.0,20.0,7
3045,CM61-BEAD-NE-S1301-KUI,NE,72800.0,0.0,0.0,20.0,L,False,91,0,61.0,150.0,20.0,7
3046,CM61-BEAD-NE-S1302-KUI,NE,156750.0,0.0,0.0,20.0,L,True,95,0,61.0,150.0,20.0,7
3047,CM61-BEAD-NE-S1303-KUI,NE,28050.0,0.0,0.0,20.0,L,True,17,0,61.0,150.0,20.0,7
3048,CM61-BEAD-NE-T1001-AMG,NE,594800.0,0.0,0.0,1.0,L,True,224,0,71.0,100.0,20.0,7
3049,CM61-BEAD-NE-T1101-SPX,NE,138750.0,0.0,0.0,0.0,L,False,185,0,61.0,100.0,20.0,7
3050,CM61-BEAD-NE-T1201-PNP,NE,1425000.0,48.0,14.0,5.0,L,True,82,0,50.0,1000.0,1000.0,7
3051,CM61-BEAD-NE-T1202-KUI,NE,63200.0,0.0,0.0,20.0,L,False,79,0,61.0,150.0,20.0,7
3052,CM61-BEAD-OR-85090,OR,15199456.22,31.0,3.0,20.0,L,True,924,0,50.0,2000.0,2000.0,16
3053,CM61-BEAD-OR-85176,OR,141292.75,0.0,3.0,1.0,L,True,20,0,50.0,10000.0,10000.0,16
3054,CM61-BEAD-OR-85285,OR,3896583.6,35.0,4.0,20.0,L,True,420,0,50.0,50000.0,50000.0,16
3055,CM61-BEAD-OR-85293,OR,5179617.95,9.0,30.0,2.0,L,True,2015,0,50.0,2000.0,2000.0,16
3056,CM61-BEAD-OR-85294,OR,272037.92,2.0,1.0,2.0,L,True,176,0,50.0,2000.0,2000.0,16
3057,CM61-BEAD-OR-85368,OR,730427.25,0.0,0.0,0.0,L,True,526,1,71.0,401.1406844106464,51.80608365019011,16
3058,CM61-BEAD-OR-85390,OR,9682722.88,68.0,11.0,0.0,L,True,872,0,50.0,2000.0,2000.0,16
3059,CM61-BEAD-OR-85399,OR,980000.0,13.0,3.0,4.0,L,True,196,0,50.0,2000.0,2000.0,16
3060,CM61-BEAD-OR-85554,OR,462500.0,13830.0,5843.0,0.0,L,True,25,0,50.0,2500.0,2500.0,16
3061,CM61-BEAD-OR-85581,OR,690220.3,0.0,14.0,0.0,L,True,204,1,50.0,1995.0980392156862,1996.0784313725496,16
3062,CM61-BEAD-OR-85620,OR,12515702.54,98.0,39.0,56.0,L,False,1431,5,50.0,895.5974842767312,886.3172606568824,16
3063,CM61-BEAD-OR-85643,OR,13939085.04,158.0,30.0,56.0,L,True,1614,0,50.0,923.0483271375475,916.2081784386622,16
3064,CM61-BEAD-OR-85652,OR,1312438.6,0.0,27.0,0.0,L,True,386,0,50.0,2000.0,2000.0,16
3065,CM61-BEAD-OR-85653,OR,17000.5,0.0,1.0,0.0,L,True,5,0,50.0,1000.0,1000.0,16
3066,CM61-BEAD-OR-85654,OR,13600.4,0.0,1.0,0.0,L,True,4,0,50.0,1000.0,1000.0,16
3067,CM61-BEAD-OR-85661,OR,1594651.59,0.0,33.0,0.0,L,True,471,2,50.0,1995.7537154989386,1995.7537154989386,16
3068,CM61-BEAD-OR-85662,OR,741221.8,0.0,16.0,0.0,L,True,221,3,50.0,1986.425339366516,1986.425339366516,16
3069,CM61-BEAD-OR-85679,OR,5336714.8,10.0,56.0,0.0,L,True,681,1,50.0,1899.5594713656392,372.54038179148284,16
3070,CM61-BEAD-OR-85699,OR,1405000.0,19.0,4.0,4.0,L,True,281,0,50.0,2000.0,2000.0,16
3071,CM61-BEAD-OR-85700,OR,1465000.0,20.0,5.0,4.0,L,True,293,0,50.0,2000.0,2000.0,16
3072,CM61-BEAD-OR-85701,OR,1280000.0,17.0,4.0,4.0,L,True,256,0,50.0,2000.0,2000.0,16
3073,CM61-BEAD-OR-85702,OR,2215000.0,23.0,5.0,4.0,L,True,443,0,50.0,2000.0,2000.0,16
3074,CM61-BEAD-OR-85703,OR,615000.0,11.0,3.0,4.0,L,True,123,0,50.0,2000.0,2000.0,16
3075,CM61-BEAD-OR-85704,OR,15773622.86,83.0,56.0,24.0,L,True,1303,0,50.0,10000.0,10000.0,16
3076,CM61-BEAD-OR-85705,OR,1695000.0,37.0,8.0,4.0,L,True,339,0,50.0,2000.0,2000.0,16
3077,CM61-BEAD-OR-85712,OR,8093229.13,51.0,34.0,19.0,L,True,972,0,50.0,9247.427983539103,9215.740740740743,16
3078,CM61-BEAD-OR-85715,OR,639847.04,5.0,2.0,8.0,L,True,112,0,50.0,10000.0,10000.0,16
3079,CM61-BEAD-OR-85716,OR,111315.12,1.0,1.0,1.0,L,True,14,0,50.0,10000.0,10000.0,16
3080,CM61-BEAD-OR-85734,OR,8188147.14,75.0,25.0,14.0,L,True,664,0,50.0,1000.0,1000.0,16
3081,CM61-BEAD-OR-85739,OR,5515542.4,6.0,24.0,110.0,L,True,334,0,50.0,1000.0,1000.0,16
3082,CM61-BEAD-OR-85747,OR,5189307.64,64.0,22.0,14.0,L,True,346,0,50.0,1000.0,1000.0,16
3083,CM61-BEAD-OR-85748,OR,14767158.96,146.0,49.0,21.0,L,True,1047,1,50.0,1000.9551098376313,1000.9551098376313,16
3084,CM61-BEAD-OR-85749,OR,8953656.75,68.0,68.0,19.0,L,True,597,0,50.0,1000.0,1000.0,16
3085,CM61-BEAD-OR-85750,OR,13797930.0,167.0,56.0,24.0,L,True,920,0,50.0,1000.0,1000.0,16
3086,CM61-BEAD-OR-85752,OR,16946384.0,70.0,122.0,5.0,L,True,1120,0,50.0,2000.0,2000.0,16
3087,CM61-BEAD-OR-85753,OR,2312878.22,22.0,8.0,14.0,L,True,294,0,50.0,1000.0,1000.0,16
3088,CM61-BEAD-OR-85754,OR,9780837.77,104.0,35.0,20.0,L,True,796,1,50.0,1001.2562814070352,1001.2562814070352,16
3089,CM61-BEAD-OR-85755,OR,4602684.14,51.0,17.0,14.0,L,True,311,0,50.0,1000.0,1000.0,16
3090,CM61-BEAD-OR-85757,OR,5402685.58,57.0,19.0,14.0,L,True,442,0,50.0,1000.0,1000.0,16
3091,CM61-BEAD-OR-85758,OR,6030921.09,66.0,22.0,14.0,L,True,431,0,50.0,1000.0,1000.0,16
3092,CM61-BEAD-OR-85760,OR,1993572.33,17.0,6.0,14.0,L,True,306,0,50.0,1000.0,1000.0,16
3093,CM61-BEAD-OR-85761,OR,25639040.0,91.0,188.0,5.0,L,True,1505,0,50.0,2000.0,2000.0,16
3094,CM61-BEAD-OR-85770,OR,18555049.0,30.0,112.0,5.0,L,True,1212,0,50.0,2000.0,2000.0,16
3095,CM61-BEAD-OR-85776,OR,8203380.15,39.0,52.0,5.0,L,True,665,0,50.0,2000.0,2000.0,16
3096,CM61-BEAD-OR-85783,OR,22775986.44,115.0,133.0,5.0,L,True,2047,0,50.0,2000.0,2000.0,16
3097,CM61-BEAD-OR-85791,OR,2321635.3,20.0,14.0,5.0,L,True,233,0,50.0,2000.0,2000.0,16
3098,CM61-BEAD-OR-85880,OR,2510958.0,0.0,7.0,10.0,L,True,126,0,50.0,1000.0,1000.0,16
3099,CM61-BEAD-OR-85929,OR,4000000.0,51.0,40.0,3.0,L,True,863,1,50.0,1000.0,1000.0,16
3100,CM61-BEAD-OR-85931,OR,3000000.0,33.0,41.0,3.0,L,True,830,1,50.0,1000.0,1000.0,16
3101,CM61-BEAD-OR-85932,OR,2517400.0,87.0,24.0,3.0,L,True,328,0,50.0,1000.0,1000.0,16
3102,CM61-BEAD-OR-85936,OR,547722.93,0.0,2.0,1.0,L,True,31,1,50.0,7362.129032258065,6653.870967741936,16
3103,CM61-BEAD-OR-85938,OR,359161.54,0.0,2.0,1.0,L,True,135,1,50.0,10000.0,10000.0,16
3104,CM61-BEAD-OR-85939,OR,2616829.25,0.0,22.0,2.0,L,True,176,1,50.0,9281.943181818186,9089.14772727273,16
3105,CM61-BEAD-OR-85988,OR,2565111.0,16.0,5.0,20.0,L,True,305,0,50.0,50000.0,50000.0,16
3106,CM61-BEAD-OR-85996,OR,704734.88,2.0,2.0,20.0,L,True,39,0,50.0,50000.0,50000.0,16
3107,CM61-BEAD-OR-86007,OR,1197901.53,7.0,3.0,20.0,L,True,179,0,50.0,50000.0,50000.0,16
3108,CM61-BEAD-OR-86020,OR,869338.75,6.0,1.0,20.0,L,True,175,0,50.0,50000.0,50000.0,16
3109,CM61-BEAD-OR-86026,OR,5373260.74,44.0,7.0,20.0,L,True,563,0,50.0,50000.0,50000.0,16
3110,CM61-BEAD-OR-86032,OR,619064.97,4.0,1.0,20.0,L,True,74,0,50.0,50000.0,50000.0,16
3111,CM61-BEAD-OR-86036,OR,3466983.42,35.0,1.0,20.0,L,True,368,0,50.0,50000.0,50000.0,16
3112,CM61-BEAD-OR-86037,OR,1348291.17,4.0,4.0,20.0,L,True,193,0,50.0,50000.0,50000.0,16
3113,CM61-BEAD-OR-86110,OR,4773508.7,28.0,10.0,20.0,L,True,607,0,50.0,50000.0,50000.0,16
3114,CM61-BEAD-OR-86112,OR,27283860.0,0.0,61.0,20.0,L,True,1476,0,50.0,1000.0,1000.0,16
3115,CM61-BEAD-OR-86114,OR,554621.76,5.0,0.0,20.0,L,True,88,0,50.0,50000.0,50000.0,16
3116,CM61-BEAD-OR-86119,OR,1099876.8,11.0,1.0,20.0,L,True,132,0,50.0,50000.0,50000.0,16
3117,CM61-BEAD-OR-86124,OR,1374788.52,11.0,2.0,20.0,L,True,252,0,50.0,50000.0,50000.0,16
3118,CM61-BEAD-OR-86125,OR,547743.75,5.0,0.0,20.0,L,True,131,0,50.0,50000.0,50000.0,16
3119,CM61-BEAD-OR-86348,OR,253000.0,0.0,0.0,0.0,L,False,460,0,61.0,100.0,20.0,16
3120,CM61-BEAD-OR-86350,OR,6600.0,0.0,0.0,0.0,L,False,12,0,61.0,100.0,20.0,16
3121,CM61-BEAD-OR-86351,OR,42350.0,0.0,0.0,0.0,L,False,77,0,61.0,100.0,20.0,16
3122,CM61-BEAD-OR-86352,OR,212850.0,0.0,0.0,0.0,L,False,387,0,61.0,100.0,20.0,16
3123,CM61-BEAD-OR-86353,OR,14850.0,0.0,0.0,0.0,L,False,27,0,61.0,100.0,20.0,16
3124,CM61-BEAD-OR-86354,OR,32450.0,0.0,0.0,0.0,L,False,59,0,61.0,100.0,20.0,16
3125,CM61-BEAD-OR-86355,OR,50050.0,0.0,0.0,0.0,L,False,91,0,61.0,100.0,20.0,16
3126,CM61-BEAD-OR-86357,OR,17050.0,0.0,0.0,0.0,L,False,31,0,61.0,100.0,20.0,16
3127,CM61-BEAD-OR-86358,OR,121550.0,0.0,0.0,0.0,L,False,221,0,61.0,100.0,20.0,16
3128,CM61-BEAD-OR-86359,OR,25850.0,0.0,0.0,0.0,L,False,47,0,61.0,100.0,20.0,16
3129,CM61-BEAD-OR-86360,OR,33550.0,0.0,0.0,0.0,L,False,61,0,61.0,100.0,20.0,16
3130,CM61-BEAD-OR-86361,OR,1100.0,0.0,0.0,0.0,L,False,2,0,61.0,100.0,20.0,16
3131,CM61-BEAD-OR-86363,OR,40150.0,0.0,0.0,0.0,L,False,73,0,61.0,100.0,20.0,16
3132,CM61-BEAD-OR-86364,OR,232650.0,0.0,0.0,0.0,L,False,423,0,61.0,100.0,20.0,16
3133,CM61-BEAD-OR-86365,OR,22000.0,0.0,0.0,0.0,L,False,40,0,61.0,100.0,20.0,16
3134,CM61-BEAD-OR-86366,OR,1650.0,0.0,0.0,0.0,L,False,3,0,61.0,100.0,20.0,16
3135,CM61-BEAD-OR-86367,OR,4400.0,0.0,0.0,0.0,L,False,8,0,61.0,100.0,20.0,16
3136,CM61-BEAD-OR-86368,OR,201850.0,0.0,0.0,0.0,L,False,367,0,61.0,100.0,20.0,16
3137,CM61-BEAD-OR-86369,OR,74250.0,0.0,0.0,0.0,L,False,135,0,61.0,100.0,20.0,16
3138,CM61-BEAD-OR-86370,OR,18700.0,0.0,0.0,0.0,L,False,34,0,61.0,100.0,20.0,16
3139,CM61-BEAD-OR-86371,OR,28050.0,0.0,0.0,0.0,L,False,51,0,61.0,100.0,20.0,16
3140,CM61-BEAD-OR-86372,OR,76450.0,0.0,0.0,0.0,L,False,139,0,61.0,100.0,20.0,16
3141,CM61-BEAD-OR-86373,OR,11000.0,0.0,0.0,0.0,L,False,20,0,61.0,100.0,20.0,16
3142,CM61-BEAD-OR-86375,OR,116600.0,0.0,0.0,0.0,L,False,212,0,61.0,100.0,20.0,16
3143,CM61-BEAD-OR-86376,OR,5500.0,0.0,0.0,0.0,L,False,10,0,61.0,100.0,20.0,16
3144,CM61-BEAD-OR-86377,OR,102300.0,0.0,0.0,0.0,L,False,186,0,61.0,100.0,20.0,16
3145,CM61-BEAD-OR-86379,OR,141350.0,0.0,0.0,0.0,L,False,257,0,61.0,100.0,20.0,16
3146,CM61-BEAD-OR-86380,OR,14300.0,0.0,0.0,0.0,L,False,26,0,61.0,100.0,20.0,16
3147,CM61-BEAD-OR-86381,OR,673750.0,0.0,0.0,0.0,L,False,1225,0,61.0,100.0,20.0,16
3148,CM61-BEAD-OR-86382,OR,99550.0,0.0,0.0,0.0,L,False,181,0,61.0,100.0,20.0,16
3149,CM61-BEAD-OR-86383,OR,12650.0,0.0,0.0,0.0,L,False,23,0,61.0,100.0,20.0,16
3150,CM61-BEAD-OR-86384,OR,8250.0,0.0,0.0,0.0,L,False,15,0,61.0,100.0,20.0,16
3151,CM61-BEAD-OR-86385,OR,31350.0,0.0,0.0,0.0,L,False,57,0,61.0,100.0,20.0,16
3152,CM61-BEAD-OR-86386,OR,55550.0,0.0,0.0,0.0,L,False,101,0,61.0,100.0,20.0,16
3153,CM61-BEAD-OR-86387,OR,20900.0,0.0,0.0,0.0,L,False,38,0,61.0,100.0,20.0,16
3154,CM61-BEAD-OR-86388,OR,74250.0,0.0,0.0,0.0,L,False,135,0,61.0,100.0,20.0,16
3155,CM61-BEAD-OR-86389,OR,117150.0,0.0,0.0,0.0,L,False,213,0,61.0,100.0,20.0,16
3156,CM61-BEAD-OR-86390,OR,22000.0,0.0,0.0,0.0,L,False,40,0,61.0,100.0,20.0,16
3157,CM61-BEAD-OR-86391,OR,190850.0,0.0,0.0,0.0,L,False,347,0,61.0,100.0,20.0,16
3158,CM61-BEAD-OR-86392,OR,35200.0,0.0,0.0,0.0,L,False,64,0,61.0,100.0,20.0,16
3159,CM61-BEAD-OR-86393,OR,30250.0,0.0,0.0,0.0,L,False,55,0,61.0,100.0,20.0,16
3160,CM61-BEAD-OR-86394,OR,182050.0,0.0,0.0,0.0,L,False,331,0,61.0,100.0,20.0,16
3161,CM61-BEAD-OR-86396,OR,120450.0,0.0,0.0,0.0,L,False,219,0,61.0,100.0,20.0,16
3162,CM61-BEAD-OR-86397,OR,1100.0,0.0,0.0,0.0,L,False,2,0,61.0,100.0,20.0,16
3163,CM61-BEAD-OR-86398,OR,18150.0,0.0,0.0,0.0,L,False,33,0,61.0,100.0,20.0,16
3164,CM61-BEAD-OR-86399,OR,167750.0,0.0,0.0,0.0,L,False,305,0,61.0,100.0,20.0,16
3165,CM61-BEAD-OR-86400,OR,9350.0,0.0,0.0,0.0,L,False,17,0,61.0,100.0,20.0,16
3166,CM61-BEAD-OR-86401,OR,275550.0,0.0,0.0,0.0,L,False,501,0,61.0,100.0,20.0,16
3167,CM61-BEAD-OR-86402,OR,92400.0,0.0,0.0,0.0,L,False,168,0,61.0,100.0,20.0,16
3168,CM61-BEAD-OR-86403,OR,429000.0,0.0,0.0,0.0,L,False,780,0,61.0,100.0,20.0,16
3169,CM61-BEAD-OR-86404,OR,31350.0,0.0,0.0,0.0,L,False,57,0,61.0,100.0,20.0,16
3170,CM61-BEAD-OR-86405,OR,13750.0,0.0,0.0,0.0,L,False,25,0,61.0,100.0,20.0,16
3171,CM61-BEAD-OR-86406,OR,244750.0,0.0,0.0,0.0,L,False,445,0,61.0,100.0,20.0,16
3172,CM61-BEAD-OR-86407,OR,2750.0,0.0,0.0,0.0,L,False,5,0,61.0,100.0,20.0,16
3173,CM61-BEAD-OR-86408,OR,354750.0,0.0,0.0,0.0,L,False,645,0,61.0,100.0,20.0,16
3174,CM61-BEAD-OR-86409,OR,1668700.0,0.0,0.0,0.0,L,False,3034,0,61.0,100.0,20.0,16
3175,CM61-BEAD-OR-86410,OR,40150.0,0.0,0.0,0.0,L,False,73,0,61.0,100.0,20.0,16
3176,CM61-BEAD-OR-86412,OR,24200.0,0.0,0.0,0.0,L,False,44,0,61.0,100.0,20.0,16
3177,CM61-BEAD-OR-86413,OR,1100.0,0.0,0.0,0.0,L,False,2,0,61.0,100.0,20.0,16
3178,CM61-BEAD-OR-86414,OR,4400.0,0.0,0.0,0.0,L,False,8,0,61.0,100.0,20.0,16
3179,CM61-BEAD-OR-86415,OR,272250.0,0.0,0.0,0.0,L,False,495,0,61.0,100.0,20.0,16
3180,CM61-BEAD-OR-86416,OR,67100.0,0.0,0.0,0.0,L,False,122,0,61.0,100.0,20.0,16
3181,CM61-BEAD-OR-86417,OR,2701050.0,0.0,0.0,0.0,L,False,4911,0,61.0,100.0,20.0,16
3182,CM61-BEAD-OR-86418,OR,856350.0,0.0,0.0,0.0,L,False,1557,0,61.0,100.0,20.0,16
3183,CM61-BEAD-OR-86419,OR,8250.0,0.0,0.0,0.0,L,False,15,0,61.0,100.0,20.0,16
3184,CM61-BEAD-OR-86420,OR,89650.0,0.0,0.0,0.0,L,False,163,0,61.0,100.0,20.0,16
3185,CM61-BEAD-OR-86421,OR,11000.0,0.0,0.0,0.0,L,False,20,0,61.0,100.0,20.0,16
3186,CM61-BEAD-OR-86422,OR,550.0,0.0,0.0,0.0,L,False,1,0,61.0,100.0,20.0,16
3187,CM61-BEAD-OR-86424,OR,44550.0,0.0,0.0,0.0,L,False,81,0,61.0,100.0,20.0,16
3188,CM61-BEAD-OR-86425,OR,8250.0,0.0,0.0,0.0,L,False,15,0,61.0,100.0,20.0,16
3189,CM61-BEAD-OR-86426,OR,31900.0,0.0,0.0,0.0,L,False,58,0,61.0,100.0,20.0,16
3190,CM61-BEAD-OR-86427,OR,7700.0,0.0,0.0,0.0,L,False,14,0,61.0,100.0,20.0,16
3191,CM61-BEAD-OR-86428,OR,420200.0,0.0,0.0,0.0,L,False,764,0,61.0,100.0,20.0,16
3192,CM61-BEAD-OR-86429,OR,268400.0,0.0,0.0,0.0,L,False,488,0,61.0,100.0,20.0,16
3193,CM61-BEAD-OR-86430,OR,45100.0,0.0,0.0,0.0,L,False,82,0,61.0,100.0,20.0,16
3194,CM61-BEAD-OR-86431,OR,2200.0,0.0,0.0,0.0,L,False,4,0,61.0,100.0,20.0,16
3195,CM61-BEAD-OR-86432,OR,33000.0,0.0,0.0,0.0,L,False,60,0,61.0,100.0,20.0,16
3196,CM61-BEAD-OR-86433,OR,6600.0,0.0,0.0,0.0,L,False,12,0,61.0,100.0,20.0,16
3197,CM61-BEAD-OR-86435,OR,793100.0,0.0,0.0,0.0,L,False,1442,0,61.0,100.0,20.0,16
3198,CM61-BEAD-OR-86436,OR,550.0,0.0,0.0,0.0,L,False,1,0,61.0,100.0,20.0,16
3199,CM61-BEAD-OR-86437,OR,37950.0,0.0,0.0,0.0,L,False,69,0,61.0,100.0,20.0,16
3200,CM61-BEAD-OR-86438,OR,29700.0,0.0,0.0,0.0,L,False,54,0,61.0,100.0,20.0,16
3201,CM61-BEAD-OR-86439,OR,93500.0,0.0,0.0,0.0,L,False,170,0,61.0,100.0,20.0,16
3202,CM61-BEAD-OR-86440,OR,72600.0,0.0,0.0,0.0,L,False,132,0,61.0,100.0,20.0,16
3203,CM61-BEAD-OR-86441,OR,103950.0,0.0,0.0,0.0,L,False,189,0,61.0,100.0,20.0,16
3204,CM61-BEAD-OR-86442,OR,6050.0,0.0,0.0,0.0,L,False,11,0,61.0,100.0,20.0,16
3205,CM61-BEAD-OR-86443,OR,136400.0,0.0,0.0,0.0,L,False,248,0,61.0,100.0,20.0,16
3206,CM61-BEAD-OR-86444,OR,11550.0,0.0,0.0,0.0,L,False,21,0,61.0,100.0,20.0,16
3207,CM61-BEAD-OR-86445,OR,233200.0,0.0,0.0,0.0,L,False,424,0,61.0,100.0,20.0,16
3208,CM61-BEAD-OR-86446,OR,34650.0,0.0,0.0,0.0,L,False,63,0,61.0,100.0,20.0,16
3209,CM61-BEAD-OR-86447,OR,92400.0,0.0,0.0,0.0,L,False,168,0,61.0,100.0,20.0,16
3210,CM61-BEAD-OR-86448,OR,173250.0,0.0,0.0,0.0,L,False,315,0,61.0,100.0,20.0,16
3211,CM61-BEAD-OR-86449,OR,550.0,0.0,0.0,0.0,L,False,1,0,61.0,100.0,20.0,16
3212,CM61-BEAD-OR-86450,OR,67650.0,0.0,0.0,0.0,L,False,123,0,61.0,100.0,20.0,16
3213,CM61-BEAD-OR-86451,OR,2750.0,0.0,0.0,0.0,L,False,5,0,61.0,100.0,20.0,16
3214,CM61-BEAD-OR-86453,OR,46200.0,0.0,0.0,0.0,L,False,84,0,61.0,100.0,20.0,16
3215,CM61-BEAD-OR-86454,OR,550.0,0.0,0.0,0.0,L,False,1,0,61.0,100.0,20.0,16
3216,CM61-BEAD-OR-86456,OR,17050.0,0.0,0.0,0.0,L,False,31,0,61.0,100.0,20.0,16
3217,CM61-BEAD-OR-86457,OR,44000.0,0.0,0.0,0.0,L,False,80,0,61.0,100.0,20.0,16
3218,CM61-BEAD-OR-86458,OR,144650.0,0.0,0.0,0.0,L,False,263,0,61.0,100.0,20.0,16
3219,CM61-BEAD-OR-86459,OR,8800.0,0.0,0.0,0.0,L,False,16,0,61.0,100.0,20.0,16
3220,CM61-BEAD-OR-86460,OR,188650.0,0.0,0.0,0.0,L,False,343,0,61.0,100.0,20.0,16
3221,CM61-BEAD-OR-86461,OR,19250.0,0.0,0.0,0.0,L,False,35,0,61.0,100.0,20.0,16
3222,CM61-BEAD-OR-86463,OR,66000.0,0.0,0.0,0.0,L,False,120,0,61.0,100.0,20.0,16
3223,CM61-BEAD-OR-86464,OR,110550.0,0.0,0.0,0.0,L,False,201,0,61.0,100.0,20.0,16
3224,CM61-BEAD-OR-86465,OR,87450.0,0.0,0.0,0.0,L,False,159,0,61.0,100.0,20.0,16
3225,CM61-BEAD-OR-86466,OR,121550.0,0.0,0.0,0.0,L,False,221,0,61.0,100.0,20.0,16
3226,CM61-BEAD-OR-86468,OR,29150.0,0.0,0.0,0.0,L,False,53,0,61.0,100.0,20.0,16
3227,CM61-BEAD-OR-86469,OR,151800.0,0.0,0.0,0.0,L,False,276,0,61.0,100.0,20.0,16
3228,CM61-BEAD-OR-86470,OR,137500.0,0.0,0.0,0.0,L,False,250,0,61.0,100.0,20.0,16
3229,CM61-BEAD-OR-86471,OR,22000.0,0.0,0.0,0.0,L,False,40,0,61.0,100.0,20.0,16
3230,CM61-BEAD-OR-86472,OR,167750.0,0.0,0.0,0.0,L,False,305,0,61.0,100.0,20.0,16
3231,CM61-BEAD-OR-86473,OR,18150.0,0.0,0.0,0.0,L,False,33,0,61.0,100.0,20.0,16
3232,CM61-BEAD-OR-86474,OR,3850.0,0.0,0.0,0.0,L,False,7,0,61.0,100.0,20.0,16
3233,CM61-BEAD-OR-86475,OR,15400.0,0.0,0.0,0.0,L,False,28,0,61.0,100.0,20.0,16
3234,CM61-BEAD-OR-86476,OR,320650.0,0.0,0.0,0.0,L,False,583,0,61.0,100.0,20.0,16
3235,CM61-BEAD-OR-86477,OR,17050.0,0.0,0.0,0.0,L,False,31,0,61.0,100.0,20.0,16
3236,CM61-BEAD-OR-86478,OR,257950.0,0.0,0.0,0.0,L,False,469,0,61.0,100.0,20.0,16
3237,CM61-BEAD-OR-86479,OR,25850.0,0.0,0.0,0.0,L,False,47,0,61.0,100.0,20.0,16
3238,CM61-BEAD-OR-86480,OR,37400.0,0.0,0.0,0.0,L,False,68,0,61.0,100.0,20.0,16
3239,CM61-BEAD-OR-86482,OR,716100.0,0.0,0.0,0.0,L,False,1302,0,61.0,100.0,20.0,16
3240,CM61-BEAD-OR-86483,OR,116600.0,0.0,0.0,0.0,L,False,212,0,61.0,100.0,20.0,16
3241,CM61-BEAD-OR-86484,OR,354750.0,0.0,0.0,0.0,L,False,645,0,61.0,100.0,20.0,16
3242,CM61-BEAD-OR-86485,OR,41800.0,0.0,0.0,0.0,L,False,76,0,61.0,100.0,20.0,16
3243,CM61-BEAD-OR-86486,OR,33000.0,0.0,0.0,0.0,L,False,60,0,61.0,100.0,20.0,16
3244,CM61-BEAD-OR-86487,OR,44550.0,0.0,0.0,0.0,L,False,81,0,61.0,100.0,20.0,16
3245,CM61-BEAD-OR-86488,OR,135850.0,0.0,0.0,0.0,L,False,252,0,61.0,100.0,20.0,16
3246,CM61-BEAD-OR-86489,OR,56100.0,0.0,0.0,0.0,L,False,102,0,61.0,100.0,20.0,16
3247,CM61-BEAD-OR-86490,OR,8250.0,0.0,0.0,0.0,L,False,15,0,61.0,100.0,20.0,16
3248,CM61-BEAD-OR-86491,OR,29150.0,0.0,0.0,0.0,L,False,53,0,61.0,100.0,20.0,16
3249,CM61-BEAD-OR-86492,OR,292600.0,0.0,0.0,0.0,L,False,532,0,61.0,100.0,20.0,16
3250,CM61-BEAD-OR-86493,OR,27500.0,0.0,0.0,0.0,L,False,50,0,61.0,100.0,20.0,16
3251,CM61-BEAD-OR-86494,OR,463100.0,0.0,0.0,0.0,L,False,842,0,61.0,100.0,20.0,16
3252,CM61-BEAD-OR-86495,OR,120450.0,0.0,0.0,0.0,L,False,219,0,61.0,100.0,20.0,16
3253,CM61-BEAD-OR-86496,OR,155100.0,0.0,0.0,0.0,L,False,282,0,61.0,100.0,20.0,16
3254,CM61-BEAD-OR-86497,OR,20900.0,0.0,0.0,0.0,L,False,38,0,61.0,100.0,20.0,16
3255,CM61-BEAD-OR-86498,OR,37950.0,0.0,0.0,0.0,L,False,69,0,61.0,100.0,20.0,16
3256,CM61-BEAD-OR-86499,OR,102850.0,0.0,0.0,0.0,L,False,187,0,61.0,100.0,20.0,16
3257,CM61-BEAD-OR-86500,OR,541200.0,0.0,0.0,0.0,L,False,984,0,61.0,100.0,20.0,16
3258,CM61-BEAD-OR-86501,OR,9900.0,0.0,0.0,0.0,L,False,18,0,61.0,100.0,20.0,16
3259,CM61-BEAD-OR-86502,OR,46200.0,0.0,0.0,0.0,L,False,84,0,61.0,100.0,20.0,16
3260,CM61-BEAD-OR-86503,OR,6050.0,0.0,0.0,0.0,L,False,11,0,61.0,100.0,20.0,16
3261,CM61-BEAD-OR-86504,OR,73150.0,0.0,0.0,0.0,L,False,133,0,61.0,100.0,20.0,16
3262,CM61-BEAD-OR-86505,OR,37950.0,0.0,0.0,0.0,L,False,69,0,61.0,100.0,20.0,16
3263,CM61-BEAD-OR-86507,OR,1519100.0,0.0,0.0,0.0,L,False,2762,0,61.0,100.0,20.0,16
3264,CM61-BEAD-OR-86509,OR,264000.0,0.0,0.0,0.0,L,False,480,0,61.0,100.0,20.0,16
3265,CM61-BEAD-OR-86510,OR,43450.0,0.0,0.0,0.0,L,False,79,0,61.0,100.0,20.0,16
3266,CM61-BEAD-OR-86511,OR,22550.0,0.0,0.0,0.0,L,False,41,0,61.0,100.0,20.0,16
3267,CM61-BEAD-OR-86512,OR,11550.0,0.0,0.0,0.0,L,False,21,0,61.0,100.0,20.0,16
3268,CM61-BEAD-OR-86513,OR,90200.0,0.0,0.0,0.0,L,False,164,0,61.0,100.0,20.0,16
3269,CM61-BEAD-OR-86514,OR,24200.0,0.0,0.0,0.0,L,False,44,0,61.0,100.0,20.0,16
3270,CM61-BEAD-OR-86515,OR,3850.0,0.0,0.0,0.0,L,False,7,0,61.0,100.0,20.0,16
3271,CM61-BEAD-OR-86516,OR,15950.0,0.0,0.0,0.0,L,False,29,0,61.0,100.0,20.0,16
3272,CM61-BEAD-OR-86517,OR,99000.0,0.0,0.0,0.0,L,False,180,0,61.0,100.0,20.0,16
3273,CM61-BEAD-OR-86518,OR,405900.0,0.0,0.0,0.0,L,False,738,0,61.0,100.0,20.0,16
3274,CM61-BEAD-OR-86519,OR,4400.0,0.0,0.0,0.0,L,False,8,0,61.0,100.0,20.0,16
3275,CM61-BEAD-OR-86520,OR,2200.0,0.0,0.0,0.0,L,False,4,0,61.0,100.0,20.0,16
3276,CM61-BEAD-OR-86521,OR,152900.0,0.0,0.0,0.0,L,False,278,0,61.0,100.0,20.0,16
3277,CM61-BEAD-OR-86522,OR,25850.0,0.0,0.0,0.0,L,False,47,0,61.0,100.0,20.0,16
3278,CM61-BEAD-OR-86523,OR,468050.0,0.0,0.0,0.0,L,False,851,0,61.0,100.0,20.0,16
3279,CM61-BEAD-OR-86524,OR,18150.0,0.0,0.0,0.0,L,False,33,0,61.0,100.0,20.0,16
3280,CM61-BEAD-OR-86525,OR,15400.0,0.0,0.0,0.0,L,False,28,0,61.0,100.0,20.0,16
3281,CM61-BEAD-OR-86526,OR,89650.0,0.0,0.0,0.0,L,False,163,0,61.0,100.0,20.0,16
3282,CM61-BEAD-OR-86527,OR,33550.0,0.0,0.0,0.0,L,False,61,0,61.0,100.0,20.0,16
3283,CM61-BEAD-OR-86528,OR,166100.0,0.0,0.0,0.0,L,False,302,0,61.0,100.0,20.0,16
3284,CM61-BEAD-OR-86529,OR,199650.0,0.0,0.0,0.0,L,False,363,0,61.0,100.0,20.0,16
3285,CM61-BEAD-OR-86531,OR,41800.0,0.0,0.0,0.0,L,False,76,0,61.0,100.0,20.0,16
3286,CM61-BEAD-OR-86532,OR,33550.0,0.0,0.0,0.0,L,False,61,0,61.0,100.0,20.0,16
3287,CM61-BEAD-OR-86533,OR,201850.0,0.0,0.0,0.0,L,False,368,0,61.0,100.0,20.0,16
3288,CM61-BEAD-OR-86534,OR,12100.0,0.0,0.0,0.0,L,False,22,0,61.0,100.0,20.0,16
3289,CM61-BEAD-OR-86535,OR,47850.0,0.0,0.0,0.0,L,False,87,0,61.0,100.0,20.0,16
3290,CM61-BEAD-OR-86536,OR,19250.0,0.0,0.0,0.0,L,False,35,0,61.0,100.0,20.0,16
3291,CM61-BEAD-OR-86537,OR,29700.0,0.0,0.0,0.0,L,False,54,0,61.0,100.0,20.0,16
3292,CM61-BEAD-OR-86538,OR,192500.0,0.0,0.0,0.0,L,False,350,0,61.0,100.0,20.0,16
3293,CM61-BEAD-OR-86539,OR,86350.0,0.0,0.0,0.0,L,False,157,0,61.0,100.0,20.0,16
3294,CM61-BEAD-OR-86540,OR,14850.0,0.0,0.0,0.0,L,False,27,0,61.0,100.0,20.0,16
3295,CM61-BEAD-OR-86541,OR,99000.0,0.0,0.0,0.0,L,False,180,0,61.0,100.0,20.0,16
3296,CM61-BEAD-OR-86542,OR,288200.0,0.0,0.0,0.0,L,False,524,0,61.0,100.0,20.0,16
3297,CM61-BEAD-OR-86543,OR,1100.0,0.0,0.0,0.0,L,False,2,0,61.0,100.0,20.0,16
3298,CM61-BEAD-OR-86544,OR,19800.0,0.0,0.0,0.0,L,False,36,0,61.0,100.0,20.0,16
3299,CM61-BEAD-OR-86545,OR,89100.0,0.0,0.0,0.0,L,False,162,0,61.0,100.0,20.0,16
3300,CM61-BEAD-OR-86546,OR,131450.0,0.0,0.0,0.0,L,False,239,0,61.0,100.0,20.0,16
3301,CM61-BEAD-OR-86547,OR,37400.0,0.0,0.0,0.0,L,False,68,0,61.0,100.0,20.0,16
3302,CM61-BEAD-OR-86549,OR,7150.0,0.0,0.0,0.0,L,False,13,0,61.0,100.0,20.0,16
3303,CM61-BEAD-OR-86550,OR,26400.0,0.0,0.0,0.0,L,False,48,0,61.0,100.0,20.0,16
3304,CM61-BEAD-OR-86551,OR,251350.0,0.0,0.0,0.0,L,False,457,0,61.0,100.0,20.0,16
3305,CM61-BEAD-OR-86552,OR,4950.0,0.0,0.0,0.0,L,False,9,0,61.0,100.0,20.0,16
3306,CM61-BEAD-OR-86553,OR,14850.0,0.0,0.0,0.0,L,False,27,0,61.0,100.0,20.0,16
3307,CM61-BEAD-OR-86554,OR,12650.0,0.0,0.0,0.0,L,False,23,0,61.0,100.0,20.0,16
3308,CM61-BEAD-OR-86555,OR,17600.0,0.0,0.0,0.0,L,False,32,0,61.0,100.0,20.0,16
3309,CM61-BEAD-OR-86556,OR,23100.0,0.0,0.0,0.0,L,False,42,0,61.0,100.0,20.0,16
3310,CM61-BEAD-OR-86557,OR,10450.0,0.0,0.0,0.0,L,False,19,0,61.0,100.0,20.0,16
3311,CM61-BEAD-OR-86558,OR,30800.0,0.0,0.0,0.0,L,False,56,0,61.0,100.0,20.0,16
3312,CM61-BEAD-OR-86559,OR,84700.0,0.0,0.0,0.0,L,False,154,0,61.0,100.0,20.0,16
3313,CM61-BEAD-OR-86560,OR,2200.0,0.0,0.0,0.0,L,False,4,0,61.0,100.0,20.0,16
3314,CM61-BEAD-OR-86561,OR,36850.0,0.0,0.0,0.0,L,False,67,0,61.0,100.0,20.0,16
3315,CM61-BEAD-OR-86909,OR,18137945.66,164.0,55.0,21.0,L,True,1905,0,50.0,1000.0,1000.0,16
3316,CM61-BEAD-OR-86911,OR,6424622.88,55.0,24.0,56.0,L,True,379,2,50.0,1000.0,1000.0,16
3317,CM61-BEAD-OR-86912,OR,3513887.52,31.0,12.0,56.0,L,True,287,1,50.0,1000.0,1000.0,16
3318,CM61-BEAD-OR-86928,OR,4742900.0,0.0,60.0,0.0,L,True,257,0,50.0,1000.0,1000.0,16
3319,CM61-BEAD-OR-86930,OR,7128398.56,90.0,15.0,56.0,L,True,664,0,50.0,1000.0,1000.0,16
3320,CM61-BEAD-OR-86932,OR,5050208.62,72.0,7.0,56.0,L,True,707,1,50.0,1000.0,1000.0,16
3321,CM61-BEAD-OR-86933,OR,8314479.6,92.0,20.0,56.0,L,True,1113,1,50.0,1000.0,1000.0,16
3322,CM61-BEAD-OR-86934,OR,14176928.55,145.0,39.0,56.0,L,True,2053,4,50.0,1000.0,1000.0,16
3323,CM61-BEAD-OR-86936,OR,13085214.7,191.0,16.0,56.0,L,True,1718,7,50.0,1000.0,1000.0,16
3324,CM61-BEAD-OR-86938,OR,6534345.54,83.0,12.0,56.0,L,True,1059,1,50.0,1000.0,1000.0,16
3325,CM61-BEAD-OR-86955,OR,5234301.75,55.0,19.0,14.0,L,True,349,0,50.0,1000.0,1000.0,16
3326,CM61-BEAD-OR-86956,OR,11777356.41,112.0,38.0,16.0,L,True,825,0,50.0,1000.0,1000.0,16
3327,CM61-BEAD-OR-86958,OR,3445355.49,30.0,10.0,14.0,L,True,490,0,50.0,1000.0,1000.0,16
3328,CM61-BEAD-OR-86959,OR,9894050.25,94.0,32.0,16.0,L,True,792,0,50.0,1000.0,1000.0,16
3329,CM61-BEAD-OR-86961,OR,44644811.13,405.0,135.0,39.0,L,True,4581,0,50.0,1000.0,1000.0,16
3330,CM61-BEAD-OR-87002,OR,8080876.39,26.0,28.0,0.0,L,True,493,0,50.0,2000.0,2000.0,16
3331,CM61-BEAD-OR-87038,OR,648000.0,16.0,3.0,0.0,L,True,81,0,50.0,2000.0,2000.0,16
3332,CM61-BEAD-OR-87039,OR,104000.0,1.0,0.0,0.0,L,True,13,0,50.0,2000.0,2000.0,16
3333,CM61-BEAD-OR-87040,OR,360000.0,27.0,5.0,0.0,L,True,36,0,50.0,2000.0,2000.0,16
3334,CM61-BEAD-OR-87041,OR,6024000.0,81.0,15.0,0.0,L,True,753,0,50.0,2000.0,2000.0,16
3335,CM61-BEAD-OR-87042,OR,2368000.0,53.0,9.0,0.0,L,True,296,0,50.0,2000.0,2000.0,16
3336,CM61-BEAD-OR-87043,OR,368000.0,10.0,2.0,0.0,L,True,46,0,50.0,2000.0,2000.0,16
3337,CM61-BEAD-OR-87045,OR,288000.0,3.0,1.0,0.0,L,True,36,0,50.0,2000.0,2000.0,16
3338,CM61-BEAD-OR-87047,OR,5690000.0,100.0,18.0,0.0,L,True,569,0,50.0,2000.0,2000.0,16
3339,CM61-BEAD-OR-87048,OR,224000.0,17.0,3.0,0.0,L,True,28,0,50.0,2000.0,2000.0,16
3340,CM61-BEAD-OR-87049,OR,540000.0,11.0,2.0,0.0,L,True,54,0,50.0,2000.0,2000.0,16
3341,CM61-BEAD-OR-87051,OR,48000.0,3.0,2.0,0.0,L,True,16,0,50.0,2000.0,2000.0,16
3342,CM61-BEAD-OR-87052,OR,1480000.0,33.0,6.0,0.0,L,True,148,0,50.0,2000.0,2000.0,16
3343,CM61-BEAD-OR-87053,OR,400000.0,34.0,6.0,0.0,L,True,50,0,50.0,2000.0,2000.0,16
3344,CM61-BEAD-OR-87054,OR,81000.0,5.0,1.0,0.0,L,True,27,0,50.0,2000.0,2000.0,16
3345,CM61-BEAD-OR-87055,OR,702000.0,61.0,11.0,0.0,L,True,117,0,50.0,2000.0,2000.0,16
3346,CM61-BEAD-OR-87057,OR,1870000.0,34.0,6.0,0.0,L,True,187,0,50.0,2000.0,2000.0,16
3347,CM61-BEAD-OR-87059,OR,152000.0,1.0,0.0,0.0,L,True,19,0,50.0,2000.0,2000.0,16
3348,CM61-BEAD-OR-87060,OR,15000.0,1.0,0.0,0.0,L,True,5,0,50.0,2000.0,2000.0,16
3349,CM61-BEAD-OR-87061,OR,16000.0,1.0,0.0,0.0,L,True,2,0,50.0,2000.0,2000.0,16
3350,CM61-BEAD-OR-87062,OR,15000.0,1.0,0.0,0.0,L,True,5,0,50.0,2000.0,2000.0,16
3351,CM61-BEAD-OR-87063,OR,368000.0,4.0,1.0,0.0,L,True,46,0,50.0,2000.0,2000.0,16
3352,CM61-BEAD-OR-87064,OR,136000.0,2.0,1.0,0.0,L,True,17,0,50.0,2000.0,2000.0,16
3353,CM61-BEAD-OR-87065,OR,24000.0,1.0,1.0,0.0,L,True,8,0,50.0,2000.0,2000.0,16
3354,CM61-BEAD-OR-87096,OR,3049804.62,15.0,16.0,0.0,L,True,530,0,50.0,2000.0,2000.0,16
3355,CM61-BEAD-OR-86349,OR,355300.0,0.0,0.0,0.0,L,False,646,0,61.0,100.0,20.0,16
3356,CM61-BEAD-OR-86374,OR,124850.0,0.0,0.0,0.0,L,False,227,0,61.0,100.0,20.0,16
3357,CM61-BEAD-OR-86378,OR,107800.0,0.0,0.0,0.0,L,False,196,0,61.0,100.0,20.0,16
3358,CM61-BEAD-OR-86395,OR,541200.0,0.0,0.0,0.0,L,False,984,0,61.0,100.0,20.0,16
3359,CM61-BEAD-OR-86423,OR,97900.0,0.0,0.0,0.0,L,False,178,0,61.0,100.0,20.0,16
3360,CM61-BEAD-OR-86434,OR,311300.0,0.0,0.0,0.0,L,False,566,0,61.0,100.0,20.0,16
3361,CM61-BEAD-OR-86452,OR,228800.0,0.0,0.0,0.0,L,False,416,0,61.0,100.0,20.0,16
3362,CM61-BEAD-OR-86467,OR,136950.0,0.0,0.0,0.0,L,False,249,0,61.0,100.0,20.0,16
3363,CM61-BEAD-OR-86530,OR,45100.0,0.0,0.0,0.0,L,False,82,0,61.0,100.0,20.0,16
3364,CM61-BEAD-OR-86957,OR,11645337.44,147.0,49.0,16.0,L,True,631,0,50.0,1000.0,1000.0,16
3365,CM61-BEAD-DE-Verizon,DE,9597115.0,339.0,233.0,0.0,L,True,2327,0,50.0,940.0,880.0,2
3366,CM61-BEAD-DE-Comcast1,DE,827870.0,4.0,6.0,10.0,L,True,45,0,40.0,2000.0,2000.0,2
3367,CM61-BEAD-DE-Comcast2,DE,3109626.0,384.0,135.0,30.0,L,True,2356,0,50.0,2000.0,2000.0,2
3368,CM61-BEAD-NH-0001-0,NH,1807707.19,38.0,4.0,4.0,L,True,184,0,50.0,2000.0,2000.0,4
3369,CM61-BEAD-NH-0002-0,NH,1042999.0,138.0,8.0,8.0,L,True,432,0,50.0,2000.0,2000.0,4
3370,CM61-BEAD-NH-0003-0,NH,523549.45,20.0,1.0,1.0,L,True,45,0,40.0,2000.0,2000.0,4
3371,CM61-BEAD-NH-0004-0,NH,155296.57,0.0,0.0,0.0,L,True,159,0,61.0,120.0,20.0,4
3372,CM61-BEAD-NH-0005-0,NH,20026.87,0.0,0.0,0.0,L,False,24,0,61.0,120.0,20.0,4
3373,CM61-BEAD-NH-0006-0,NH,1518966.33,33.0,4.0,4.0,L,True,398,0,50.0,2000.0,2000.0,4
3374,CM61-BEAD-NH-0007-0,NH,1081050.0,43.0,3.0,3.0,L,True,901,0,50.0,2000.0,2000.0,4
3375,CM61-BEAD-NH-0008-0,NH,27000.0,0.0,0.0,0.0,L,True,34,0,61.0,120.0,20.0,4
3376,CM61-BEAD-NH-0009-0,NH,135619.76,0.0,0.0,0.0,L,False,163,0,61.0,120.0,20.0,4
3377,CM61-BEAD-NH-0010-0,NH,374442.02,8.0,1.0,1.0,L,True,100,0,50.0,2000.0,2000.0,4
3378,CM61-BEAD-NH-0011-0,NH,1057583.0,100.0,2.0,2.0,L,True,228,0,50.0,2000.0,2000.0,4
3379,CM61-BEAD-NH-0012-0,NH,101836.41,26.0,1.0,1.0,L,True,15,0,50.0,2000.0,2000.0,4
3380,CM61-BEAD-NH-0013-0,NH,7500.0,0.0,0.0,0.0,L,True,10,0,61.0,120.0,20.0,4
3381,CM61-BEAD-NH-0014-0,NH,194625.4,0.0,0.0,0.0,L,False,228,0,61.0,120.0,20.0,4
3382,CM61-BEAD-NH-0015-0,NH,348695.46,25.0,1.0,1.0,L,True,200,0,40.0,2000.0,2000.0,4
3383,CM61-BEAD-NH-0016-0,NH,140027.59,0.0,0.0,0.0,L,True,153,0,61.0,120.0,20.0,4
3384,CM61-BEAD-NH-0017-0,NH,1500.0,0.0,0.0,0.0,L,False,2,0,61.0,120.0,20.0,4
3385,CM61-BEAD-NH-0018-0,NH,1003936.86,51.0,2.0,2.0,L,True,655,0,50.0,2000.0,2000.0,4
3386,CM61-BEAD-NH-0019-0,NH,5130835.86,116.0,7.0,7.0,L,True,211,0,40.0,2000.0,2000.0,4
3387,CM61-BEAD-NH-0020-0,NH,67617.19,0.0,0.0,0.0,L,True,80,0,61.0,120.0,20.0,4
3388,CM61-BEAD-NH-0021-0,NH,47199.85,0.0,0.0,0.0,L,False,59,0,61.0,120.0,20.0,4
3389,CM61-BEAD-NH-0022-0,NH,504943.68,16.0,1.0,1.0,L,True,102,0,40.0,2000.0,2000.0,4
3390,CM61-BEAD-NH-0023-0,NH,28500.0,0.0,0.0,0.0,L,True,31,0,61.0,120.0,20.0,4
3391,CM61-BEAD-NH-0024-0,NH,3250.0,0.0,0.0,0.0,L,False,4,0,61.0,120.0,20.0,4
3392,CM61-BEAD-NH-0025-0,NH,1877006.84,39.0,4.0,4.0,L,True,202,0,50.0,2000.0,2000.0,4
3393,CM61-BEAD-NH-0026-0,NH,1295877.75,73.0,2.0,2.0,L,True,357,0,50.0,2000.0,2000.0,4
3394,CM61-BEAD-NH-0027-0,NH,61256.31,0.0,0.0,0.0,L,True,79,0,61.0,120.0,20.0,4
3395,CM61-BEAD-NH-0028-0,NH,64467.39,0.0,0.0,0.0,L,False,79,0,61.0,120.0,20.0,4
3396,CM61-BEAD-GA-002007,GA,2129228.27,59.0,95.0,0.0,L,True,1800,0,50.0,8000.0,8000.0,22
3397,CM61-BEAD-GA-002011,GA,308240.6,6.0,2.0,10.0,L,True,84,0,50.0,2500.0,2500.0,22
3398,CM61-BEAD-GA-002013,GA,1188771.0,39.0,17.0,2.0,L,True,311,4,50.0,1000.0,1000.0,22
3399,CM61-BEAD-GA-002018,GA,1410803.91,32.0,34.0,5.0,L,True,344,0,50.0,1000.0,1000.0,22
3400,CM61-BEAD-GA-002020,GA,1586659.44,0.0,154.0,3.0,L,True,469,0,50.0,2000.0,2000.0,22
3401,CM61-BEAD-GA-002021,GA,1807785.27,0.0,73.0,2.0,L,True,565,1,50.0,1998.2300884955753,1998.2300884955753,22
3402,CM61-BEAD-GA-002025,GA,2414252.19,0.0,71.0,3.0,L,True,406,2,50.0,1995.073891625616,1995.073891625616,22
3403,CM61-BEAD-GA-002027,GA,446601.27,0.0,13.0,1.0,L,True,129,1,50.0,1992.2480620155038,1992.2480620155038,22
3404,CM61-BEAD-GA-002029,GA,5356584.71,0.0,145.0,3.0,L,True,581,2,50.0,1996.5576592082616,1996.5576592082616,22
3405,CM61-BEAD-GA-002032,GA,237608.25,0.0,3.0,1.0,L,True,121,1,50.0,1991.7355371900826,1991.7355371900826,22
3406,CM61-BEAD-GA-002051,GA,1076821.0,41.0,7.0,2.0,L,True,916,1,50.0,1000.0,1000.0,22
3407,CM61-BEAD-GA-002053,GA,2231166.98,0.0,42.0,5.0,L,True,324,1,50.0,5000.0,5000.0,22
3408,CM61-BEAD-GA-002058,GA,2404420.11,19.0,45.0,24.0,L,True,317,4,50.0,2000.0,1000.0,22
3409,CM61-BEAD-GA-002059,GA,8598458.34,67.0,156.0,71.0,L,True,1404,0,50.0,2000.0,1000.0,22
3410,CM61-BEAD-GA-002062,GA,1146547.79,8.0,19.0,17.0,L,True,314,0,50.0,2000.0,1000.0,22
3411,CM61-BEAD-GA-002063,GA,509996.46,4.0,10.0,11.0,L,True,478,0,50.0,2000.0,1000.0,22
3412,CM61-BEAD-GA-002067,GA,198000.0,0.0,16.0,12.0,L,True,59,4,50.0,1000.0,1000.0,22
3413,CM61-BEAD-GA-002071,GA,1378968.0,30.0,8.0,1.0,L,True,425,0,50.0,2000.0,2000.0,22
3414,CM61-BEAD-GA-002073,GA,2004273.0,62.0,1.0,1.0,L,True,1311,0,50.0,2000.0,2000.0,22
3415,CM61-BEAD-GA-002082,GA,369162.0,10.0,0.0,1.0,L,True,259,0,50.0,2000.0,2000.0,22
3416,CM61-BEAD-GA-002088,GA,100000.5,0.0,0.0,1.0,L,True,74,0,50.0,2000.0,2000.0,22
3417,CM61-BEAD-GA-002089,GA,316772.25,13.0,0.0,1.0,L,True,40,0,50.0,2000.0,2000.0,22
3418,CM61-BEAD-GA-002098,GA,138297.75,0.0,0.0,1.0,L,True,134,0,50.0,2000.0,2000.0,22
3419,CM61-BEAD-GA-002099,GA,5289049.5,0.0,337.0,4.0,L,True,1333,0,50.0,2000.0,2000.0,22
3420,CM61-BEAD-GA-002102,GA,4849363.5,164.0,8.0,2.0,L,True,1528,0,50.0,2000.0,2000.0,22
3421,CM61-BEAD-GA-002103,GA,100000.5,0.0,0.0,1.0,L,True,70,0,50.0,2000.0,2000.0,22
3422,CM61-BEAD-GA-002104,GA,1095748.5,0.0,16.0,1.0,L,True,185,0,50.0,2000.0,2000.0,22
3423,CM61-BEAD-GA-002105,GA,3919953.75,134.0,5.0,2.0,L,True,1249,0,50.0,2000.0,2000.0,22
3424,CM61-BEAD-GA-002115,GA,1456019.45,26.0,73.0,34.0,L,True,463,3,50.0,1000.0,1000.0,22
3425,CM61-BEAD-GA-002120,GA,970123.21,22.0,5.0,10.0,L,True,251,0,50.0,2500.0,2500.0,22
3426,CM61-BEAD-GA-002122,GA,82371.0,0.0,3.0,16.0,L,True,119,0,50.0,8000.0,8000.0,22
3427,CM61-BEAD-GA-002128,GA,14230000.0,0.0,473.0,45.0,L,True,899,1,50.0,8000.0,8000.0,22
3428,CM61-BEAD-GA-002173,GA,4007522.84,4.0,115.0,5.0,L,True,1169,0,50.0,1000.0,1000.0,22
3429,CM61-BEAD-GA-002174,GA,2713563.36,10.0,73.0,5.0,L,True,737,0,50.0,1000.0,1000.0,22
3430,CM61-BEAD-GA-002176,GA,531167.49,12.0,16.0,5.0,L,True,776,0,50.0,1000.0,1000.0,22
3431,CM61-BEAD-GA-002177,GA,956957.32,8.0,37.0,5.0,L,True,452,0,50.0,1000.0,1000.0,22
3432,CM61-BEAD-GA-002180,GA,1780822.38,20.0,39.0,5.0,L,True,311,0,50.0,1000.0,1000.0,22
3433,CM61-BEAD-GA-002181,GA,4849504.39,1.0,142.0,5.0,L,True,1410,0,50.0,1000.0,1000.0,22
3434,CM61-BEAD-GA-002183,GA,248516.87,2.0,6.0,5.0,L,True,176,0,50.0,1000.0,1000.0,22
3435,CM61-BEAD-GA-002184,GA,4757512.38,130.0,122.0,10.0,L,True,3194,0,50.0,1000.0,1000.0,22
3436,CM61-BEAD-GA-002188,GA,969730.36,8.0,31.0,5.0,L,True,281,0,50.0,1000.0,1000.0,22
3437,CM61-BEAD-GA-002189,GA,2265501.17,15.0,58.0,5.0,L,True,434,0,50.0,1000.0,1000.0,22
3438,CM61-BEAD-GA-002190,GA,5281589.04,68.0,110.0,10.0,L,True,1081,0,50.0,1000.0,1000.0,22
3439,CM61-BEAD-GA-002192,GA,636389.68,0.0,22.0,5.0,L,True,155,0,50.0,1000.0,1000.0,22
3440,CM61-BEAD-GA-002193,GA,384828.82,0.0,17.0,5.0,L,True,247,0,50.0,1000.0,1000.0,22
3441,CM61-BEAD-GA-002194,GA,738884.53,0.0,28.0,5.0,L,True,293,0,50.0,1000.0,1000.0,22
3442,CM61-BEAD-GA-002198,GA,353778.93,0.0,16.0,5.0,L,True,222,0,50.0,1000.0,1000.0,22
3443,CM61-BEAD-GA-002202,GA,141783.94,0.0,6.0,5.0,L,True,125,0,50.0,1000.0,1000.0,22
3444,CM61-BEAD-GA-002203,GA,8921071.53,76.0,211.0,10.0,L,True,1603,0,50.0,1000.0,1000.0,22
3445,CM61-BEAD-GA-002205,GA,1469908.34,8.0,60.0,5.0,L,True,510,0,50.0,1000.0,1000.0,22
3446,CM61-BEAD-GA-002207,GA,2792572.79,19.0,86.0,5.0,L,True,814,0,50.0,1000.0,1000.0,22
3447,CM61-BEAD-GA-002208,GA,3750454.14,15.0,100.0,5.0,L,True,741,0,50.0,1000.0,1000.0,22
3448,CM61-BEAD-GA-002209,GA,2730949.1,60.0,49.0,5.0,L,True,664,0,50.0,1000.0,1000.0,22
3449,CM61-BEAD-GA-002210,GA,10866050.41,148.0,220.0,15.0,L,True,1852,0,50.0,1000.0,1000.0,22
3450,CM61-BEAD-GA-002211,GA,2855099.9,12.0,76.0,5.0,L,True,521,0,50.0,1000.0,1000.0,22
3451,CM61-BEAD-GA-002213,GA,3482515.63,22.0,139.0,10.0,L,True,2112,0,50.0,1000.0,1000.0,22
3452,CM61-BEAD-GA-002214,GA,755178.5,0.0,27.0,5.0,L,True,253,0,50.0,1000.0,1000.0,22
3453,CM61-BEAD-GA-002215,GA,206445.12,5.0,6.0,5.0,L,True,230,0,50.0,1000.0,1000.0,22
3454,CM61-BEAD-GA-002217,GA,4938232.69,39.0,134.0,10.0,L,True,1111,0,50.0,1000.0,1000.0,22
3455,CM61-BEAD-GA-002219,GA,1201534.44,9.0,46.0,5.0,L,True,588,0,50.0,1000.0,1000.0,22
3456,CM61-BEAD-GA-002220,GA,1824393.51,24.0,64.0,5.0,L,True,598,0,50.0,1000.0,1000.0,22
3457,CM61-BEAD-GA-002223,GA,562704.96,4.0,21.0,5.0,L,True,286,0,50.0,1000.0,1000.0,22
3458,CM61-BEAD-GA-002224,GA,1791057.35,16.0,46.0,5.0,L,True,388,0,50.0,1000.0,1000.0,22
3459,CM61-BEAD-GA-002225,GA,1083704.95,0.0,36.0,5.0,L,True,291,0,50.0,1000.0,1000.0,22
3460,CM61-BEAD-GA-002226,GA,6806613.66,22.0,238.0,10.0,L,True,2307,0,50.0,1000.0,1000.0,22
3461,CM61-BEAD-GA-002228,GA,3835487.81,73.0,104.0,10.0,L,True,1551,0,50.0,1000.0,1000.0,22
3462,CM61-BEAD-GA-002229,GA,2696088.07,1.0,83.0,5.0,L,True,563,0,50.0,1000.0,1000.0,22
3463,CM61-BEAD-GA-002230,GA,1120772.44,6.0,29.0,5.0,L,True,333,0,50.0,1000.0,1000.0,22
3464,CM61-BEAD-GA-002231,GA,552865.43,2.0,21.0,5.0,L,True,245,0,50.0,1000.0,1000.0,22
3465,CM61-BEAD-GA-002232,GA,3111247.46,39.0,65.0,5.0,L,True,481,0,50.0,1000.0,1000.0,22
3466,CM61-BEAD-GA-002234,GA,255699.78,2.0,7.0,5.0,L,True,76,0,50.0,1000.0,1000.0,22
3467,CM61-BEAD-GA-002236,GA,2128489.57,14.0,53.0,5.0,L,True,635,0,50.0,1000.0,1000.0,22
3468,CM61-BEAD-GA-002237,GA,2856761.5,22.0,112.0,5.0,L,True,1088,0,50.0,1000.0,1000.0,22
3469,CM61-BEAD-GA-002239,GA,1710367.95,7.0,46.0,5.0,L,True,367,0,50.0,1000.0,1000.0,22
3470,CM61-BEAD-GA-002241,GA,3509184.46,117.0,74.0,10.0,L,True,1674,0,50.0,1000.0,1000.0,22
3471,CM61-BEAD-GA-002242,GA,3095200.08,24.0,75.0,5.0,L,True,985,0,50.0,1000.0,1000.0,22
3472,CM61-BEAD-GA-002244,GA,5491767.42,48.0,165.0,10.0,L,True,1691,0,50.0,1000.0,1000.0,22
3473,CM61-BEAD-GA-002246,GA,2148422.44,11.0,62.0,5.0,L,True,548,0,50.0,1000.0,1000.0,22
3474,CM61-BEAD-GA-002248,GA,6807619.67,27.0,244.0,10.0,L,True,2410,0,50.0,1000.0,1000.0,22
3475,CM61-BEAD-GA-002249,GA,5526546.08,8.0,165.0,5.0,L,True,1252,0,50.0,1000.0,1000.0,22
3476,CM61-BEAD-GA-002251,GA,3592379.93,74.0,109.0,10.0,L,True,1606,0,50.0,1000.0,1000.0,22
3477,CM61-BEAD-GA-002252,GA,3334017.44,76.0,63.0,5.0,L,True,685,0,50.0,1000.0,1000.0,22
3478,CM61-BEAD-GA-002254,GA,2931119.51,56.0,58.0,5.0,L,True,697,0,50.0,1000.0,1000.0,22
3479,CM61-BEAD-GA-002256,GA,2472622.98,26.0,55.0,5.0,L,True,422,0,50.0,1000.0,1000.0,22
3480,CM61-BEAD-GA-002259,GA,2033805.14,48.0,57.0,5.0,L,True,1332,0,50.0,1000.0,1000.0,22
3481,CM61-BEAD-GA-002327,GA,818500.0,164.0,317.0,3.0,L,True,1636,0,50.0,100.0,100.0,22
3482,CM61-BEAD-GA-002328,GA,978055.28,22.0,31.0,3.0,L,True,464,0,50.0,100.0,100.0,22
3483,CM61-BEAD-GA-002329,GA,1357325.1,11.0,34.0,3.0,L,True,387,0,50.0,100.0,100.0,22
3484,CM61-BEAD-GA-002330,GA,665617.91,4.0,24.0,3.0,L,True,592,0,50.0,100.0,100.0,22
3485,CM61-BEAD-GA-002332,GA,494711.1,47.0,151.0,3.0,L,True,806,0,50.0,100.0,100.0,22
3486,CM61-BEAD-GA-002335,GA,624232.8,17.0,27.0,3.0,L,True,181,0,50.0,100.0,100.0,22
3487,CM61-BEAD-GA-002336,GA,164000.0,75.0,76.0,3.0,L,True,328,0,50.0,100.0,100.0,22
3488,CM61-BEAD-GA-002337,GA,437000.0,143.0,178.0,3.0,L,True,874,0,50.0,100.0,100.0,22
3489,CM61-BEAD-GA-002339,GA,6655216.5,29.0,96.0,3.0,L,True,576,0,50.0,100.0,100.0,22
3490,CM61-BEAD-GA-002340,GA,249000.0,95.0,88.0,3.0,L,True,498,0,50.0,100.0,100.0,22
3491,CM61-BEAD-GA-002341,GA,5455334.3,26.0,140.0,3.0,L,True,761,0,50.0,100.0,100.0,22
3492,CM61-BEAD-GA-002342,GA,2185687.02,82.0,140.0,3.0,L,True,980,0,50.0,100.0,100.0,22
3493,CM61-BEAD-GA-002343,GA,2420830.87,56.0,143.0,3.0,L,True,994,0,50.0,100.0,100.0,22
3494,CM61-BEAD-GA-002344,GA,2365334.48,160.0,235.0,3.0,L,True,1298,0,50.0,100.0,100.0,22
3495,CM61-BEAD-GA-002346,GA,786000.0,94.0,286.0,3.0,L,True,1572,0,50.0,100.0,100.0,22
3496,CM61-BEAD-GA-002348,GA,715000.0,197.0,244.0,3.0,L,True,1430,0,50.0,100.0,100.0,22
3497,CM61-BEAD-GA-002351,GA,550000.0,149.0,198.0,3.0,L,True,1100,0,50.0,100.0,100.0,22
3498,CM61-BEAD-GA-002352,GA,1460500.0,69.0,332.0,3.0,L,True,2921,0,50.0,100.0,100.0,22
3499,CM61-BEAD-GA-002354,GA,2508937.99,50.0,109.0,3.0,L,True,681,0,50.0,100.0,100.0,22
3500,CM61-BEAD-GA-002355,GA,706217.4,21.0,51.0,3.0,L,True,1662,0,50.0,100.0,100.0,22
3501,CM61-BEAD-GA-002361,GA,695000.0,52.0,158.0,3.0,L,True,1390,0,50.0,100.0,100.0,22
3502,CM61-BEAD-GA-002365,GA,5002980.29,54.0,141.0,3.0,L,True,478,0,50.0,100.0,100.0,22
3503,CM61-BEAD-GA-002366,GA,900196.37,62.0,89.0,3.0,L,True,520,0,50.0,100.0,100.0,22
3504,CM61-BEAD-GA-002369,GA,6703356.6,33.0,110.0,3.0,L,True,802,0,50.0,100.0,100.0,22
3505,CM61-BEAD-GA-002381,GA,1767135.0,8.0,23.0,0.0,L,True,432,6,50.0,5000.0,5000.0,22
3506,CM61-BEAD-GA-002390,GA,295500.0,0.0,50.0,12.0,L,True,591,0,50.0,1000.0,1000.0,22
3507,CM61-BEAD-GA-002414,GA,6341264.68,83.0,55.0,0.0,L,True,904,0,50.0,1000.0,1000.0,22
3508,CM61-BEAD-GA-002417,GA,1678051.82,45.0,66.0,0.0,L,True,1900,0,50.0,8000.0,8000.0,22
3509,CM61-BEAD-GA-002450,GA,3407825.3,44.0,29.0,0.0,L,True,227,0,50.0,1000.0,1000.0,22
3510,CM61-BEAD-GA-002452,GA,100000.5,0.0,0.0,1.0,L,True,74,0,50.0,2000.0,2000.0,22
3511,CM61-BEAD-GA-002453,GA,2737050.31,88.0,59.0,0.0,L,True,1414,0,50.0,1000.0,1000.0,22
3512,CM61-BEAD-GA-002455,GA,129701.42,4.0,3.0,0.0,L,True,147,0,50.0,1000.0,1000.0,22
3513,CM61-BEAD-GA-002466,GA,1183360.0,371.0,33.0,40.0,L,True,1146,0,50.0,500.0,100.0,22
3514,CM61-BEAD-GA-002642,GA,4844219.0,105.0,158.0,5.0,L,True,2674,0,40.0,2000.0,2000.0,22
3515,CM61-BEAD-GA-002643,GA,2816561.0,43.0,65.0,5.0,L,True,1438,5,40.0,2000.0,2000.0,22
3516,CM61-BEAD-GA-002644,GA,2204118.0,104.0,156.0,5.0,L,True,3212,3,40.0,2000.0,2000.0,22
3517,CM61-BEAD-GA-002645,GA,1408067.0,16.0,24.0,5.0,L,True,607,1,40.0,2000.0,2000.0,22
3518,CM61-BEAD-GA-002648,GA,5618713.0,131.0,196.0,5.0,L,True,2803,0,40.0,2000.0,2000.0,22
3519,CM61-BEAD-GA-002649,GA,3307169.0,172.0,259.0,5.0,L,True,4063,0,40.0,2000.0,2000.0,22
3520,CM61-BEAD-GA-002650,GA,7306.7,0.0,0.0,0.0,L,False,9,0,61.0,100.0,20.0,22
3521,CM61-BEAD-GA-002651,GA,12242.65,0.0,0.0,0.0,L,False,15,0,61.0,100.0,20.0,22
3522,CM61-BEAD-GA-002653,GA,24180.0,0.0,0.0,0.0,L,False,26,0,61.0,100.0,20.0,22
3523,CM61-BEAD-GA-002654,GA,109272.0,0.0,0.0,0.0,L,False,116,0,61.0,100.0,20.0,22
3524,CM61-BEAD-GA-002655,GA,170691.18,0.0,0.0,0.0,L,False,219,0,61.0,100.0,20.0,22
3525,CM61-BEAD-GA-002656,GA,119120.5,0.0,0.0,0.0,L,False,99,0,61.0,100.0,20.0,22
3526,CM61-BEAD-GA-002658,GA,66481.82,0.0,0.0,0.0,L,False,71,0,61.0,100.0,20.0,22
3527,CM61-BEAD-GA-002659,GA,2250.0,0.0,0.0,0.0,L,False,3,0,61.0,100.0,20.0,22
3528,CM61-BEAD-GA-002660,GA,69852.11,0.0,0.0,0.0,L,False,91,0,61.0,100.0,20.0,22
3529,CM61-BEAD-GA-002661,GA,29579.31,0.0,0.0,0.0,L,False,37,0,61.0,100.0,20.0,22
3530,CM61-BEAD-GA-002662,GA,510593.77,0.0,0.0,0.0,L,False,571,0,61.0,100.0,20.0,22
3531,CM61-BEAD-GA-002663,GA,124646.27,0.0,0.0,0.0,L,False,159,0,61.0,100.0,20.0,22
3532,CM61-BEAD-GA-002664,GA,190087.6,0.0,0.0,0.0,L,False,234,0,61.0,100.0,20.0,22
3533,CM61-BEAD-GA-002665,GA,262431.4,0.0,0.0,0.0,L,False,345,0,61.0,100.0,20.0,22
3534,CM61-BEAD-GA-002666,GA,149440.14,0.0,0.0,0.0,L,False,188,0,61.0,100.0,20.0,22
3535,CM61-BEAD-GA-002667,GA,97737.84,0.0,0.0,0.0,L,False,116,0,61.0,100.0,20.0,22
3536,CM61-BEAD-GA-002668,GA,29849.69,0.0,0.0,0.0,L,False,37,0,61.0,100.0,20.0,22
3537,CM61-BEAD-GA-002669,GA,4340.32,0.0,0.0,0.0,L,False,3,0,61.0,100.0,20.0,22
3538,CM61-BEAD-GA-002671,GA,42950.84,0.0,0.0,0.0,L,False,53,0,61.0,100.0,20.0,22
3539,CM61-BEAD-GA-002672,GA,144017.93,0.0,0.0,0.0,L,False,174,0,61.0,100.0,20.0,22
3540,CM61-BEAD-GA-002673,GA,55543.02,0.0,0.0,0.0,L,False,57,0,61.0,100.0,20.0,22
3541,CM61-BEAD-GA-002674,GA,99740.97,0.0,0.0,0.0,L,False,63,0,61.0,100.0,20.0,22
3542,CM61-BEAD-GA-002676,GA,50250.0,0.0,0.0,0.0,L,False,60,0,61.0,100.0,20.0,22
3543,CM61-BEAD-GA-002677,GA,215703.27,0.0,0.0,0.0,L,False,265,0,61.0,100.0,20.0,22
3544,CM61-BEAD-GA-002678,GA,116127.51,0.0,0.0,0.0,L,False,145,0,61.0,100.0,20.0,22
3545,CM61-BEAD-GA-002679,GA,97549.93,0.0,0.0,0.0,L,False,114,0,61.0,100.0,20.0,22
3546,CM61-BEAD-GA-002680,GA,62250.0,0.0,0.0,0.0,L,False,78,0,61.0,100.0,20.0,22
3547,CM61-BEAD-GA-002681,GA,130131.66,0.0,0.0,0.0,L,False,166,0,61.0,100.0,20.0,22
3548,CM61-BEAD-GA-002682,GA,78337.7,0.0,0.0,0.0,L,False,76,0,61.0,100.0,20.0,22
3549,CM61-BEAD-GA-002683,GA,18944.26,0.0,0.0,0.0,L,False,24,0,61.0,100.0,20.0,22
3550,CM61-BEAD-GA-002684,GA,508544.78,0.0,0.0,0.0,L,False,630,0,61.0,100.0,20.0,22
3551,CM61-BEAD-GA-002685,GA,126484.42,0.0,0.0,0.0,L,False,164,0,61.0,100.0,20.0,22
3552,CM61-BEAD-GA-002686,GA,43003.98,0.0,0.0,0.0,L,False,56,0,61.0,100.0,20.0,22
3553,CM61-BEAD-GA-002687,GA,38945.09,0.0,0.0,0.0,L,False,50,0,61.0,100.0,20.0,22
3554,CM61-BEAD-GA-002688,GA,149875.12,0.0,0.0,0.0,L,False,178,0,61.0,100.0,20.0,22
3555,CM61-BEAD-GA-002689,GA,62250.0,0.0,0.0,0.0,L,False,80,0,61.0,100.0,20.0,22
3556,CM61-BEAD-GA-002690,GA,29424.16,0.0,0.0,0.0,L,False,30,0,61.0,100.0,20.0,22
3557,CM61-BEAD-GA-002691,GA,100500.0,0.0,0.0,0.0,L,False,128,0,61.0,100.0,20.0,22
3558,CM61-BEAD-GA-002692,GA,20367.65,0.0,0.0,0.0,L,False,25,0,61.0,100.0,20.0,22
3559,CM61-BEAD-GA-002693,GA,136273.27,0.0,0.0,0.0,L,False,170,0,61.0,100.0,20.0,22
3560,CM61-BEAD-GA-002694,GA,38852.4,0.0,0.0,0.0,L,False,49,0,61.0,100.0,20.0,22
3561,CM61-BEAD-GA-002695,GA,3000.0,0.0,0.0,0.0,L,False,4,0,61.0,100.0,20.0,22
3562,CM61-BEAD-GA-002696,GA,36081.25,0.0,0.0,0.0,L,False,46,0,61.0,100.0,20.0,22
3563,CM61-BEAD-GA-002697,GA,43500.0,0.0,0.0,0.0,L,False,32,0,61.0,100.0,20.0,22
3564,CM61-BEAD-GA-002698,GA,3000.0,0.0,0.0,0.0,L,False,4,0,61.0,100.0,20.0,22
3565,CM61-BEAD-GA-002699,GA,53501.97,0.0,0.0,0.0,L,False,71,0,61.0,100.0,20.0,22
3566,CM61-BEAD-GA-002700,GA,242047.62,0.0,0.0,0.0,L,False,299,0,61.0,100.0,20.0,22
3567,CM61-BEAD-GA-002701,GA,225863.54,0.0,0.0,0.0,L,False,240,0,61.0,100.0,20.0,22
3568,CM61-BEAD-GA-002702,GA,145487.34,0.0,0.0,0.0,L,False,181,0,61.0,100.0,20.0,22
3569,CM61-BEAD-GA-002703,GA,66734.5,0.0,0.0,0.0,L,False,61,0,61.0,100.0,20.0,22
3570,CM61-BEAD-GA-002704,GA,49169.74,0.0,0.0,0.0,L,False,52,0,61.0,100.0,20.0,22
3571,CM61-BEAD-GA-002705,GA,84483.95,0.0,0.0,0.0,L,False,104,0,61.0,100.0,20.0,22
3572,CM61-BEAD-GA-002707,GA,148146.52,0.0,0.0,0.0,L,False,189,0,61.0,100.0,20.0,22
3573,CM61-BEAD-GA-002708,GA,120835.46,0.0,0.0,0.0,L,False,161,0,61.0,100.0,20.0,22
3574,CM61-BEAD-GA-002709,GA,1742.31,0.0,0.0,0.0,L,False,2,0,61.0,100.0,20.0,22
3575,CM61-BEAD-GA-002710,GA,119512.82,0.0,0.0,0.0,L,False,158,0,61.0,100.0,20.0,22
3576,CM61-BEAD-GA-002711,GA,7064.44,0.0,0.0,0.0,L,False,9,0,61.0,100.0,20.0,22
3577,CM61-BEAD-GA-002713,GA,35240.64,0.0,0.0,0.0,L,False,40,0,61.0,100.0,20.0,22
3578,CM61-BEAD-GA-002714,GA,207152.54,0.0,0.0,0.0,L,False,104,0,61.0,100.0,20.0,22
3579,CM61-BEAD-GA-002715,GA,5142.86,0.0,0.0,0.0,L,False,6,0,61.0,100.0,20.0,22
3580,CM61-BEAD-GA-002716,GA,73340.3,0.0,0.0,0.0,L,False,28,0,61.0,100.0,20.0,22
3581,CM61-BEAD-GA-002717,GA,41250.0,0.0,0.0,0.0,L,False,54,0,61.0,100.0,20.0,22
3582,CM61-BEAD-GA-002719,GA,20696.75,0.0,0.0,0.0,L,False,26,0,61.0,100.0,20.0,22
3583,CM61-BEAD-GA-002720,GA,37704.74,0.0,0.0,0.0,L,False,48,0,61.0,100.0,20.0,22
3584,CM61-BEAD-GA-002721,GA,19767.12,0.0,0.0,0.0,L,False,26,0,61.0,100.0,20.0,22
3585,CM61-BEAD-GA-002722,GA,37616.22,0.0,0.0,0.0,L,False,48,0,61.0,100.0,20.0,22
3586,CM61-BEAD-GA-002723,GA,157249.29,0.0,0.0,0.0,L,False,199,0,61.0,100.0,20.0,22
3587,CM61-BEAD-GA-002724,GA,101322.12,0.0,0.0,0.0,L,False,115,0,61.0,100.0,20.0,22
3588,CM61-BEAD-GA-002725,GA,72450.0,0.0,0.0,0.0,L,False,93,0,61.0,100.0,20.0,22
3589,CM61-BEAD-GA-002726,GA,30519.48,0.0,0.0,0.0,L,False,40,0,61.0,100.0,20.0,22
3590,CM61-BEAD-GA-002727,GA,27750.0,0.0,0.0,0.0,L,False,36,0,61.0,100.0,20.0,22
3591,CM61-BEAD-GA-002728,GA,46038.46,0.0,0.0,0.0,L,False,56,0,61.0,100.0,20.0,22
3592,CM61-BEAD-GA-002729,GA,60000.0,0.0,0.0,0.0,L,False,76,0,61.0,100.0,20.0,22
3593,CM61-BEAD-GA-002731,GA,432864.08,0.0,0.0,0.0,L,False,539,0,61.0,100.0,20.0,22
3594,CM61-BEAD-GA-002732,GA,57717.83,0.0,0.0,0.0,L,False,72,0,61.0,100.0,20.0,22
3595,CM61-BEAD-GA-002733,GA,60599.38,0.0,0.0,0.0,L,False,79,0,61.0,100.0,20.0,22
3596,CM61-BEAD-GA-002734,GA,25214.79,0.0,0.0,0.0,L,False,31,0,61.0,100.0,20.0,22
3597,CM61-BEAD-GA-002735,GA,19673.17,0.0,0.0,0.0,L,False,25,0,61.0,100.0,20.0,22
3598,CM61-BEAD-GA-002736,GA,147027.27,0.0,0.0,0.0,L,False,108,0,61.0,100.0,20.0,22
3599,CM61-BEAD-GA-002737,GA,104750.33,0.0,0.0,0.0,L,False,113,0,61.0,100.0,20.0,22
3600,CM61-BEAD-GA-002738,GA,61500.0,0.0,0.0,0.0,L,False,77,0,61.0,100.0,20.0,22
3601,CM61-BEAD-GA-002739,GA,69157.19,0.0,0.0,0.0,L,False,87,0,61.0,100.0,20.0,22
3602,CM61-BEAD-GA-002740,GA,49365.67,0.0,0.0,0.0,L,False,60,0,61.0,100.0,20.0,22
3603,CM61-BEAD-GA-002741,GA,26250.0,0.0,0.0,0.0,L,False,35,0,61.0,100.0,20.0,22
3604,CM61-BEAD-GA-002742,GA,83229.36,0.0,0.0,0.0,L,False,108,0,61.0,100.0,20.0,22
3605,CM61-BEAD-GA-002743,GA,19096.49,0.0,0.0,0.0,L,False,14,0,61.0,100.0,20.0,22
3606,CM61-BEAD-GA-002744,GA,309165.63,0.0,0.0,0.0,L,False,362,0,61.0,100.0,20.0,22
3607,CM61-BEAD-GA-002745,GA,46848.93,0.0,0.0,0.0,L,False,54,0,61.0,100.0,20.0,22
3608,CM61-BEAD-GA-002746,GA,38028.91,0.0,0.0,0.0,L,False,46,0,61.0,100.0,20.0,22
3609,CM61-BEAD-GA-002747,GA,30477.71,0.0,0.0,0.0,L,False,40,0,61.0,100.0,20.0,22
3610,CM61-BEAD-GA-002748,GA,750.0,0.0,0.0,0.0,L,False,1,0,61.0,100.0,20.0,22
3611,CM61-BEAD-GA-002749,GA,46500.0,0.0,0.0,0.0,L,False,57,0,61.0,100.0,20.0,22
3612,CM61-BEAD-GA-002750,GA,137250.0,0.0,0.0,0.0,L,False,180,0,61.0,100.0,20.0,22
3613,CM61-BEAD-GA-002751,GA,5213.41,0.0,0.0,0.0,L,False,5,0,61.0,100.0,20.0,22
3614,CM61-BEAD-GA-002752,GA,58902.24,0.0,0.0,0.0,L,False,49,0,61.0,100.0,20.0,22
3615,CM61-BEAD-GA-002753,GA,57183.75,0.0,0.0,0.0,L,False,70,0,61.0,100.0,20.0,22
3616,CM61-BEAD-GA-002756,GA,13500.0,0.0,0.0,0.0,L,False,18,0,61.0,100.0,20.0,22
3617,CM61-BEAD-GA-002757,GA,19400.35,0.0,0.0,0.0,L,False,21,0,61.0,100.0,20.0,22
3618,CM61-BEAD-GA-002758,GA,32193.3,0.0,0.0,0.0,L,False,38,0,61.0,100.0,20.0,22
3619,CM61-BEAD-GA-002760,GA,42750.0,0.0,0.0,0.0,L,False,57,0,61.0,100.0,20.0,22
3620,CM61-BEAD-GA-002763,GA,9658.54,0.0,0.0,0.0,L,False,12,0,61.0,100.0,20.0,22
3621,CM61-BEAD-GA-002764,GA,15184.28,0.0,0.0,0.0,L,False,20,0,61.0,100.0,20.0,22
3622,CM61-BEAD-GA-002766,GA,15419.23,0.0,0.0,0.0,L,False,19,0,61.0,100.0,20.0,22
3623,CM61-BEAD-GA-002767,GA,15303.64,0.0,0.0,0.0,L,False,20,0,61.0,100.0,20.0,22
3624,CM61-BEAD-GA-002768,GA,38422.13,0.0,0.0,0.0,L,False,50,0,61.0,100.0,20.0,22
3625,CM61-BEAD-GA-002769,GA,164250.0,0.0,0.0,0.0,L,False,208,0,61.0,100.0,20.0,22
3626,CM61-BEAD-GA-002770,GA,167012.15,0.0,0.0,0.0,L,False,218,0,61.0,100.0,20.0,22
3627,CM61-BEAD-GA-002771,GA,27008.93,0.0,0.0,0.0,L,False,22,0,61.0,100.0,20.0,22
3628,CM61-BEAD-GA-002772,GA,69734.8,0.0,0.0,0.0,L,False,90,0,61.0,100.0,20.0,22
3629,CM61-BEAD-GA-002777,GA,10987.34,0.0,0.0,0.0,L,False,14,0,61.0,100.0,20.0,22
3630,CM61-BEAD-GA-002778,GA,68859.8,0.0,0.0,0.0,L,False,73,0,61.0,100.0,20.0,22
3631,CM61-BEAD-GA-002779,GA,72162.78,0.0,0.0,0.0,L,False,81,0,61.0,100.0,20.0,22
3632,CM61-BEAD-GA-002780,GA,104453.38,0.0,0.0,0.0,L,False,118,0,61.0,100.0,20.0,22
3633,CM61-BEAD-GA-002781,GA,17546.96,0.0,0.0,0.0,L,False,20,0,61.0,100.0,20.0,22
3634,CM61-BEAD-GA-002782,GA,287733.76,0.0,0.0,0.0,L,False,361,0,61.0,100.0,20.0,22
3635,CM61-BEAD-GA-002783,GA,51804.76,0.0,0.0,0.0,L,False,67,0,61.0,100.0,20.0,22
3636,CM61-BEAD-GA-002784,GA,12000.0,0.0,0.0,0.0,L,False,16,0,61.0,100.0,20.0,22
3637,CM61-BEAD-GA-002785,GA,23178.57,0.0,0.0,0.0,L,False,26,0,61.0,100.0,20.0,22
3638,CM61-BEAD-GA-002786,GA,327263.38,0.0,0.0,0.0,L,False,128,0,61.0,100.0,20.0,22
3639,CM61-BEAD-GA-002787,GA,203194.05,0.0,0.0,0.0,L,False,237,0,61.0,100.0,20.0,22
3640,CM61-BEAD-GA-002789,GA,171317.77,0.0,0.0,0.0,L,False,224,0,61.0,100.0,20.0,22
3641,CM61-BEAD-GA-002790,GA,87996.29,0.0,0.0,0.0,L,False,93,0,61.0,100.0,20.0,22
3642,CM61-BEAD-GA-002792,GA,156764.46,0.0,0.0,0.0,L,False,203,0,61.0,100.0,20.0,22
3643,CM61-BEAD-GA-002793,GA,4023.35,0.0,0.0,0.0,L,False,5,0,61.0,100.0,20.0,22
3644,CM61-BEAD-GA-002794,GA,18750.0,0.0,0.0,0.0,L,False,25,0,61.0,100.0,20.0,22
3645,CM61-BEAD-GA-002795,GA,77429.82,0.0,0.0,0.0,L,False,97,0,61.0,100.0,20.0,22
3646,CM61-BEAD-GA-002797,GA,23099.36,0.0,0.0,0.0,L,False,27,0,61.0,100.0,20.0,22
3647,CM61-BEAD-GA-002799,GA,301004.13,0.0,0.0,0.0,L,False,305,0,61.0,100.0,20.0,22
3648,CM61-BEAD-GA-002800,GA,70500.0,0.0,0.0,0.0,L,False,89,0,61.0,100.0,20.0,22
3649,CM61-BEAD-GA-002801,GA,17609.46,0.0,0.0,0.0,L,False,19,0,61.0,100.0,20.0,22
3650,CM61-BEAD-GA-002804,GA,131313.22,0.0,0.0,0.0,L,False,150,0,61.0,100.0,20.0,22
3651,CM61-BEAD-GA-002805,GA,157622.6,0.0,0.0,0.0,L,False,198,0,61.0,100.0,20.0,22
3652,CM61-BEAD-GA-002806,GA,149168.45,0.0,0.0,0.0,L,False,181,0,61.0,100.0,20.0,22
3653,CM61-BEAD-GA-002808,GA,42625.0,0.0,0.0,0.0,L,False,55,0,61.0,100.0,20.0,22
3654,CM61-BEAD-ME-4013,ME,4261562.02,586.0,5.0,0.0,L,True,2211,50,50.0,2000.0,2000.0,6
3655,CM61-BEAD-ME-4016,ME,2811359.19,132.0,10.0,75.0,L,True,1186,25,50.0,2000.0,2000.0,6
3656,CM61-BEAD-ME-4029,ME,947340.9,41.0,4.0,40.0,L,True,78,3,50.0,2000.0,2000.0,6
3657,CM61-BEAD-ME-4035,ME,1291769.91,33.0,0.0,0.0,L,True,750,2,50.0,1000.0,1000.0,6
3658,CM61-BEAD-ME-4040,ME,220220.31,6.0,0.0,0.0,L,True,116,10,50.0,1000.0,1000.0,6
3659,CM61-BEAD-ME-4044,ME,169311.09,6.0,0.0,0.0,L,True,57,1,50.0,1000.0,1000.0,6
3660,CM61-BEAD-ME-4055,ME,1801783.86,111.0,1.0,0.0,L,True,381,6,50.0,2000.0,2000.0,6
3661,CM61-BEAD-ME-4056,ME,2190476.19,208.0,1.0,0.0,L,True,1105,33,50.0,2000.0,2000.0,6
3662,CM61-BEAD-ME-4057,ME,3316975.29,257.0,8.0,0.0,L,True,1772,16,50.0,2000.0,2000.0,6
3663,CM61-BEAD-ME-4059,ME,2559378.04,14.0,13.0,0.0,L,True,1460,18,50.0,2000.0,2000.0,6
3664,CM61-BEAD-ME-4060,ME,4730036.84,687.0,9.0,0.0,L,True,2946,120,50.0,2000.0,2000.0,6
3665,CM61-BEAD-ME-4061,ME,1522798.55,161.0,7.0,0.0,L,True,714,46,50.0,2000.0,2000.0,6
3666,CM61-BEAD-ME-4062,ME,2089302.33,185.0,8.0,0.0,L,True,1073,95,50.0,2000.0,2000.0,6
3667,CM61-BEAD-ME-4063,ME,2463357.76,433.0,4.0,0.0,L,True,1071,59,50.0,2000.0,2000.0,6
3668,CM61-BEAD-ME-4064,ME,2300000.0,226.0,11.0,0.0,L,True,1280,36,50.0,2000.0,2000.0,6
3669,CM61-BEAD-ME-4065,ME,6364261.27,711.0,44.0,0.0,L,True,2395,110,50.0,2000.0,2000.0,6
3670,CM61-BEAD-ME-4066,ME,280882.35,81.0,5.0,0.0,L,True,121,15,50.0,2000.0,2000.0,6
3671,CM61-BEAD-ME-4067,ME,100000.0,30.0,2.0,0.0,L,True,95,27,50.0,2000.0,2000.0,6
3672,CM61-BEAD-ME-4068,ME,753828.35,28.0,3.0,0.0,L,True,145,0,50.0,2000.0,2000.0,6
3673,CM61-BEAD-ME-4070,ME,387987.0,11.0,1.0,0.0,L,True,176,5,50.0,2000.0,2000.0,6
3674,CM61-BEAD-ME-4074,ME,28633.0,7.0,1.0,0.0,L,True,9,1,50.0,2000.0,2000.0,6
3675,CM61-BEAD-ME-4089,ME,541346.02,13.0,1.0,10.0,L,True,41,0,50.0,2000.0,2000.0,6
3676,CM61-BEAD-ME-4120,ME,6797559.76,0.0,0.0,0.0,L,False,3207,0,61.0,100.0,20.0,6
3677,CM61-BEAD-ME-4127,ME,139122.0,2.0,1.0,5.0,L,True,71,9,40.0,2000.0,2000.0,6
3678,CM61-BEAD-ME-4128,ME,299994.27,5.0,1.0,0.0,L,True,53,8,50.0,2000.0,2000.0,6
3679,CM61-BEAD-HI-CAI-HAWAII,HI,21000.0,39.0,5.0,0.0,C,True,11,11,50.0,3000.0,3000.0,1
3680,CM61-BEAD-HI-CAI-HONOLULU,HI,19500.0,5.0,5.0,0.0,C,True,5,5,50.0,3000.0,3000.0,1
3681,CM61-BEAD-HI-CAI-MAUI,HI,18000.0,6.0,4.0,0.0,C,True,7,7,50.0,3000.0,3000.0,1
3682,CM61-BEAD-HI-UNDER-HAWAII,HI,18180750.0,4088.0,67.0,0.0,L,True,4146,0,50.0,2996.623251326589,3002.653159671973,1
3683,CM61-BEAD-HI-UNDER-HONOLULU,HI,4321500.0,879.0,880.0,0.0,L,True,881,0,50.0,3000.0,3000.0,1
3684,CM61-BEAD-HI-UNDER-KAUAI,HI,244500.0,66.0,2.0,0.0,L,True,68,0,50.0,2967.6470588235293,3002.9411764705887,1
3685,CM61-BEAD-HI-UNDER-MAUI,HI,7096500.0,9029.0,0.0,0.0,L,True,629,0,50.0,3000.0,3000.0,1
3686,CM61-BEAD-HI-LEO-HAWAII,HI,637200.0,0.0,0.0,0.0,L,False,1062,0,61.0,100.0,20.0,1
3687,CM61-BEAD-HI-LEO-HONOLULU,HI,9600.0,0.0,0.0,0.0,L,False,16,0,61.0,100.0,20.0,1
3688,CM61-BEAD-HI-LEO-KAUAI,HI,46200.0,0.0,0.0,0.0,L,False,77,0,61.0,100.0,20.0,1
3689,CM61-BEAD-HI-LEO-MAUI,HI,78000.0,0.0,0.0,0.0,L,False,130,0,61.0,100.0,20.0,1
3690,CM61-BEAD-TX-217-2039,TX,12600.0,,0.0,1.0,,True,21,0,61.0,100.0,20.0,21
3691,CM61-BEAD-TX-217-1506,TX,14800.0,,0.0,2.0,,False,42,0,61.0,100.0,20.0,21
3692,CM61-BEAD-TX-210-2706,TX,8230288.71,,0.0,0.0,,True,5057,0,61.0,100.0,20.0,21
3693,CM61-BEAD-TX-58-1300,TX,1929045.0,,14.0,0.0,,True,375,0,50.0,2000.0,2000.0,21
3694,CM61-BEAD-TX-77-1268,TX,924692.76,,12.0,0.0,,True,81,2,50.0,2000.0,2000.0,21
3695,CM61-BEAD-TX-242-754,TX,949693.28,,15.0,5.0,,True,376,0,50.0,1000.0,1000.0,21
3696,CM61-BEAD-TX-16-5881,TX,936237.15,,6.0,0.0,,True,305,1,50.0,1000.0,1000.0,21
3697,CM61-BEAD-TX-100-295,TX,7240887.861,,72.0,25.0,,True,2076,59,50.0,2000.0,2000.0,21
3698,CM61-BEAD-TX-182-357,TX,739634.5501,,0.0,5.0,,True,635,11,71.0,1000.0,508.66141732283467,21
3699,CM61-BEAD-TX-18-497,TX,1679015.62,,10.0,2.0,,True,637,8,50.0,2000.0,2000.0,21
3700,CM61-BEAD-TX-18-501,TX,319934.05,,11.0,1.0,,True,85,3,50.0,2000.0,2000.0,21
3701,CM61-BEAD-TX-182-538,TX,506503.6801,,0.0,5.0,,True,358,57,71.0,1000.0,579.6089385474859,21
3702,CM61-BEAD-TX-182-553,TX,650874.51,,0.0,5.0,,True,429,14,71.0,1000.0,516.3170163170163,21
3703,CM61-BEAD-TX-217-1460,TX,137438.9142,,0.0,1.0,,True,246,0,61.0,100.0,20.0,21
3704,CM61-BEAD-TX-182-593,TX,200803.47,,0.0,5.0,,True,136,25,71.0,1000.0,591.9117647058824,21
3705,CM61-BEAD-TX-84-636,TX,8397347.28,,28.0,15.0,,True,600,3,50.0,1000.0,1000.0,21
3706,CM61-BEAD-TX-28-680,TX,17560.8,,0.0,1.0,,False,30,0,71.0,100.0,20.0,21
3707,CM61-BEAD-TX-28-681,TX,718617.76,,0.0,1.0,,False,538,12,71.0,120.07434944237917,41.85873605947955,21
3708,CM61-BEAD-TX-28-687,TX,1733318.61,,0.0,1.0,,True,539,17,71.0,128.38589981447126,50.909090909090914,21
3709,CM61-BEAD-TX-161-1160,TX,3385458.05,,70.0,22.0,,True,271,46,50.0,2000.0,2000.0,21
3710,CM61-BEAD-TX-161-229,TX,26794404.0,,196.0,41.0,,True,1914,22,50.0,1627.8474399164047,1627.8474399164047,21
3711,CM61-BEAD-TX-16-5821,TX,4238053.92,,28.0,0.0,,True,752,0,50.0,1000.0,1000.0,21
3712,CM61-BEAD-TX-18-509,TX,3948754.88,,45.0,3.0,,True,664,3,50.0,2000.0,2000.0,21
3713,CM61-BEAD-TX-119-1410,TX,24908.88,,1.0,1.0,,True,24,12,50.0,2000.0,2000.0,21
3714,CM61-BEAD-TX-182-591,TX,70315.56,,0.0,5.0,,True,63,3,71.0,1000.0,523.8095238095239,21
3715,CM61-BEAD-TX-100-299,TX,1261165.92,,11.0,10.0,,True,1247,10,50.0,2000.0,2000.0,21
3716,CM61-BEAD-TX-18-484,TX,4864487.551,,76.0,7.0,,True,1135,11,50.0,2000.0,2000.0,21
3717,CM61-BEAD-TX-100-361,TX,6635496.84,,56.0,5.0,,True,903,18,50.0,2000.0,2000.0,21
3718,CM61-BEAD-TX-182-440,TX,1908095.14,,0.0,5.0,,True,1526,10,71.0,1000.0,503.2765399737877,21
3719,CM61-BEAD-TX-58-1306,TX,3912003.2,,78.0,0.0,,True,1120,0,50.0,2000.0,2000.0,21
3720,CM61-BEAD-TX-231-1212,TX,47620029.32,,715.0,25.0,,True,3452,40,50.0,1952.4913093858588,1949.884125144845,21
3721,CM61-BEAD-TX-242-768,TX,881382.64,,15.0,5.0,,True,284,0,50.0,1000.0,1000.0,21
3722,CM61-BEAD-TX-217-2273,TX,71400.04,,0.0,1.0,,False,122,0,61.0,100.0,20.0,21
3723,CM61-BEAD-TX-182-404,TX,226417.68,,0.0,5.0,,True,152,2,71.0,1000.0,506.5789473684211,21
3724,CM61-BEAD-TX-210-3999,TX,13692800.67,,0.0,0.0,,True,8297,0,61.0,100.0,20.0,21
3725,CM61-BEAD-TX-210-4776,TX,4012741.29,,0.0,0.0,,True,2664,0,61.0,100.0,20.0,21
3726,CM61-BEAD-TX-161-1166,TX,3834165.5,,34.0,11.0,,True,550,4,50.0,2000.0,2000.0,21
3727,CM61-BEAD-TX-58-1291,TX,110022.64,,9.0,0.0,,True,119,0,50.0,2000.0,2000.0,21
3728,CM61-BEAD-TX-217-2181,TX,417260.3821,,0.0,6.0,,True,618,0,61.0,100.0,20.0,21
3729,CM61-BEAD-TX-182-294,TX,205343.6101,,0.0,5.0,,True,152,24,71.0,1000.0,578.9473684210528,21
3730,CM61-BEAD-TX-100-363,TX,149261.26,,0.0,1.0,,True,67,9,50.0,2000.0,2000.0,21
3731,CM61-BEAD-TX-182-390,TX,169871.58,,0.0,5.0,,False,81,7,71.0,1000.0,543.2098765432099,21
3732,CM61-BEAD-TX-182-406,TX,612994.25,,0.0,5.0,,True,505,18,71.0,1000.0,517.8217821782177,21
3733,CM61-BEAD-TX-18-493,TX,948775.0,,7.0,1.0,,True,250,6,50.0,2000.0,2000.0,21
3734,CM61-BEAD-TX-28-674,TX,11025211.63,,0.0,8.0,,True,11935,259,71.0,119.53079178885623,41.26686217008798,21
3735,CM61-BEAD-TX-119-1451,TX,32589717.19,,209.0,70.0,,True,2711,33,50.0,2000.0,2000.0,21
3736,CM61-BEAD-TX-40-1145,TX,15803007.84,,124.0,42.0,,True,3314,15,50.0,2000.0,2000.0,21
3737,CM61-BEAD-TX-58-1290,TX,2962555.05,,433.0,0.0,,True,741,0,50.0,2000.0,2000.0,21
3738,CM61-BEAD-TX-161-1163,TX,28348628.0,,259.0,45.0,,True,2025,52,50.0,2000.0,2000.0,21
3739,CM61-BEAD-TX-18-520,TX,4815656.0,,46.0,4.0,,True,344,1,50.0,2000.0,2000.0,21
3740,CM61-BEAD-TX-182-273,TX,886171.85,,0.0,5.0,,False,827,16,71.0,1000.0,509.6735187424426,21
3741,CM61-BEAD-TX-182-400,TX,75168.0,,0.0,5.0,,True,81,0,71.0,1000.0,500.0,21
3742,CM61-BEAD-TX-100-341,TX,1477371.8,,13.0,2.0,,True,295,1,50.0,2000.0,2000.0,21
3743,CM61-BEAD-TX-231-1210,TX,58817031.5,,948.0,29.0,,True,5926,37,50.0,1999.1562605467434,1999.1562605467434,21
3744,CM61-BEAD-TX-18-496,TX,3716209.47,,50.0,4.0,,True,566,7,50.0,2000.0,2000.0,21
3745,CM61-BEAD-TX-58-1278,TX,192973.74,,8.0,0.0,,True,194,0,50.0,2000.0,2000.0,21
3746,CM61-BEAD-TX-231-1209,TX,42175364.41,,645.0,21.0,,True,3378,53,50.0,1941.977501480163,1938.8691533451777,21
3747,CM61-BEAD-TX-182-282,TX,956362.1003,,0.0,5.0,,False,715,17,71.0,1000.0,511.8881118881119,21
3748,CM61-BEAD-TX-210-4680,TX,9942462.32,,0.0,0.0,,True,5677,0,61.0,100.0,20.0,21
3749,CM61-BEAD-TX-292-1534,TX,4469117.38,,90.0,15.0,,True,1447,11,50.0,2000.0,2000.0,21
3750,CM61-BEAD-TX-58-1308,TX,215999.07,,25.0,0.0,,True,123,0,50.0,2000.0,2000.0,21
3751,CM61-BEAD-TX-84-651,TX,72853297.71,,262.0,165.0,,True,9557,32,50.0,1000.0,1000.0,21
3752,CM61-BEAD-TX-58-1286,TX,289466.53,,21.0,0.0,,True,281,2,50.0,2000.0,2000.0,21
3753,CM61-BEAD-TX-210-5490,TX,30474106.82,,0.0,0.0,,True,16763,0,61.0,100.0,20.0,21
3754,CM61-BEAD-TX-182-286,TX,448881.16,,0.0,5.0,,False,223,2,71.0,1000.0,504.4843049327354,21
3755,CM61-BEAD-TX-161-228,TX,363761.58,,6.0,6.0,,True,119,13,50.0,2000.0,2000.0,21
3756,CM61-BEAD-TX-242-751,TX,297988.21,,5.0,5.0,,True,223,0,50.0,1000.0,1000.0,21
3757,CM61-BEAD-TX-210-3756,TX,5993072.89,,0.0,0.0,,True,3637,0,61.0,100.0,20.0,21
3758,CM61-BEAD-TX-58-1248,TX,48000.0,,1.0,0.0,,True,96,0,50.0,2000.0,2000.0,21
3759,CM61-BEAD-TX-231-263,TX,152202597.6,,2250.0,79.0,,True,12432,159,50.0,1852.5096525096533,1844.3693693693722,21
3760,CM61-BEAD-TX-100-292,TX,1154672.5,,15.0,10.0,,True,235,11,50.0,2000.0,2000.0,21
3761,CM61-BEAD-TX-182-320,TX,1382794.28,,0.0,5.0,,True,1228,26,71.0,1000.0,510.586319218241,21
3762,CM61-BEAD-TX-182-403,TX,823016.8002,,0.0,5.0,,False,420,44,71.0,1000.0,552.3809523809524,21
3763,CM61-BEAD-TX-182-421,TX,913332.5899,,0.0,5.0,,False,457,41,71.0,1000.0,544.8577680525165,21
3764,CM61-BEAD-TX-182-542,TX,259611.92,,0.0,5.0,,True,155,38,71.0,1000.0,622.5806451612902,21
3765,CM61-BEAD-TX-182-598,TX,215791.0,,0.0,5.0,,True,156,19,71.0,1000.0,560.8974358974359,21
3766,CM61-BEAD-TX-84-643,TX,26672908.77,,91.0,60.0,,True,2169,16,50.0,1000.0,1000.0,21
3767,CM61-BEAD-TX-28-683,TX,9142887.92,,0.0,6.0,,True,7525,195,71.0,123.32225913621265,45.39534883720931,21
3768,CM61-BEAD-TX-10-1106,TX,806238.72,,10.0,15.0,,False,168,11,72.0,532.7380952380952,158.92857142857142,21
3769,CM61-BEAD-TX-119-1411,TX,145621.6,,0.0,0.0,,True,80,5,50.0,2000.0,2000.0,21
3770,CM61-BEAD-TX-16-5852,TX,15292989.45,,97.0,0.0,,True,2529,5,50.0,1000.0,1000.0,21
3771,CM61-BEAD-TX-16-5885,TX,2093910.91,,13.0,0.0,,True,221,0,50.0,1000.0,1000.0,21
3772,CM61-BEAD-TX-16-5728,TX,13557739.2,,0.0,0.0,,True,2120,11,50.0,1000.0,1000.0,21
3773,CM61-BEAD-TX-58-1250,TX,2193676.29,,38.0,0.0,,True,261,0,50.0,2000.0,2000.0,21
3774,CM61-BEAD-TX-16-5755,TX,4421680.2,,30.0,0.0,,True,623,5,50.0,1000.0,1000.0,21
3775,CM61-BEAD-TX-225-1075,TX,23141974.02,,491.0,14.0,,True,4987,4,50.0,2000.0,2000.0,21
3776,CM61-BEAD-TX-242-748,TX,239913.57,,3.0,5.0,,True,247,0,50.0,1000.0,1000.0,21
3777,CM61-BEAD-TX-100-338,TX,732450.6,,9.0,5.0,,True,378,3,50.0,2000.0,2000.0,21
3778,CM61-BEAD-TX-161-247,TX,12810180.04,,116.0,27.0,,True,1442,47,50.0,2000.0,2000.0,21
3779,CM61-BEAD-TX-18-516,TX,4515472.8,,41.0,5.0,,True,720,2,50.0,2000.0,2000.0,21
3780,CM61-BEAD-TX-258-1679,TX,16071631.24,,1.0,40.0,,True,2716,11,50.0,2000.0,2000.0,21
3781,CM61-BEAD-TX-161-1117,TX,40456303.2,,403.0,58.0,,True,3345,43,50.0,2000.0,2000.0,21
3782,CM61-BEAD-TX-84-627,TX,29920401.72,,107.0,54.0,,True,2138,8,50.0,1000.0,1000.0,21
3783,CM61-BEAD-TX-10-1048,TX,1314168.17,,24.0,30.0,,True,119,15,50.0,1000.0,1000.0,21
3784,CM61-BEAD-TX-217-1468,TX,7600.0,,0.0,4.0,,True,12,0,61.0,100.0,20.0,21
3785,CM61-BEAD-TX-217-1467,TX,600.0,,0.0,1.0,,False,1,0,61.0,100.0,20.0,21
3786,CM61-BEAD-TX-217-2171,TX,14400.0,,0.0,5.0,,True,25,0,61.0,100.0,20.0,21
3787,CM61-BEAD-TX-242-750,TX,158208.48,,2.0,5.0,,True,144,0,50.0,1000.0,1000.0,21
3788,CM61-BEAD-TX-210-3163,TX,6603491.11,,0.0,0.0,,True,4046,0,61.0,100.0,20.0,21
3789,CM61-BEAD-TX-210-2501,TX,3711776.46,,0.0,0.0,,True,2367,0,61.0,100.0,20.0,21
3790,CM61-BEAD-TX-58-1226,TX,2449444.4,,28.0,0.0,,True,232,0,50.0,2000.0,2000.0,21
3791,CM61-BEAD-TX-77-1287,TX,460825.17,,15.0,0.0,,True,39,0,50.0,2000.0,2000.0,21
3792,CM61-BEAD-TX-217-2350,TX,285003.87,,0.0,26.0,,True,602,0,61.0,100.0,20.0,21
3793,CM61-BEAD-TX-217-2394,TX,127000.0,,0.0,15.0,,False,222,0,61.0,100.0,20.0,21
3794,CM61-BEAD-TX-100-339,TX,454974.17,,3.0,1.0,,True,55,18,50.0,2000.0,2000.0,21
3795,CM61-BEAD-TX-182-358,TX,3623574.52,,0.0,5.0,,True,2069,265,71.0,1000.0,564.0405993233447,21
3796,CM61-BEAD-TX-182-455,TX,546723.5,,0.0,5.0,,True,430,8,71.0,1000.0,509.3023255813954,21
3797,CM61-BEAD-TX-18-485,TX,1960139.92,,26.0,2.0,,True,248,6,50.0,2000.0,2000.0,21
3798,CM61-BEAD-TX-18-495,TX,1369298.1,,15.0,1.0,,True,230,4,50.0,2000.0,2000.0,21
3799,CM61-BEAD-TX-18-508,TX,12784910.4,,120.0,14.0,,True,1455,28,50.0,2000.0,2000.0,21
3800,CM61-BEAD-TX-18-522,TX,11354773.25,,106.0,10.0,,True,950,31,50.0,2000.0,2000.0,21
3801,CM61-BEAD-TX-182-603,TX,1917987.829,,0.0,5.0,,True,1443,49,71.0,1000.0,516.9785169785168,21
3802,CM61-BEAD-TX-182-614,TX,67368.08,,0.0,5.0,,False,26,22,71.0,1000.0,923.0769230769232,21
3803,CM61-BEAD-TX-28-679,TX,10012454.97,,0.0,7.0,,True,4508,145,71.0,128.94853593611347,51.52173913043479,21
3804,CM61-BEAD-TX-28-685,TX,3192967.95,,0.0,2.0,,True,4985,50,71.0,109.02708124373122,29.829488465396185,21
3805,CM61-BEAD-TX-28-693,TX,3980946.61,,0.0,3.0,,True,2681,112,71.0,137.59791122715401,60.93994778067886,21
3806,CM61-BEAD-TX-225-1078,TX,33772474.56,,740.0,20.0,,True,5808,35,50.0,2000.0,2000.0,21
3807,CM61-BEAD-TX-211-2439,TX,2300707.52,,0.0,19.0,,True,1264,0,72.0,1000.0,200.0,21
3808,CM61-BEAD-TX-210-4301,TX,14510503.31,,0.0,0.0,,True,8352,0,61.0,100.0,20.0,21
3809,CM61-BEAD-TX-182-394,TX,247576.16,,0.0,5.0,,True,208,0,71.0,1000.0,500.0,21
3810,CM61-BEAD-TX-213-2147,TX,1483985.91,,6.0,3.0,,True,213,6,50.0,2000.0,2000.0,21
3811,CM61-BEAD-TX-217-1637,TX,55328.22,,0.0,2.0,,True,103,0,61.0,100.0,20.0,21
3812,CM61-BEAD-TX-182-450,TX,1078592.03,,0.0,5.0,,False,533,6,71.0,1000.0,505.62851782363975,21
3813,CM61-BEAD-TX-18-483,TX,2045453.8,,20.0,3.0,,True,271,2,50.0,2000.0,2000.0,21
3814,CM61-BEAD-TX-210-3992,TX,1430096.52,,0.0,0.0,,True,890,0,61.0,100.0,20.0,21
3815,CM61-BEAD-TX-16-5725,TX,4012182.69,,23.0,0.0,,True,703,1,50.0,1000.0,1000.0,21
3816,CM61-BEAD-TX-242-757,TX,869338.43,,15.0,5.0,,True,433,0,50.0,1000.0,1000.0,21
3817,CM61-BEAD-TX-101-270,TX,51867794.73,,725.0,25.0,,True,7437,23,50.0,1000.0,1000.0,21
3818,CM61-BEAD-TX-182-293,TX,2432328.85,,0.0,5.0,,False,1765,34,71.0,1000.0,509.63172804532593,21
3819,CM61-BEAD-TX-100-340,TX,926560.61,,5.0,2.0,,True,193,13,50.0,2000.0,2000.0,21
3820,CM61-BEAD-TX-16-5766,TX,3257742.0,,20.0,0.0,,True,577,15,50.0,1000.0,1000.0,21
3821,CM61-BEAD-TX-210-3389,TX,6994397.65,,0.0,0.0,,True,4192,0,61.0,100.0,20.0,21
3822,CM61-BEAD-TX-119-1430,TX,2952066.53,,27.0,3.0,,True,301,0,50.0,2000.0,2000.0,21
3823,CM61-BEAD-TX-182-447,TX,1961097.851,,0.0,5.0,,True,1595,28,71.0,1000.0,508.7774294670846,21
3824,CM61-BEAD-TX-58-1275,TX,585389.22,,62.0,0.0,,True,393,0,50.0,2000.0,2000.0,21
3825,CM61-BEAD-TX-58-1294,TX,10058230.28,,126.0,0.0,,True,1876,0,50.0,2000.0,2000.0,21
3826,CM61-BEAD-TX-100-332,TX,4363885.04,,32.0,10.0,,True,1124,19,50.0,2000.0,2000.0,21
3827,CM61-BEAD-TX-58-1281,TX,6191267.42,,68.0,0.0,,True,598,0,50.0,2000.0,2000.0,21
3828,CM61-BEAD-TX-18-492,TX,696469.78,,4.0,1.0,,True,251,3,50.0,2000.0,2000.0,21
3829,CM61-BEAD-TX-101-364,TX,44248884.86,,654.0,20.0,,True,5618,59,50.0,1000.0,1000.0,21
3830,CM61-BEAD-TX-231-264,TX,101016784.0,,1538.0,56.0,,True,7216,24,50.0,1544.955654101996,1519.7062084257175,21
3831,CM61-BEAD-TX-58-1247,TX,46179.63,,4.0,0.0,,True,69,0,50.0,2000.0,2000.0,21
3832,CM61-BEAD-TX-210-3228,TX,3192165.36,,0.0,0.0,,True,1944,0,61.0,100.0,20.0,21
3833,CM61-BEAD-TX-58-1231,TX,130275.04,,5.0,0.0,,True,112,0,50.0,2000.0,2000.0,21
3834,CM61-BEAD-TX-242-755,TX,279850.48,,2.0,5.0,,True,91,0,50.0,1000.0,1000.0,21
3835,CM61-BEAD-TX-58-1237,TX,881937.0,,6.0,0.0,,True,63,0,50.0,2000.0,2000.0,21
3836,CM61-BEAD-TX-242-753,TX,1102412.85,,19.0,5.0,,True,605,0,50.0,1000.0,1000.0,21
3837,CM61-BEAD-TX-119-530,TX,922074.72,,6.0,7.0,,True,812,21,50.0,2000.0,2000.0,21
3838,CM61-BEAD-TX-18-510,TX,4166041.68,,41.0,3.0,,True,453,1,50.0,2000.0,2000.0,21
3839,CM61-BEAD-TX-84-644,TX,27456578.24,,125.0,59.0,,True,2501,24,50.0,1000.0,1000.0,21
3840,CM61-BEAD-MN-79-1500,MN,426960.0,0.0,0.0,0.0,L,True,80,0,50.0,10000.0,10000.0,20
3841,CM61-BEAD-MN-79-1311,MN,404366.0,0.0,25.0,0.0,L,True,204,0,50.0,2000.0,2000.0,20
3842,CM61-BEAD-MN-79-1259,MN,2420440.0,0.0,129.0,0.0,L,True,611,0,50.0,2000.0,2000.0,20
3843,CM61-BEAD-MN-104-1413,MN,10452039.93,0.0,0.0,35.0,L,True,17255,0,61.0,100.0,20.0,20
3844,CM61-BEAD-MN-72-1368,MN,180207.72,0.0,0.0,0.0,L,True,88,0,72.0,100.0,20.0,20
3845,CM61-BEAD-MN-72-1371,MN,491880.0,0.0,0.0,0.0,L,True,594,0,72.0,100.0,20.0,20
3846,CM61-BEAD-MN-72-1372,MN,868443.0,0.0,0.0,0.0,L,True,1608,0,72.0,100.0,20.0,20
3847,CM61-BEAD-MN-65-1501,MN,3062304.0,0.0,0.0,0.0,L,True,434,0,50.0,1000.0,1000.0,20
3848,CM61-BEAD-MN-65-1500,MN,1801676.0,0.0,0.0,0.0,L,True,211,0,50.0,1000.0,1000.0,20
3849,CM61-BEAD-MN-65-1310,MN,101302.0,0.0,3.0,0.0,L,True,20,0,50.0,100.0,20.0,20
3850,CM61-BEAD-MN-65-1284,MN,111739.0,0.0,3.0,0.0,L,True,27,0,50.0,100.0,20.0,20
3851,CM61-BEAD-MN-65-1283,MN,187057.0,0.0,5.0,0.0,L,True,62,0,50.0,100.0,20.0,20
3852,CM61-BEAD-MN-65-1323,MN,61109.0,0.0,2.0,0.0,L,True,14,0,50.0,100.0,20.0,20
3853,CM61-BEAD-MN-65-1293,MN,48184.0,0.0,2.0,0.0,L,True,12,0,50.0,100.0,20.0,20
3854,CM61-BEAD-MN-65-1502,MN,1758524.0,0.0,0.0,0.0,L,True,241,0,50.0,1000.0,1000.0,20
3855,CM61-BEAD-MN-65-1503,MN,145209.75,0.0,5.0,0.0,L,True,17,0,50.0,1000.0,1000.0,20
3856,CM61-BEAD-MN-15-1500,MN,4120987.0,0.0,80.0,0.0,L,True,433,0,50.0,8000.0,8000.0,20
3857,CM61-BEAD-MN-15-1373,MN,9127321.0,0.0,297.0,10.0,L,True,935,0,50.0,8000.0,8000.0,20
3858,CM61-BEAD-MN-15-1374,MN,3872614.0,0.0,113.0,10.0,L,True,615,0,50.0,8000.0,8000.0,20
3859,CM61-BEAD-MN-15-1375,MN,284266.0,0.0,194.0,10.0,L,True,44,0,50.0,8000.0,8000.0,20
3860,CM61-BEAD-MN-4-1304,MN,28808513.0,0.0,425.0,9.0,L,True,2884,0,50.0,100.0,100.0,20
3861,CM61-BEAD-MN-4-1270,MN,8603261.0,565.0,0.0,9.0,L,True,3750,0,50.0,100.0,100.0,20
3862,CM61-BEAD-MN-4-1332,MN,782698.138,0.0,113.0,3.0,L,True,131,0,50.0,100.0,100.0,20
3863,CM61-BEAD-MN-66-1260,MN,10061534.0,0.0,311.0,11.0,L,True,721,0,50.0,100.0,20.0,20
3864,CM61-BEAD-MN-66-1247,MN,1819871.0,0.0,72.0,11.0,L,True,91,0,50.0,100.0,20.0,20
3865,CM61-BEAD-MN-28-1343,MN,3377748.0,32.0,14.0,4.0,L,True,346,0,50.0,1000.0,1000.0,20
3866,CM61-BEAD-MN-28-1279,MN,10414099.0,75.0,87.0,4.0,L,True,1383,0,50.0,1000.0,1000.0,20
3867,CM61-BEAD-MN-28-1268,MN,194479.0,0.0,5.0,4.0,L,True,29,0,50.0,1000.0,1000.0,20
3868,CM61-BEAD-MN-30-1500,MN,94297.0,0.0,4.0,0.0,L,True,14,0,50.0,2500.0,1000.0,20
3869,CM61-BEAD-MN-30-1335,MN,1613648.0,0.0,64.0,0.0,L,True,160,0,50.0,100.0,20.0,20
3870,CM61-BEAD-MN-30-1276,MN,397753.0,0.0,9.0,0.0,L,True,211,0,50.0,2500.0,1000.0,20
3871,CM61-BEAD-MN-94-1379,MN,1471565.004,0.0,0.0,0.0,L,True,800,0,72.0,1000.0,200.0,20
3872,CM61-BEAD-MN-94-1380,MN,3563889.0,0.0,0.0,0.0,L,True,2342,0,71.0,1000.0,200.0,20
3873,CM61-BEAD-MN-94-1381,MN,3757122.0,0.0,0.0,0.0,L,True,2063,0,72.0,1000.0,200.0,20
3874,CM61-BEAD-MN-94-1382,MN,7953018.0,0.0,0.0,0.0,L,True,3539,0,72.0,1000.0,200.0,20
3875,CM61-BEAD-MN-94-1383,MN,3398154.0,0.0,0.0,0.0,L,True,1897,0,72.0,1000.0,200.0,20
3876,CM61-BEAD-MN-43-1366,MN,2234685.0,0.0,51.0,2.0,L,True,200,0,50.0,10000.0,10000.0,20
3877,CM61-BEAD-MN-11-1500,MN,3840883.0,17.0,50.0,0.0,L,True,433,0,50.0,2000.0,1000.0,20
3878,CM61-BEAD-MN-11-1315,MN,1482065.0,0.0,359.0,1.0,L,True,175,0,50.0,2000.0,1000.0,20
3879,CM61-BEAD-MN-11-1290,MN,25561417.0,0.0,449.0,1.0,L,True,2689,0,50.0,2000.0,1000.0,20
3880,CM61-BEAD-MN-11-1254,MN,2163468.0,0.0,158.0,1.0,L,True,252,0,50.0,2000.0,1000.0,20
3881,CM61-BEAD-MN-11-1326,MN,1193819.0,0.0,121.0,0.0,L,True,121,0,50.0,2000.0,1000.0,20
3882,CM61-BEAD-MN-11-1263,MN,31604.0,0.0,1.0,0.0,L,True,43,0,50.0,2000.0,1000.0,20
3883,CM61-BEAD-MN-11-1341,MN,260332.0,0.0,5.0,0.0,L,True,38,0,50.0,2000.0,1000.0,20
3884,CM61-BEAD-MN-11-1271,MN,1425017.0,0.0,38.0,0.0,L,True,546,0,50.0,2000.0,1000.0,20
3885,CM61-BEAD-MN-11-1346,MN,131888.0,0.0,2.0,0.0,L,True,20,0,50.0,2000.0,1000.0,20
3886,CM61-BEAD-MN-11-1347,MN,260026.0,0.0,4.0,0.0,L,True,64,0,50.0,2000.0,1000.0,20
3887,CM61-BEAD-MN-11-1291,MN,120607.0,0.0,3.0,0.0,L,True,41,0,50.0,2000.0,1000.0,20
3888,CM61-BEAD-MN-11-1252,MN,694684.0,0.0,21.0,0.0,L,True,189,0,50.0,2000.0,1000.0,20
3889,CM61-BEAD-MN-48-1500,MN,4740251.0,0.0,0.0,0.0,L,True,763,0,50.0,10000.0,10000.0,20
3890,CM61-BEAD-MN-48-1306,MN,13814861.0,0.0,325.0,2.0,L,True,2140,0,50.0,100.0,100.0,20
3891,CM61-BEAD-MN-76-1500,MN,7301954.0,0.0,0.0,0.0,L,True,437,0,50.0,5000.0,5000.0,20
3892,CM61-BEAD-MN-76-1384,MN,1.0,0.0,0.0,0.0,L,True,187,0,50.0,100.0,20.0,20
3893,CM61-BEAD-MN-76-1250,MN,452289.0,0.0,9.0,10.0,L,True,95,0,50.0,100.0,20.0,20
3894,CM61-BEAD-MN-76-1299,MN,8404793.0,0.0,147.0,20.0,L,True,1091,0,50.0,100.0,20.0,20
3895,CM61-BEAD-MN-76-1348,MN,1133940.0,0.0,151.0,20.0,L,True,105,0,50.0,100.0,20.0,20
3896,CM61-BEAD-MN-76-1308,MN,753517.0,0.0,27.0,5.0,L,True,98,0,50.0,100.0,20.0,20
3897,CM61-BEAD-MN-76-1385,MN,332135.0,0.0,0.0,10.0,L,False,55,0,40.0,100.0,20.0,20
3898,CM61-BEAD-MN-76-1289,MN,465495.0,0.0,8.0,5.0,L,True,53,0,50.0,100.0,20.0,20
3899,CM61-BEAD-MN-76-1338,MN,7880716.0,0.0,193.0,20.0,L,True,1700,0,50.0,100.0,20.0,20
3900,CM61-BEAD-MN-76-1331,MN,23401686.0,0.0,485.0,20.0,L,True,3371,0,50.0,100.0,20.0,20
3901,CM61-BEAD-MN-76-1336,MN,442732.0,0.0,9.0,10.0,L,True,374,0,50.0,100.0,20.0,20
3902,CM61-BEAD-MN-76-1301,MN,4501334.0,0.0,117.0,20.0,L,True,825,0,50.0,100.0,20.0,20
3903,CM61-BEAD-MN-76-1298,MN,1871627.0,0.0,140.0,20.0,L,True,389,0,50.0,100.0,20.0,20
3904,CM61-BEAD-MN-76-1287,MN,2036654.0,0.0,39.0,20.0,L,True,263,0,50.0,100.0,20.0,20
3905,CM61-BEAD-MN-76-1292,MN,16038918.0,0.0,460.0,20.0,L,True,2941,0,50.0,100.0,20.0,20
3906,CM61-BEAD-MN-74-1500,MN,583776.0,0.0,0.0,0.0,L,True,59,0,50.0,10000.0,10000.0,20
3907,CM61-BEAD-MN-74-1351,MN,2605542.0,0.0,48.0,2.0,L,True,203,0,50.0,1000.0,1000.0,20
3908,CM61-BEAD-MN-74-1320,MN,8930938.0,37.0,129.0,3.0,L,True,390,0,50.0,1000.0,1000.0,20
3909,CM61-BEAD-MN-74-1324,MN,5283772.0,14.0,89.0,3.0,L,True,270,0,50.0,1000.0,1000.0,20
3910,CM61-BEAD-MN-33-1272,MN,2357785.0,0.0,128.0,40.0,L,True,149,0,50.0,250.0,250.0,20
3911,CM61-BEAD-MN-69-1500,MN,2617487.0,0.0,0.0,0.0,L,True,157,0,50.0,10000.0,10000.0,20
3912,CM61-BEAD-MN-69-1325,MN,4028787.0,0.0,103.0,2.0,L,True,327,0,50.0,1000.0,1000.0,20
3913,CM61-BEAD-MN-69-1349,MN,2056406.0,0.0,39.0,2.0,L,True,218,0,50.0,1000.0,1000.0,20
3914,CM61-BEAD-MN-69-1329,MN,4123507.0,0.0,113.0,2.0,L,True,324,0,50.0,1000.0,1000.0,20
3915,CM61-BEAD-MN-69-1314,MN,1845057.0,0.0,60.0,2.0,L,True,118,0,50.0,1000.0,1000.0,20
3916,CM61-BEAD-MN-69-1340,MN,4115822.0,0.0,135.0,2.0,L,True,328,0,50.0,1000.0,1000.0,20
3917,CM61-BEAD-MN-69-1330,MN,6916307.0,0.0,238.0,2.0,L,True,471,0,50.0,1000.0,1000.0,20
3918,CM61-BEAD-MN-17-1321,MN,1878300.0,0.0,30.0,13.0,L,True,146,0,50.0,2000.0,2000.0,20
3919,CM61-BEAD-MN-17-1264,MN,5809650.0,0.0,101.0,45.0,L,True,367,0,50.0,2000.0,2000.0,20
3920,CM61-BEAD-MN-17-1274,MN,415800.0,0.0,7.0,10.0,L,True,35,0,50.0,2000.0,2000.0,20
3921,CM61-BEAD-MN-17-1500,MN,17716142.0,0.0,357.0,153.0,L,True,1357,0,50.0,2000.0,2000.0,20
3922,CM61-BEAD-MN-88-1363,MN,2461179.0,0.0,0.0,0.0,L,True,1400,0,61.0,100.0,20.0,20
3923,CM61-BEAD-MN-75-1500,MN,352160.0,1.0,6.0,0.0,L,True,124,0,50.0,1000.0,1000.0,20
3924,CM61-BEAD-MN-75-1300,MN,3611683.0,11.0,102.0,0.0,L,True,551,0,50.0,1000.0,1000.0,20
3925,CM61-BEAD-MN-75-1344,MN,419594.0,3.0,31.0,0.0,L,True,73,0,50.0,1000.0,1000.0,20
3926,CM61-BEAD-MN-75-1342,MN,1367655.0,2.0,20.0,0.0,L,True,261,0,50.0,1000.0,1000.0,20
3927,CM61-BEAD-MN-75-1258,MN,2770512.0,39.0,348.0,0.0,L,True,440,0,50.0,1000.0,1000.0,20
3928,CM61-BEAD-MN-23-1266,MN,2614206.0,17.0,146.0,0.0,L,True,362,0,50.0,1000.0,1000.0,20
3929,CM61-BEAD-MN-23-1360,MN,1223777.0,0.0,79.0,1.0,L,True,159,0,50.0,1000.0,1000.0,20
3930,CM61-BEAD-MN-82-1500,MN,1080000.0,0.0,37.0,0.0,L,True,72,0,50.0,1000.0,1000.0,20
3931,CM61-BEAD-MN-29-1262,MN,14887270.0,110.0,205.0,0.0,L,True,1194,0,50.0,2000.0,2000.0,20
3932,CM61-BEAD-MN-29-1316,MN,16545820.0,126.0,166.0,0.0,L,True,1528,0,50.0,2000.0,2000.0,20
3933,CM61-BEAD-MN-29-1334,MN,1033536.0,26.0,40.0,0.0,L,True,92,0,50.0,2000.0,2000.0,20
3934,CM61-BEAD-KY-01-0,KY,2171400.0,0.0,0.0,0.0,L,False,3619,0,61.0,400.0,50.0,19
3935,CM61-BEAD-KY-02-0,KY,5955755.52,50.0,0.0,0.0,L,True,1170,0,50.0,5000.0,5000.0,19
3936,CM61-BEAD-KY-02-1,KY,172404.0,50.0,0.0,0.0,L,True,90,0,50.0,5000.0,5000.0,19
3937,CM61-BEAD-KY-02-2,KY,1177830.36,50.0,0.0,0.0,L,True,126,0,50.0,5000.0,5000.0,19
3938,CM61-BEAD-KY-02-3,KY,1075064.88,50.0,0.0,0.0,L,True,2458,0,50.0,5000.0,5000.0,19
3939,CM61-BEAD-KY-02-4,KY,61602.84,50.0,0.0,0.0,L,True,156,0,50.0,5000.0,5000.0,19
3940,CM61-BEAD-KY-02-5,KY,352181.4,50.0,0.0,0.0,L,True,60,0,50.0,5000.0,5000.0,19
3941,CM61-BEAD-KY-02-6,KY,235658.58,50.0,0.0,0.0,L,True,158,0,50.0,5000.0,5000.0,19
3942,CM61-BEAD-KY-03-0,KY,150598.5,0.0,0.0,0.0,L,True,65,0,72.0,1000.0,1000.0,19
3943,CM61-BEAD-KY-03-1,KY,824008.12,0.0,0.0,0.0,L,True,299,0,72.0,1000.0,1000.0,19
3944,CM61-BEAD-KY-03-2,KY,2138046.84,0.0,0.0,0.0,L,True,1164,0,72.0,1000.0,1000.0,19
3945,CM61-BEAD-KY-04-0,KY,2030698.88,100.0,0.0,0.0,L,True,776,0,50.0,2000.0,2000.0,19
3946,CM61-BEAD-KY-04-1,KY,4070300.0,100.0,0.0,0.0,L,True,1313,0,50.0,2000.0,2000.0,19
3947,CM61-BEAD-KY-04-2,KY,4992551.8,200.0,0.0,0.0,L,True,1990,0,50.0,2000.0,2000.0,19
3948,CM61-BEAD-KY-04-3,KY,4544579.62,200.0,0.0,0.0,L,True,1306,0,50.0,2000.0,2000.0,19
3949,CM61-BEAD-KY-04-4,KY,2321787.52,100.0,0.0,0.0,L,True,358,0,50.0,2000.0,2000.0,19
3950,CM61-BEAD-KY-05-0,KY,9596748.96,400.0,0.0,0.0,L,True,1454,0,50.0,2000.0,2000.0,19
3951,CM61-BEAD-KY-05-1,KY,8771879.6,400.0,0.0,0.0,L,True,1420,0,50.0,2000.0,2000.0,19
3952,CM61-BEAD-KY-05-2,KY,389176.2,200.0,0.0,0.0,L,True,420,0,50.0,2000.0,2000.0,19
3953,CM61-BEAD-KY-06-0,KY,174228.8,20.0,0.0,0.0,L,True,160,0,50.0,1000.0,1000.0,19
3954,CM61-BEAD-KY-07-0,KY,9796343.48,200.0,0.0,0.0,L,True,1651,0,50.0,2000.0,2000.0,19
3955,CM61-BEAD-KY-07-1,KY,7163191.0,100.0,0.0,0.0,L,True,803,0,50.0,2000.0,2000.0,19
3956,CM61-BEAD-KY-08-0,KY,715000.0,40.0,0.0,0.0,L,True,65,0,50.0,1000.0,1000.0,19
3957,CM61-BEAD-KY-09-0,KY,3865936.48,0.0,0.0,0.0,L,True,2228,0,72.0,1000.0,200.0,19
3958,CM61-BEAD-KY-10-0,KY,5848623.34,100.0,0.0,0.0,L,True,686,0,50.0,10000.0,10000.0,19
3959,CM61-BEAD-KY-11-0,KY,858000.0,20.0,0.0,0.0,L,True,78,0,50.0,1000.0,1000.0,19
3960,CM61-BEAD-KY-12-0,KY,88000.0,5.0,0.0,0.0,L,True,8,0,50.0,5000.0,5000.0,19
3961,CM61-BEAD-KY-12-1,KY,203692.05,15.0,0.0,0.0,L,True,27,0,50.0,5000.0,5000.0,19
3962,CM61-BEAD-KY-13-0,KY,30121973.82,0.0,0.0,0.0,L,False,18283,0,61.0,450.0,55.0,19
3963,CM61-BEAD-KY-14-0,KY,15698084.99,200.0,0.0,0.0,L,True,1800,0,50.0,1000.0,1000.0,19
3964,CM61-BEAD-KY-14-1,KY,1782911.6,100.0,0.0,0.0,L,True,185,0,50.0,1000.0,1000.0,19
3965,CM61-BEAD-KY-14-10,KY,896265.03,100.0,0.0,0.0,L,True,151,0,50.0,1000.0,1000.0,19
3966,CM61-BEAD-KY-14-11,KY,1264043.0,100.0,0.0,0.0,L,True,220,0,50.0,1000.0,1000.0,19
3967,CM61-BEAD-KY-14-12,KY,2910105.35,100.0,0.0,0.0,L,True,521,0,50.0,1000.0,1000.0,19
3968,CM61-BEAD-KY-14-13,KY,4165927.44,100.0,0.0,0.0,L,True,794,0,50.0,1000.0,1000.0,19
3969,CM61-BEAD-KY-14-14,KY,1940361.4,100.0,0.0,0.0,L,True,526,0,50.0,1000.0,1000.0,19
3970,CM61-BEAD-KY-14-15,KY,2309375.83,100.0,0.0,0.0,L,True,894,0,50.0,1000.0,1000.0,19
3971,CM61-BEAD-KY-14-16,KY,1280813.24,100.0,0.0,0.0,L,True,587,0,50.0,1000.0,1000.0,19
3972,CM61-BEAD-KY-14-2,KY,11073754.27,200.0,0.0,0.0,L,True,1207,0,50.0,1000.0,1000.0,19
3973,CM61-BEAD-KY-14-3,KY,14612685.3,100.0,0.0,0.0,L,True,1865,0,50.0,1000.0,1000.0,19
3974,CM61-BEAD-KY-14-4,KY,7028220.32,100.0,0.0,0.0,L,True,904,0,50.0,1000.0,1000.0,19
3975,CM61-BEAD-KY-14-5,KY,3751524.98,100.0,0.0,0.0,L,True,497,0,50.0,1000.0,1000.0,19
3976,CM61-BEAD-KY-14-6,KY,860434.4,100.0,0.0,0.0,L,True,112,0,50.0,1000.0,1000.0,19
3977,CM61-BEAD-KY-14-7,KY,11716997.6,200.0,0.0,0.0,L,True,1624,0,50.0,1000.0,1000.0,19
3978,CM61-BEAD-KY-14-8,KY,858467.4,100.0,0.0,0.0,L,True,140,0,50.0,1000.0,1000.0,19
3979,CM61-BEAD-KY-14-9,KY,5320314.95,100.0,0.0,0.0,L,True,881,0,50.0,1000.0,1000.0,19
3980,CM61-BEAD-KY-15-0,KY,3434526.9,190.0,0.0,0.0,L,True,400,0,50.0,2000.0,2000.0,19
3981,CM61-BEAD-KY-15-1,KY,12718472.09,400.0,0.0,0.0,L,True,1208,0,50.0,2000.0,2000.0,19
3982,CM61-BEAD-KY-15-10,KY,2251828.93,200.0,0.0,0.0,L,True,251,0,50.0,2000.0,2000.0,19
3983,CM61-BEAD-KY-15-11,KY,1592955.28,150.0,0.0,0.0,L,True,192,0,50.0,2000.0,2000.0,19
3984,CM61-BEAD-KY-15-12,KY,461094.57,100.0,0.0,0.0,L,True,153,0,50.0,2000.0,2000.0,19
3985,CM61-BEAD-KY-15-13,KY,601815.36,50.0,0.0,0.0,L,True,74,0,50.0,2000.0,2000.0,19
3986,CM61-BEAD-KY-15-14,KY,339123.96,30.0,0.0,0.0,L,True,42,0,50.0,2000.0,2000.0,19
3987,CM61-BEAD-KY-15-15,KY,4999562.2,300.0,0.0,0.0,L,True,620,0,50.0,2000.0,2000.0,19
3988,CM61-BEAD-KY-15-16,KY,1813207.0,150.0,0.0,0.0,L,True,220,0,50.0,2000.0,2000.0,19
3989,CM61-BEAD-KY-15-17,KY,15641.76,1.0,0.0,0.0,L,True,2,0,50.0,2000.0,2000.0,19
3990,CM61-BEAD-KY-15-18,KY,92221.92,5.0,0.0,0.0,L,True,12,0,50.0,2000.0,2000.0,19
3991,CM61-BEAD-KY-15-19,KY,4205937.5,200.0,0.0,0.0,L,True,626,0,50.0,2000.0,2000.0,19
3992,CM61-BEAD-KY-15-2,KY,301194.24,14.0,0.0,0.0,L,True,64,0,50.0,2000.0,2000.0,19
3993,CM61-BEAD-KY-15-20,KY,187335.96,5.0,0.0,0.0,L,True,42,0,50.0,2000.0,2000.0,19
3994,CM61-BEAD-KY-15-21,KY,3637187.5,300.0,0.0,0.0,L,True,565,0,50.0,2000.0,2000.0,19
3995,CM61-BEAD-KY-15-22,KY,1656734.23,150.0,0.0,0.0,L,True,277,0,50.0,2000.0,2000.0,19
3996,CM61-BEAD-KY-15-23,KY,1148922.45,5.0,0.0,0.0,L,True,195,0,50.0,2000.0,2000.0,19
3997,CM61-BEAD-KY-15-24,KY,2459794.28,150.0,0.0,0.0,L,True,436,0,50.0,2000.0,2000.0,19
3998,CM61-BEAD-KY-15-25,KY,914764.58,100.0,0.0,0.0,L,True,166,0,50.0,2000.0,2000.0,19
3999,CM61-BEAD-KY-15-26,KY,2322443.24,150.0,0.0,0.0,L,True,422,0,50.0,2000.0,2000.0,19
4000,CM61-BEAD-KY-15-27,KY,1994890.56,200.0,0.0,0.0,L,True,376,0,50.0,2000.0,2000.0,19
4001,CM61-BEAD-KY-15-28,KY,1830572.46,150.0,0.0,0.0,L,True,296,0,50.0,2000.0,2000.0,19
4002,CM61-BEAD-KY-15-29,KY,1540804.26,150.0,0.0,0.0,L,True,291,0,50.0,2000.0,2000.0,19
4003,CM61-BEAD-KY-15-3,KY,14812591.06,300.0,0.0,0.0,L,True,1779,0,50.0,2000.0,2000.0,19
4004,CM61-BEAD-KY-15-30,KY,502380.34,50.0,0.0,0.0,L,True,98,0,50.0,2000.0,2000.0,19
4005,CM61-BEAD-KY-15-4,KY,12738158.22,200.0,0.0,0.0,L,True,1469,0,50.0,2000.0,2000.0,19
4006,CM61-BEAD-KY-15-5,KY,6636439.8,300.0,0.0,0.0,L,True,889,0,50.0,2000.0,2000.0,19
4007,CM61-BEAD-KY-15-6,KY,1513839.0,100.0,0.0,0.0,L,True,310,0,50.0,2000.0,2000.0,19
4008,CM61-BEAD-KY-15-7,KY,3580151.4,200.0,0.0,0.0,L,True,723,0,50.0,2000.0,2000.0,19
4009,CM61-BEAD-KY-15-8,KY,4729494.87,200.0,0.0,0.0,L,True,531,0,50.0,2000.0,2000.0,19
4010,CM61-BEAD-KY-15-9,KY,2843202.93,100.0,0.0,0.0,L,True,321,0,50.0,2000.0,2000.0,19
4011,CM61-BEAD-KY-16-0,KY,262635.6,0.0,0.0,0.0,L,True,120,0,72.0,5000.0,100.0,19
4012,CM61-BEAD-KY-16-1,KY,875763.18,0.0,0.0,0.0,L,True,1791,0,72.0,1000.0,100.0,19
4013,CM61-BEAD-KY-17-0,KY,2624520.64,50.0,0.0,0.0,L,True,240,0,50.0,10000.0,10000.0,19
4014,CM61-BEAD-KY-18-0,KY,17237000.0,300.0,0.0,0.0,L,True,1567,0,50.0,1000.0,1000.0,19
4015,CM61-BEAD-KY-19-0,KY,1325593.44,50.0,0.0,0.0,L,True,144,0,50.0,1000.0,1000.0,19
4016,CM61-BEAD-KY-19-1,KY,610525.65,50.0,0.0,0.0,L,True,104,0,50.0,1000.0,1000.0,19
4017,CM61-BEAD-KY-19-2,KY,648831.28,75.0,0.0,0.0,L,True,326,0,50.0,1000.0,1000.0,19
4018,CM61-BEAD-KY-19-3,KY,1625734.53,125.0,0.0,0.0,L,True,1104,0,50.0,1000.0,1000.0,19
4019,CM61-BEAD-KY-19-4,KY,83436.6,50.0,0.0,0.0,L,True,76,0,50.0,1000.0,1000.0,19
4020,CM61-BEAD-KY-19-5,KY,87853.56,50.0,0.0,0.0,L,True,139,0,50.0,1000.0,1000.0,19
4021,CM61-BEAD-KY-20-0,KY,8959407.1,150.0,0.0,0.0,L,True,863,0,50.0,5000.0,5000.0,19
4022,CM61-BEAD-KY-20-1,KY,2954331.13,150.0,0.0,0.0,L,True,353,0,50.0,5000.0,5000.0,19
4023,CM61-BEAD-KY-20-2,KY,12292775.04,200.0,0.0,0.0,L,True,1824,0,50.0,5000.0,5000.0,19
4024,CM61-BEAD-KY-21-0,KY,22323027.73,1400.0,0.0,0.0,L,True,10160,0,50.0,2000.0,2000.0,19
4025,CM61-BEAD-AZ-12-606,AZ,13106648.0,387.0,368.0,156.0,L,True,19057,107,50.0,1000.0,1000.0,9
4026,CM61-BEAD-AZ-12-655,AZ,859200.0,87.0,21.0,44.0,L,True,1049,21,50.0,810.4861773117253,783.4127740705427,9
4027,CM61-BEAD-AZ-12-656,AZ,284000.0,10.0,2.0,10.0,L,True,344,41,71.0,393.60465116279084,306.97674418604635,9
4028,CM61-BEAD-AZ-12-657,AZ,1158400.0,66.0,0.0,32.0,L,True,1410,4,71.0,410.21276595744746,325.95744680851095,9
4029,CM61-BEAD-AZ-12-658,AZ,1622400.0,65.0,0.0,52.0,L,True,1780,104,71.0,622.0786516853918,568.0898876404484,9
4030,CM61-BEAD-AZ-12-660,AZ,2446400.0,27.0,0.0,33.0,L,True,3000,110,71.0,335.0000000000001,239.99999999999952,9
4031,CM61-BEAD-AZ-12-661,AZ,1884800.0,147.0,0.0,55.0,L,True,2247,96,71.0,476.32398753894114,401.51312861593215,9
4032,CM61-BEAD-AZ-12-662,AZ,892800.0,46.0,0.0,22.0,L,True,1095,15,71.0,485.3881278538815,411.8721461187216,9
4033,CM61-BEAD-AZ-12-663,AZ,631200.0,10.0,0.0,17.0,L,True,754,28,71.0,332.493368700265,237.13527851458883,9
4034,CM61-BEAD-AZ-12-664,AZ,644000.0,9.0,0.0,15.0,L,True,788,48,71.0,342.63959390862965,248.73096446700515,9
4035,CM61-BEAD-AZ-14-612,AZ,10939608.18,107.0,113.0,119.0,L,True,2753,0,50.0,311.0,311.0,9
4036,CM61-BEAD-AZ-14-613,AZ,6408818.493,79.0,121.0,138.0,L,True,14099,39,50.0,312.9058798496348,312.9058798496348,9
4037,CM61-BEAD-AZ-14-614,AZ,9628086.0,147.0,80.0,75.0,L,True,1789,21,50.0,319.08775852431523,319.08775852431523,9
4038,CM61-BEAD-AZ-14-615,AZ,7235539.488,82.0,120.0,112.0,L,True,2194,28,50.0,319.7930720145852,319.7930720145852,9
4039,CM61-BEAD-AZ-14-616,AZ,33610120.94,400.0,374.0,410.0,L,True,8513,2,50.0,311.16187008105254,311.16187008105254,9
4040,CM61-BEAD-AZ-14-617,AZ,4836336.545,19.0,25.0,38.0,L,True,763,0,50.0,311.0,311.0,9
4041,CM61-BEAD-AZ-14-618,AZ,10494556.67,153.0,27.0,83.0,L,True,3572,0,50.0,311.0,311.0,9
4042,CM61-BEAD-AZ-14-619,AZ,14280447.56,151.0,127.0,130.0,L,True,3105,1,50.0,311.2219001610306,311.2219001610306,9
4043,CM61-BEAD-AZ-14-621,AZ,11313764.58,57.0,51.0,106.0,L,True,3322,11,50.0,313.2814569536424,313.2814569536424,9
4044,CM61-BEAD-AZ-14-623,AZ,6248662.65,45.0,39.0,58.0,L,True,3550,8,50.0,312.55267605633804,312.55267605633804,9
4045,CM61-BEAD-AZ-14-624,AZ,4182874.261,40.0,10.0,48.0,L,True,2989,0,50.0,311.0,311.0,9
4046,CM61-BEAD-AZ-14-625,AZ,10559581.24,118.0,107.0,101.0,L,True,5385,0,50.0,311.0,311.0,9
4047,CM61-BEAD-AZ-14-626,AZ,16742117.45,136.0,51.0,132.0,L,True,3243,2,50.0,311.4249152019735,311.4249152019735,9
4048,CM61-BEAD-AZ-14-636,AZ,15790099.48,185.0,172.0,245.0,L,True,4947,6,50.0,311.83565797453,311.83565797453,9
4049,CM61-BEAD-AZ-14-653,AZ,20045736.57,169.0,110.0,162.0,L,True,4632,3,50.0,311.44624352331607,311.44624352331607,9
4050,CM61-BEAD-AZ-14-927,AZ,6000000.0,0.0,0.0,45.0,L,True,775,0,50.0,311.0,311.0,9
4051,CM61-BEAD-AZ-14-928,AZ,7495360.0,0.0,0.0,58.0,L,True,1749,0,50.0,311.0,311.0,9
4052,CM61-BEAD-AZ-17-511,AZ,13588292.14,72.0,272.0,154.0,L,True,5576,155,50.0,9178.0,9178.0,9
4053,CM61-BEAD-AZ-17-712,AZ,6096032.19,293.0,211.0,166.0,L,True,2868,92,50.0,9178.0,9178.0,9
4054,CM61-BEAD-AZ-36-531,AZ,11039630.0,0.0,0.0,50.0,L,True,7864,0,71.0,100.0,20.0,9
4055,CM61-BEAD-AZ-36-690,AZ,5024352.0,0.0,0.0,22.0,L,True,2671,0,71.0,100.0,20.0,9
4056,CM61-BEAD-AZ-4-685,AZ,1995273.0,25.0,58.0,22.0,L,True,1112,54,50.0,2000.0,1000.0,9
4057,CM61-BEAD-AZ-4-686,AZ,3789100.0,35.0,82.0,32.0,L,True,2262,10,50.0,2000.0,1000.0,9
4058,CM61-BEAD-AZ-44-530,AZ,6994619.0,0.0,37.0,27.0,L,True,448,39,0.0,178.34821428571428,105.31249999999999,9
4059,CM61-BEAD-AZ-45-561,AZ,847135.0,0.0,0.0,5.0,L,True,397,0,71.0,1000.0,500.0,9
4060,CM61-BEAD-AZ-45-564,AZ,1429222.0,0.0,0.0,8.0,L,True,1362,0,71.0,1000.0,500.0,9
4061,CM61-BEAD-AZ-45-648,AZ,148635859.1,0.0,0.0,670.0,L,True,16940,158,71.0,108.39433293978757,29.14049586776858,9
4062,CM61-BEAD-AZ-51-718,AZ,117694.4444,0.0,0.0,1.0,L,False,70,0,61.0,450.0,55.0,9
4063,CM61-BEAD-AZ-51-719,AZ,108601.6731,0.0,0.0,1.0,L,False,62,0,61.0,450.0,55.0,9
4064,CM61-BEAD-AZ-51-724,AZ,366000.0,0.0,0.0,3.0,L,True,220,0,61.0,450.0,55.0,9
4065,CM61-BEAD-AZ-51-725,AZ,2289000.0,0.0,0.0,16.0,L,True,1266,0,61.0,450.0,55.0,9
4066,CM61-BEAD-AZ-51-726,AZ,166562.2924,0.0,0.0,1.0,L,False,94,0,61.0,450.0,55.0,9
4067,CM61-BEAD-AZ-51-728,AZ,736500.0,0.0,0.0,5.0,L,True,458,0,61.0,450.0,55.0,9
4068,CM61-BEAD-AZ-51-729,AZ,583500.0,0.0,0.0,5.0,L,False,353,0,61.0,450.0,55.0,9
4069,CM61-BEAD-AZ-51-739,AZ,384000.0,0.0,0.0,3.0,L,True,181,0,61.0,450.0,55.0,9
4070,CM61-BEAD-AZ-51-740,AZ,39195.26627,0.0,0.0,0.0,L,False,18,0,61.0,450.0,55.0,9
4071,CM61-BEAD-AZ-51-742,AZ,177000.0,0.0,0.0,1.0,L,True,94,0,61.0,450.0,55.0,9
4072,CM61-BEAD-AZ-51-744,AZ,1500.0,0.0,0.0,0.0,L,True,1,0,61.0,450.0,55.0,9
4073,CM61-BEAD-AZ-51-745,AZ,1863000.0,0.0,0.0,20.0,L,False,1169,0,61.0,450.0,55.0,9
4074,CM61-BEAD-AZ-51-746,AZ,48421.74797,0.0,0.0,0.0,L,False,31,0,61.0,450.0,55.0,9
4075,CM61-BEAD-AZ-51-747,AZ,142500.0,0.0,0.0,1.0,L,True,25,0,61.0,450.0,55.0,9
4076,CM61-BEAD-AZ-51-749,AZ,63212.64661,0.0,0.0,0.0,L,False,38,0,61.0,450.0,55.0,9
4077,CM61-BEAD-AZ-51-757,AZ,1318500.0,0.0,0.0,9.0,L,True,801,0,61.0,450.0,55.0,9
4078,CM61-BEAD-AZ-51-760,AZ,100588.2353,0.0,0.0,1.0,L,False,56,0,61.0,450.0,55.0,9
4079,CM61-BEAD-AZ-51-763,AZ,892500.0,0.0,0.0,6.0,L,True,551,0,61.0,450.0,55.0,9
4080,CM61-BEAD-AZ-51-765,AZ,193746.5753,0.0,0.0,1.0,L,False,120,0,61.0,450.0,55.0,9
4081,CM61-BEAD-AZ-51-769,AZ,18000.0,0.0,0.0,0.0,L,True,11,0,61.0,450.0,55.0,9
4082,CM61-BEAD-AZ-51-771,AZ,178235.2941,0.0,0.0,1.0,L,False,100,0,61.0,450.0,55.0,9
4083,CM61-BEAD-AZ-51-778,AZ,1462500.0,0.0,0.0,11.0,L,True,929,0,61.0,450.0,55.0,9
4084,CM61-BEAD-AZ-51-779,AZ,56385.01063,0.0,0.0,4.0,L,False,32,0,61.0,450.0,55.0,9
4085,CM61-BEAD-AZ-51-780,AZ,25691.81416,0.0,0.0,0.0,L,False,17,0,61.0,450.0,55.0,9
4086,CM61-BEAD-AZ-51-782,AZ,20632.07547,0.0,0.0,0.0,L,False,8,0,61.0,450.0,55.0,9
4087,CM61-BEAD-AZ-51-785,AZ,40606.35481,0.0,0.0,0.0,L,False,26,0,61.0,450.0,55.0,9
4088,CM61-BEAD-AZ-51-790,AZ,2326020.342,0.0,0.0,17.0,L,False,1180,0,61.0,450.0,55.0,9
4089,CM61-BEAD-AZ-51-794,AZ,58996.62033,0.0,0.0,0.0,L,False,33,0,61.0,450.0,55.0,9
4090,CM61-BEAD-AZ-51-797,AZ,3000.0,0.0,0.0,0.0,L,True,1,0,61.0,450.0,55.0,9
4091,CM61-BEAD-AZ-51-798,AZ,1500.0,0.0,0.0,0.0,L,True,1,0,61.0,450.0,55.0,9
4092,CM61-BEAD-AZ-9-694,AZ,4573679.0,91.0,51.0,84.0,L,True,1164,3,50.0,2000.0,2000.0,9
4093,CM61-BEAD-AZ-9-695,AZ,5295574.0,94.0,320.0,285.0,L,True,4462,34,50.0,2000.0,2000.0,9
4094,CM61-BEAD-AZ-9-696,AZ,3689443.0,179.0,608.0,510.0,L,True,7670,2,50.0,2000.0,2000.0,9
4095,CM61-BEAD-IN-RTC81-3324,IN,1016286.0,0.0,44.0,2.0,L,True,391,0,50.0,2500.0,2500.0,27
4096,CM61-BEAD-IN-AMG8-3474,IN,1080365.2,0.0,0.0,2.0,L,True,280,0,71.0,1000.0,500.0,27
4097,CM61-BEAD-IN-STM109-5031,IN,910314.38,0.0,31.0,27.0,L,True,172,0,50.0,2000.0,2000.0,27
4098,CM61-BEAD-IN-BSD70-1520,IN,1459.0,0.0,0.0,0.0,L,True,14,0,50.0,2000.0,2000.0,27
4099,CM61-BEAD-IN-JOI39-1654,IN,166844.0,0.0,7.0,2.0,L,True,59,0,50.0,5000.0,5000.0,27
4100,CM61-BEAD-IN-STM109-1863,IN,422953.13,0.0,13.0,27.0,L,True,170,0,50.0,2000.0,2000.0,27
4101,CM61-BEAD-IN-SPX110-6778,IN,192000.0,0.0,0.0,0.0,L,True,125,0,61.0,450.0,55.0,27
4102,CM61-BEAD-IN-CCX43-1797,IN,0.0,8.0,12.0,5.0,L,True,275,0,50.0,2000.0,2000.0,27
4103,CM61-BEAD-IN-SUR20-4003,IN,1160562.66,0.0,27.0,6.0,L,True,149,0,50.0,10000.0,10000.0,27
4104,CM61-BEAD-IN-STM109-5130,IN,526098.75,0.0,27.0,27.0,L,True,142,0,50.0,2000.0,2000.0,27
4105,CM61-BEAD-IN-LIG14-3905,IN,27250.0,0.0,1.0,0.0,L,True,109,0,50.0,8000.0,8000.0,27
4106,CM61-BEAD-IN-SPX110-5971,IN,111000.0,0.0,0.0,0.0,L,True,69,0,61.0,450.0,55.0,27
4107,CM61-BEAD-IN-SPX110-6615,IN,123000.0,0.0,0.0,0.0,L,True,80,0,61.0,450.0,55.0,27
4108,CM61-BEAD-IN-BSD70-1514,IN,36087.0,1.0,0.0,1.0,L,True,16,0,50.0,2000.0,2000.0,27
4109,CM61-BEAD-IN-JOI39-1641,IN,0.0,0.0,3.0,1.0,L,True,52,0,50.0,5000.0,5000.0,27
4110,CM61-BEAD-IN-DMR28-1338,IN,550915.0,11.0,10.0,1.0,L,True,196,0,50.0,5000.0,5000.0,27
4111,CM61-BEAD-IN-BSD70-1525,IN,0.0,0.0,0.0,0.0,L,True,3,0,50.0,2000.0,2000.0,27
4112,CM61-BEAD-IN-BSD70-1450,IN,0.0,0.0,0.0,0.0,L,True,9,0,50.0,2000.0,2000.0,27
4113,CM61-BEAD-IN-CCX43-1800,IN,0.0,2.0,3.0,5.0,L,True,69,0,50.0,2000.0,2000.0,27
4114,CM61-BEAD-IN-SPX110-7060,IN,135000.0,0.0,0.0,0.0,L,False,89,0,61.0,450.0,55.0,27
4115,CM61-BEAD-IN-BSD70-1446,IN,21249.0,1.0,0.0,2.0,L,True,8,0,50.0,2000.0,2000.0,27
4116,CM61-BEAD-IN-BSD70-1434,IN,219673.0,14.0,1.0,2.0,L,True,57,0,50.0,2000.0,2000.0,27
4117,CM61-BEAD-IN-JOI39-1625,IN,45252.0,0.0,8.0,3.0,L,True,149,0,50.0,5000.0,5000.0,27
4118,CM61-BEAD-IN-JOI39-1617,IN,0.0,0.0,1.0,1.0,L,True,2,0,50.0,5000.0,5000.0,27
4119,CM61-BEAD-IN-BSD70-1438,IN,0.0,0.0,0.0,0.0,L,True,12,0,50.0,2000.0,2000.0,27
4120,CM61-BEAD-IN-JOI39-1660,IN,43050.0,0.0,2.0,1.0,L,True,15,0,50.0,5000.0,5000.0,27
4121,CM61-BEAD-IN-STM109-5043,IN,651543.75,0.0,31.0,27.0,L,True,112,0,50.0,2000.0,2000.0,27
4122,CM61-BEAD-IN-DMR28-1337,IN,125765.0,0.0,3.0,0.0,L,True,57,0,50.0,5000.0,5000.0,27
4123,CM61-BEAD-IN-SPX110-6298,IN,78000.0,0.0,0.0,0.0,L,True,47,0,61.0,450.0,55.0,27
4124,CM61-BEAD-IN-JOI39-1650,IN,0.0,0.0,2.0,1.0,L,True,38,0,50.0,5000.0,5000.0,27
4125,CM61-BEAD-IN-BSD70-1432,IN,0.0,0.0,0.0,0.0,L,True,2,0,50.0,2000.0,2000.0,27
4126,CM61-BEAD-IN-JOI39-1631,IN,2171.0,0.0,1.0,1.0,L,True,7,0,50.0,5000.0,5000.0,27
4127,CM61-BEAD-IN-MSF25-1573,IN,27443.0,8.0,3.0,70.0,L,True,32,0,50.0,10000.0,10000.0,27
4128,CM61-BEAD-IN-STM109-1834,IN,1238891.25,0.0,54.0,27.0,L,True,200,0,50.0,2000.0,2000.0,27
4129,CM61-BEAD-IN-JOI39-1633,IN,0.0,0.0,1.0,1.0,L,True,2,0,50.0,5000.0,5000.0,27
4130,CM61-BEAD-IN-STM109-5075,IN,692135.63,0.0,28.0,27.0,L,True,193,0,50.0,2000.0,2000.0,27
4131,CM61-BEAD-IN-JOI39-1662,IN,0.0,0.0,1.0,1.0,L,True,3,0,50.0,5000.0,5000.0,27
4132,CM61-BEAD-IN-BSD70-1485,IN,0.0,0.0,0.0,0.0,L,True,5,0,50.0,2000.0,2000.0,27
4133,CM61-BEAD-IN-FRO22-4139,IN,332046.0,4.0,1.0,16.0,L,True,220,0,50.0,7000.0,7000.0,27
4134,CM61-BEAD-IN-JOI39-1623,IN,13372.0,0.0,2.0,1.0,L,True,11,0,50.0,5000.0,5000.0,27
4135,CM61-BEAD-IN-BSD70-1527,IN,0.0,0.0,0.0,0.0,L,True,1,0,50.0,2000.0,2000.0,27
4136,CM61-BEAD-IN-AMG8-3351,IN,31490.0,0.0,0.0,2.0,L,True,70,0,71.0,1000.0,500.0,27
4137,CM61-BEAD-IN-CCX43-1724,IN,745880.0,5.0,8.0,5.0,L,True,118,0,50.0,2000.0,2000.0,27
4138,CM61-BEAD-IN-JOI39-1663,IN,8061.0,0.0,2.0,1.0,L,True,17,0,50.0,5000.0,5000.0,27
4139,CM61-BEAD-IN-SPX110-6646,IN,52500.0,0.0,0.0,0.0,L,True,33,0,61.0,450.0,55.0,27
4140,CM61-BEAD-IN-JOI39-1634,IN,767.0,0.0,1.0,1.0,L,True,2,0,50.0,5000.0,5000.0,27
4141,CM61-BEAD-IN-JOI39-1624,IN,784445.0,0.0,27.0,8.0,L,True,204,0,50.0,5000.0,5000.0,27
4142,CM61-BEAD-IN-ATT30-2070,IN,6302.0,0.0,1.0,0.0,L,True,2,0,50.0,5000.0,5000.0,27
4143,CM61-BEAD-IN-JOI39-1619,IN,13529.0,0.0,3.0,1.0,L,True,36,0,50.0,5000.0,5000.0,27
4144,CM61-BEAD-IN-JOI39-1630,IN,0.0,0.0,1.0,1.0,L,True,20,0,50.0,5000.0,5000.0,27
4145,CM61-BEAD-IN-BSD70-1443,IN,0.0,0.0,0.0,0.0,L,True,1,0,50.0,2000.0,2000.0,27
4146,CM61-BEAD-IN-JOI39-1681,IN,77122.0,0.0,5.0,2.0,L,True,47,0,50.0,5000.0,5000.0,27
4147,CM61-BEAD-IN-SUR20-4002,IN,328658.61,0.0,7.0,6.0,L,True,46,0,50.0,10000.0,10000.0,27
4148,CM61-BEAD-IN-CCX43-1740,IN,283028.0,4.0,6.0,5.0,L,True,94,0,50.0,2000.0,2000.0,27
4149,CM61-BEAD-IN-BSD70-1441,IN,0.0,0.0,0.0,0.0,L,True,19,0,50.0,2000.0,2000.0,27
4150,CM61-BEAD-IN-STM109-1890,IN,877850.63,0.0,10.0,27.0,L,True,240,0,50.0,2000.0,2000.0,27
4151,CM61-BEAD-IN-JOI39-1666,IN,0.0,0.0,1.0,1.0,L,True,1,0,50.0,5000.0,5000.0,27
4152,CM61-BEAD-IN-OCR60-5298,IN,25418.88,0.0,0.0,3.0,L,True,18,0,50.0,10000.0,10000.0,27
4153,CM61-BEAD-IN-SUR20-4007,IN,1337971.62,0.0,30.0,6.0,L,True,288,0,50.0,10000.0,10000.0,27
4154,CM61-BEAD-IN-ATT30-2084,IN,231515.0,1.0,2.0,0.0,L,True,14,0,50.0,5000.0,5000.0,27
4155,CM61-BEAD-IN-BSD70-1529,IN,0.0,0.0,0.0,0.0,L,True,1,0,50.0,2000.0,2000.0,27
4156,CM61-BEAD-IN-BSD70-1463,IN,0.0,0.0,0.0,0.0,L,True,1,0,50.0,2000.0,2000.0,27
4157,CM61-BEAD-IN-JOI39-1657,IN,0.0,0.0,1.0,1.0,L,True,1,0,50.0,5000.0,5000.0,27
4158,CM61-BEAD-IN-JOI39-1672,IN,1950.0,0.0,1.0,1.0,L,True,5,0,50.0,5000.0,5000.0,27
4159,CM61-BEAD-IN-BSD70-1534,IN,0.0,0.0,0.0,0.0,L,True,44,0,50.0,2000.0,2000.0,27
4160,CM61-BEAD-IN-MSF25-1370,IN,39229.0,1.0,1.0,70.0,L,True,10,0,50.0,10000.0,10000.0,27
4161,CM61-BEAD-IN-ATT30-2068,IN,300049.0,1.0,2.0,0.0,L,True,106,0,50.0,5000.0,5000.0,27
4162,CM61-BEAD-IN-JOI39-1636,IN,2193.0,0.0,1.0,1.0,L,True,6,0,50.0,5000.0,5000.0,27
4163,CM61-BEAD-IN-BSD70-1440,IN,0.0,0.0,0.0,0.0,L,True,44,0,50.0,2000.0,2000.0,27
4164,CM61-BEAD-IN-SPX110-6724,IN,216000.0,0.0,0.0,0.0,L,True,136,0,61.0,450.0,55.0,27
4165,CM61-BEAD-IN-BSD70-1436,IN,0.0,0.0,0.0,0.0,L,True,1,0,50.0,2000.0,2000.0,27
4166,CM61-BEAD-IN-JOI39-1629,IN,0.0,0.0,1.0,1.0,L,True,3,0,50.0,5000.0,5000.0,27
4167,CM61-BEAD-IN-JOI39-1649,IN,11168.0,0.0,2.0,1.0,L,True,26,0,50.0,5000.0,5000.0,27
4168,CM61-BEAD-IN-JOI39-1644,IN,0.0,0.0,2.0,1.0,L,True,34,0,50.0,5000.0,5000.0,27
4169,CM61-BEAD-IN-BSD70-4781,IN,0.0,0.0,0.0,0.0,L,True,1,0,50.0,2000.0,2000.0,27
4170,CM61-BEAD-IN-ATT30-2069,IN,46707.0,1.0,0.0,0.0,L,True,5,0,50.0,5000.0,5000.0,27
4171,CM61-BEAD-IN-JOI39-1659,IN,0.0,0.0,1.0,1.0,L,True,7,0,50.0,5000.0,5000.0,27
4172,CM61-BEAD-IN-JOI39-1661,IN,0.0,0.0,1.0,1.0,L,True,1,0,50.0,5000.0,5000.0,27
4173,CM61-BEAD-IN-AMG8-3371,IN,288875.95,0.0,0.0,2.0,L,False,201,0,71.0,1000.0,500.0,27
4174,CM61-BEAD-IN-SPX110-5832,IN,13500.0,0.0,0.0,0.0,L,True,9,0,61.0,450.0,55.0,27
4175,CM61-BEAD-IN-JOI39-1621,IN,0.0,0.0,1.0,1.0,L,True,1,0,50.0,5000.0,5000.0,27
4176,CM61-BEAD-IN-JOI39-1643,IN,0.0,0.0,1.0,1.0,L,True,2,0,50.0,5000.0,5000.0,27
4177,CM61-BEAD-IN-JOI39-1635,IN,12766.0,0.0,1.0,1.0,L,True,3,0,50.0,5000.0,5000.0,27
4178,CM61-BEAD-IN-JOI39-1667,IN,0.0,0.0,1.0,1.0,L,True,5,0,50.0,5000.0,5000.0,27
4179,CM61-BEAD-IN-JOI39-1620,IN,0.0,0.0,1.0,1.0,L,True,3,0,50.0,5000.0,5000.0,27
4180,CM61-BEAD-IN-JOI39-1648,IN,37310.0,0.0,4.0,1.0,L,True,48,0,50.0,5000.0,5000.0,27
4181,CM61-BEAD-IN-JOI39-1670,IN,446.0,0.0,1.0,1.0,L,True,1,0,50.0,5000.0,5000.0,27
4182,CM61-BEAD-IN-JOI39-1627,IN,0.0,0.0,1.0,1.0,L,True,2,0,50.0,5000.0,5000.0,27
4183,CM61-BEAD-IN-JOI39-1640,IN,0.0,0.0,1.0,1.0,L,True,1,0,50.0,5000.0,5000.0,27
4184,CM61-BEAD-IN-SPX110-6403,IN,192000.0,0.0,0.0,0.0,L,True,116,0,61.0,450.0,55.0,27
4185,CM61-BEAD-IN-JOI39-1646,IN,0.0,0.0,1.0,1.0,L,True,2,0,50.0,5000.0,5000.0,27
4186,CM61-BEAD-IN-JOI39-1671,IN,925.0,0.0,1.0,1.0,L,True,3,0,50.0,5000.0,5000.0,27
4187,CM61-BEAD-IN-BSD70-1533,IN,0.0,0.0,0.0,0.0,L,True,35,0,50.0,2000.0,2000.0,27
4188,CM61-BEAD-IN-JOI39-1658,IN,0.0,0.0,1.0,1.0,L,True,2,0,50.0,5000.0,5000.0,27
4189,CM61-BEAD-IN-BSD70-4779,IN,0.0,0.0,0.0,0.0,L,True,1,0,50.0,2000.0,2000.0,27
4190,CM61-BEAD-IN-SEI23-1950,IN,94699.15,0.0,1.0,1.0,L,True,11,0,50.0,1000.0,1000.0,27
4191,CM61-BEAD-IN-SUR20-1685,IN,6250240.34,0.0,228.0,6.0,L,True,2239,0,50.0,10000.0,10000.0,27
4192,CM61-BEAD-IN-SUR20-1749,IN,3464525.51,0.0,178.0,6.0,L,True,1170,2,50.0,10000.0,10000.0,27
4193,CM61-BEAD-IN-SPX110-6962,IN,25500.0,0.0,0.0,0.0,L,True,16,0,61.0,450.0,55.0,27
4194,CM61-BEAD-IN-AMG8-3423,IN,289048.2,0.0,0.0,2.0,L,False,210,0,71.0,1000.0,500.0,27
4195,CM61-BEAD-IN-SUR20-1220,IN,2586160.53,0.0,62.0,6.0,L,True,427,0,50.0,10000.0,10000.0,27
4196,CM61-BEAD-IN-SPX110-6890,IN,60000.0,0.0,0.0,0.0,L,True,38,0,61.0,450.0,55.0,27
4197,CM61-BEAD-IN-STM109-1922,IN,2160210.0,0.0,105.0,27.0,L,True,428,0,50.0,2000.0,2000.0,27
4198,CM61-BEAD-IN-AMG8-3477,IN,432778.35,0.0,0.0,2.0,L,True,400,0,71.0,1000.0,500.0,27
4199,CM61-BEAD-IN-AMG8-3431,IN,297355.4,0.0,0.0,2.0,L,True,307,0,71.0,1000.0,500.0,27
4200,CM61-BEAD-IN-STM109-1912,IN,4785791.25,0.0,202.0,27.0,L,True,896,0,50.0,2000.0,2000.0,27
4201,CM61-BEAD-IN-STM109-7151,IN,1142190.99,0.0,31.0,27.0,L,True,496,0,50.0,2000.0,2000.0,27
4202,CM61-BEAD-IN-SPX110-6406,IN,40500.0,0.0,0.0,0.0,L,True,25,0,61.0,450.0,55.0,27
4203,CM61-BEAD-IN-STM109-1896,IN,2233567.5,0.0,118.0,27.0,L,True,285,0,50.0,2000.0,2000.0,27
4204,CM61-BEAD-IN-SUR20-1683,IN,6540464.87,0.0,189.0,6.0,L,True,1936,0,50.0,10000.0,10000.0,27
4205,CM61-BEAD-IN-SCI62-1586,IN,485072.16,0.0,9.0,20.0,L,True,120,0,50.0,10000.0,10000.0,27
4206,CM61-BEAD-IN-STM109-4841,IN,1047138.75,0.0,44.0,27.0,L,True,355,0,50.0,2000.0,2000.0,27
4207,CM61-BEAD-IN-STM109-1905,IN,5797931.25,0.0,213.0,27.0,L,True,870,0,50.0,2000.0,2000.0,27
4208,CM61-BEAD-IN-DCR66-5304,IN,5217824.0,270.0,34.0,4.0,L,True,599,0,50.0,1000.0,1000.0,27
4209,CM61-BEAD-IN-SPX110-6399,IN,9000.0,0.0,0.0,0.0,L,True,6,0,61.0,450.0,55.0,27
4210,CM61-BEAD-IN-CCX43-1711,IN,1788600.0,24.0,35.0,5.0,L,True,542,0,50.0,2000.0,2000.0,27
4211,CM61-BEAD-IN-STM109-7126,IN,2687649.46,0.0,118.0,27.0,L,True,714,0,50.0,2000.0,2000.0,27
4212,CM61-BEAD-IN-STM109-4868,IN,1455123.75,0.0,57.0,27.0,L,True,399,0,50.0,2000.0,2000.0,27
4213,CM61-BEAD-IN-PPE89-1748,IN,1304148.0,23.0,10.0,25.0,L,True,194,0,50.0,10000.0,10000.0,27
4214,CM61-BEAD-IN-SPX110-7019,IN,375000.0,0.0,0.0,0.0,L,True,238,0,61.0,450.0,55.0,27
4215,CM61-BEAD-IN-SUR20-1686,IN,595080.69,0.0,25.0,6.0,L,True,159,0,50.0,10000.0,10000.0,27
4216,CM61-BEAD-IN-STM109-1924,IN,2629974.38,0.0,112.0,27.0,L,True,667,0,50.0,2000.0,2000.0,27
4217,CM61-BEAD-IN-SPX110-6878,IN,12000.0,0.0,0.0,0.0,L,True,8,0,61.0,450.0,55.0,27
4218,CM61-BEAD-IN-STM109-1920,IN,2541815.63,0.0,114.0,27.0,L,True,463,0,50.0,2000.0,2000.0,27
4219,CM61-BEAD-IN-SUR20-3999,IN,648777.19,0.0,28.0,6.0,L,True,123,0,50.0,10000.0,10000.0,27
4220,CM61-BEAD-IN-STM109-1849,IN,934820.63,0.0,30.0,27.0,L,True,131,0,50.0,2000.0,2000.0,27
4221,CM61-BEAD-IN-STM109-1928,IN,3372541.88,0.0,164.0,27.0,L,True,650,0,50.0,2000.0,2000.0,27
4222,CM61-BEAD-IN-STM109-1927,IN,4909591.88,0.0,246.0,27.0,L,True,715,0,50.0,2000.0,2000.0,27
4223,CM61-BEAD-IN-BSD70-1462,IN,2000557.0,66.0,9.0,5.0,L,True,612,0,50.0,2000.0,2000.0,27
4224,CM61-BEAD-IN-STM109-1874,IN,2047747.5,0.0,90.0,27.0,L,True,642,2,50.0,2000.0,2000.0,27
4225,CM61-BEAD-IN-STM109-1925,IN,1696177.5,0.0,66.0,27.0,L,True,300,0,50.0,2000.0,2000.0,27
4226,CM61-BEAD-IN-SUR20-3931,IN,91200.0,0.0,14.0,6.0,L,True,228,0,50.0,10000.0,10000.0,27
4227,CM61-BEAD-IN-SPX110-6978,IN,49500.0,0.0,0.0,0.0,L,True,29,0,61.0,450.0,55.0,27
4228,CM61-BEAD-IN-STM109-1940,IN,3850293.75,0.0,188.0,27.0,L,True,758,0,50.0,2000.0,2000.0,27
4229,CM61-BEAD-IN-SPX110-5857,IN,49500.0,0.0,0.0,0.0,L,True,31,0,61.0,450.0,55.0,27
4230,CM61-BEAD-IN-SUR20-3924,IN,2708056.84,0.0,80.0,6.0,L,True,1119,0,50.0,10000.0,10000.0,27
4231,CM61-BEAD-IN-STM109-4831,IN,1438501.88,0.0,65.0,27.0,L,True,444,0,50.0,2000.0,2000.0,27
4232,CM61-BEAD-IN-AMG8-3573,IN,294564.95,0.0,0.0,2.0,L,True,224,0,71.0,1000.0,500.0,27
4233,CM61-BEAD-IN-DCR66-5306,IN,1804008.0,81.0,15.0,4.0,L,True,310,0,50.0,1000.0,1000.0,27
4234,CM61-BEAD-IN-STM109-4874,IN,892222.5,0.0,33.0,27.0,L,True,338,0,50.0,2000.0,2000.0,27
4235,CM61-BEAD-IN-AMG8-3526,IN,431779.3,0.0,0.0,2.0,L,True,387,0,71.0,1000.0,500.0,27
4236,CM61-BEAD-IN-ATT30-4819,IN,447264.71,7.0,11.0,0.0,L,True,117,0,50.0,5000.0,5000.0,27
4237,CM61-BEAD-IN-STM109-1880,IN,974325.0,0.0,39.0,27.0,L,True,196,0,50.0,2000.0,2000.0,27
4238,CM61-BEAD-IN-STM109-1906,IN,2939397.03,0.0,129.0,27.0,L,True,677,0,50.0,2000.0,2000.0,27
4239,CM61-BEAD-IN-SPX110-6425,IN,175500.0,0.0,0.0,0.0,L,True,106,0,61.0,450.0,55.0,27
4240,CM61-BEAD-IN-LIG14-1939,IN,2805000.0,0.0,51.0,4.0,L,True,561,0,50.0,8000.0,8000.0,27
4241,CM61-BEAD-IN-STM109-1900,IN,2639857.5,0.0,81.0,27.0,L,True,493,0,50.0,2000.0,2000.0,27
4242,CM61-BEAD-IN-STM109-1839,IN,4279561.88,0.0,189.0,27.0,L,True,949,0,50.0,2000.0,2000.0,27
4243,CM61-BEAD-IN-JOI39-1616,IN,2632388.15,0.0,83.0,22.0,L,True,420,0,50.0,5000.0,5000.0,27
4244,CM61-BEAD-IN-STM109-7143,IN,887673.38,0.0,35.0,27.0,L,True,306,0,50.0,2000.0,2000.0,27
4245,CM61-BEAD-IN-STM109-1904,IN,3555301.88,0.0,170.0,27.0,L,True,682,0,50.0,2000.0,2000.0,27
4246,CM61-BEAD-IN-SPX110-6182,IN,6000.0,0.0,0.0,0.0,L,True,4,0,61.0,450.0,55.0,27
4247,CM61-BEAD-IN-RTC81-3995,IN,1306955.0,0.0,67.0,3.0,L,True,325,0,50.0,2500.0,2500.0,27
4248,CM61-BEAD-IN-STM109-4879,IN,840369.38,0.0,32.0,27.0,L,True,309,0,50.0,2000.0,2000.0,27
4249,CM61-BEAD-IN-MSF25-1324,IN,3200583.0,34.0,18.0,70.0,L,True,702,0,50.0,10000.0,10000.0,27
4250,CM61-BEAD-IN-STM109-1921,IN,1209703.13,0.0,58.0,27.0,L,True,244,0,50.0,2000.0,2000.0,27
4251,CM61-BEAD-IN-STM109-1888,IN,1056706.88,0.0,45.0,27.0,L,True,177,0,50.0,2000.0,2000.0,27
4252,CM61-BEAD-IN-STM109-1824,IN,914947.5,0.0,45.0,27.0,L,True,172,0,50.0,2000.0,2000.0,27
4253,CM61-BEAD-IN-SUR20-1590,IN,2063709.78,0.0,49.0,6.0,L,True,431,0,50.0,10000.0,10000.0,27
4254,CM61-BEAD-IN-MET113-1181,IN,2057507.05,0.0,114.0,1.0,L,True,277,0,50.0,10000.0,10000.0,27
4255,CM61-BEAD-IN-STM109-1860,IN,827746.88,0.0,27.0,27.0,L,True,147,0,50.0,2000.0,2000.0,27
4256,CM61-BEAD-IN-STM109-1883,IN,1652143.13,0.0,67.0,27.0,L,True,364,0,50.0,2000.0,2000.0,27
4257,CM61-BEAD-IN-STM109-1881,IN,1202685.0,0.0,30.0,27.0,L,True,192,0,50.0,2000.0,2000.0,27
4258,CM61-BEAD-IN-WSP98-2030,IN,522890.87,13.0,1.0,0.0,L,True,152,0,50.0,5000.0,5000.0,27
4259,CM61-BEAD-IN-STM109-1828,IN,826121.25,0.0,31.0,27.0,L,True,245,0,50.0,2000.0,2000.0,27
4260,CM61-BEAD-IN-RTC81-4095,IN,1068318.0,0.0,41.0,3.0,L,True,312,0,50.0,2500.0,2500.0,27
4261,CM61-BEAD-IN-SPX110-6272,IN,16500.0,0.0,0.0,0.0,L,True,10,0,61.0,450.0,55.0,27
4262,CM61-BEAD-IN-SPX110-6021,IN,111000.0,0.0,0.0,0.0,L,True,69,0,61.0,450.0,55.0,27
4263,CM61-BEAD-IN-AMG8-3846,IN,145559.2,0.0,0.0,2.0,L,True,18,0,71.0,1000.0,500.0,27
4264,CM61-BEAD-IN-STM109-1918,IN,1621846.88,0.0,65.0,27.0,L,True,237,0,50.0,2000.0,2000.0,27
4265,CM61-BEAD-IN-STM109-7119,IN,1518033.39,0.0,74.0,27.0,L,True,296,0,50.0,2000.0,2000.0,27
4266,CM61-BEAD-IN-STM109-1823,IN,911662.5,0.0,32.0,27.0,L,True,137,0,50.0,2000.0,2000.0,27
4267,CM61-BEAD-IN-MSF25-7924,IN,1625640.0,33.0,0.0,70.0,L,True,163,0,50.0,18.0,1000.0,27
4268,CM61-BEAD-IN-AMG8-3665,IN,152247.25,0.0,0.0,2.0,L,True,123,0,71.0,1000.0,500.0,27
4269,CM61-BEAD-IN-SPX110-6156,IN,7500.0,0.0,0.0,0.0,L,True,5,0,61.0,450.0,55.0,27
4270,CM61-BEAD-IN-SPX110-5744,IN,466500.0,0.0,0.0,0.0,L,False,295,0,61.0,450.0,55.0,27
4271,CM61-BEAD-IN-LIG14-1971,IN,695000.0,0.0,20.0,2.0,L,True,139,0,50.0,8000.0,8000.0,27
4272,CM61-BEAD-IN-MED13-4694,IN,831311.33,4.0,23.0,1.0,L,True,292,0,50.0,2000.0,1000.0,27
4273,CM61-BEAD-IN-AMG8-3599,IN,317530.4,0.0,0.0,2.0,L,True,196,0,71.0,1000.0,500.0,27
4274,CM61-BEAD-IN-LIG14-1970,IN,740000.0,0.0,12.0,2.0,L,True,148,0,50.0,8000.0,8000.0,27
4275,CM61-BEAD-IN-STM109-1877,IN,1778893.13,0.0,69.0,27.0,L,True,558,0,50.0,2000.0,2000.0,27
4276,CM61-BEAD-IN-STM109-5030,IN,993570.0,0.0,23.0,27.0,L,True,182,0,50.0,2000.0,2000.0,27
4277,CM61-BEAD-IN-SPX110-6970,IN,42000.0,0.0,0.0,0.0,L,True,28,0,61.0,450.0,55.0,27
4278,CM61-BEAD-IN-LIG14-3907,IN,237500.0,0.0,2.0,0.0,L,True,125,0,50.0,8000.0,8000.0,27
4279,CM61-BEAD-IN-MED13-4693,IN,116374.41,1.0,3.0,1.0,L,True,71,0,50.0,2000.0,1000.0,27
4280,CM61-BEAD-IN-SPX110-6941,IN,102000.0,0.0,0.0,0.0,L,False,66,0,61.0,450.0,55.0,27
4281,CM61-BEAD-IN-CCX43-1802,IN,885825.0,16.0,24.0,5.0,L,True,381,0,50.0,2000.0,2000.0,27
4282,CM61-BEAD-IN-STM109-5208,IN,1165711.88,0.0,59.0,27.0,L,True,260,0,50.0,2000.0,2000.0,27
4283,CM61-BEAD-IN-SPX110-6639,IN,49500.0,0.0,0.0,0.0,L,True,32,0,61.0,450.0,55.0,27
4284,CM61-BEAD-IN-STM109-1882,IN,246146.25,0.0,10.0,27.0,L,True,37,0,50.0,2000.0,2000.0,27
4285,CM61-BEAD-IN-SPX110-6020,IN,66000.0,0.0,0.0,0.0,L,True,44,0,61.0,450.0,55.0,27
4286,CM61-BEAD-IN-SPX110-6969,IN,7500.0,0.0,0.0,0.0,L,True,4,0,61.0,450.0,55.0,27
4287,CM61-BEAD-IN-SPX110-6744,IN,121500.0,0.0,0.0,0.0,L,True,74,0,61.0,450.0,55.0,27
4288,CM61-BEAD-IN-AUB72-1698,IN,107692.43,0.0,2.0,1.0,L,True,7,0,50.0,8000.0,8000.0,27
4289,CM61-BEAD-IN-SUR20-4034,IN,27540.48,0.0,1.0,6.0,L,True,6,0,50.0,10000.0,10000.0,27
4290,CM61-BEAD-IN-STM109-5060,IN,618481.88,0.0,31.0,27.0,L,True,117,0,50.0,2000.0,2000.0,27
4291,CM61-BEAD-IN-SPX110-5911,IN,106500.0,0.0,0.0,0.0,L,True,69,0,61.0,450.0,55.0,27
4292,CM61-BEAD-IN-LIG14-1746,IN,133000.0,0.0,2.0,0.0,L,True,28,0,50.0,8000.0,8000.0,27
4293,CM61-BEAD-IN-SPX110-6343,IN,66000.0,0.0,0.0,0.0,L,True,42,0,61.0,450.0,55.0,27
4294,CM61-BEAD-IN-OCR60-5299,IN,31067.52,0.0,0.0,3.0,L,True,22,0,50.0,10000.0,10000.0,27
4295,CM61-BEAD-IN-CCX43-4185,IN,0.0,6.0,8.0,5.0,L,True,184,0,50.0,2000.0,2000.0,27
4296,CM61-BEAD-IN-STM109-7149,IN,207062.9,0.0,8.0,27.0,L,True,58,0,50.0,2000.0,2000.0,27
4297,CM61-BEAD-IN-SPX110-6872,IN,10500.0,0.0,0.0,0.0,L,False,7,0,61.0,450.0,55.0,27
4298,CM61-BEAD-IN-SPX110-6396,IN,84000.0,0.0,0.0,0.0,L,True,50,0,61.0,450.0,55.0,27
4299,CM61-BEAD-IN-SPX110-6852,IN,12000.0,0.0,0.0,0.0,L,False,8,0,61.0,450.0,55.0,27
4300,CM61-BEAD-IN-SUR20-7918,IN,31400.0,0.0,1.0,0.0,L,True,4,0,50.0,2000.0,2000.0,27
4301,CM61-BEAD-IN-LIG14-1981,IN,170000.0,0.0,10.0,1.0,L,True,34,0,50.0,8000.0,8000.0,27
4302,CM61-BEAD-IN-ATT30-4815,IN,187503.69,0.0,2.0,0.0,L,True,34,0,50.0,5000.0,5000.0,27
4303,CM61-BEAD-IN-JOI39-1583,IN,48718.28,0.0,2.0,1.0,L,True,19,0,50.0,5000.0,5000.0,27
4304,CM61-BEAD-IN-BSD70-1491,IN,39870.0,2.0,0.0,1.0,L,True,11,0,50.0,2000.0,2000.0,27
4305,CM61-BEAD-IN-SPX110-6849,IN,1500.0,0.0,0.0,0.0,L,True,1,0,61.0,450.0,55.0,27
4306,CM61-BEAD-IN-OCR60-5716,IN,283844.16,0.0,0.0,3.0,L,True,201,0,50.0,10000.0,10000.0,27
4307,CM61-BEAD-IN-SPX110-6391,IN,1500.0,0.0,0.0,0.0,L,False,1,0,61.0,450.0,55.0,27
4308,CM61-BEAD-IN-SPX110-6866,IN,19500.0,0.0,0.0,0.0,L,True,13,0,61.0,450.0,55.0,27
4309,CM61-BEAD-IN-LIG14-1973,IN,5000.0,0.0,1.0,0.0,L,True,1,0,50.0,8000.0,8000.0,27
4310,CM61-BEAD-IN-SPX110-6389,IN,3000.0,0.0,0.0,0.0,L,False,2,0,61.0,450.0,55.0,27
4311,CM61-BEAD-IN-SPX110-6623,IN,16500.0,0.0,0.0,0.0,L,True,11,0,61.0,450.0,55.0,27
4312,CM61-BEAD-IN-SPX110-6029,IN,7500.0,0.0,0.0,0.0,L,True,5,0,61.0,450.0,55.0,27
4313,CM61-BEAD-IN-NIN45-1548,IN,12431345.0,261.0,97.0,0.0,L,True,2559,0,50.0,10000.0,10000.0,27
4314,CM61-BEAD-IN-MSF25-7949,IN,9165487.0,119.0,20.0,210.0,L,True,1019,0,50.0,18.0,10000.0,27
4315,CM61-BEAD-IN-PSC7-7950,IN,1816948.75,20.0,35.0,0.0,L,True,425,4,50.0,1000.0,1000.0,27
4316,CM61-BEAD-IN-MSF25-7951,IN,4791016.0,100.0,49.0,420.0,L,True,823,2,50.0,10000.0,10000.0,27
4317,CM61-BEAD-IN-SPX110-6794,IN,67500.0,0.0,0.0,0.0,L,True,41,0,61.0,450.0,55.0,27
4318,CM61-BEAD-IN-ATT30-7952,IN,216173.0,21.0,17.0,0.0,L,True,281,0,50.0,5000.0,5000.0,27
4319,CM61-BEAD-IN-MSF25-7953,IN,4655525.0,115.0,57.0,280.0,L,True,638,0,50.0,10000.0,10000.0,27
4320,CM61-BEAD-IN-MSF25-7954,IN,13268643.0,30.0,126.0,280.0,L,True,1552,1,50.0,10000.0,10000.0,27
4321,CM61-BEAD-IN-MSF25-7955,IN,2523131.0,33.0,26.0,770.0,L,True,478,0,50.0,10000.0,10000.0,27
4322,CM61-BEAD-IN-ATT30-7956,IN,1018383.23,3.0,34.0,0.0,L,True,229,0,50.0,5000.0,5000.0,27
4323,CM61-BEAD-IN-BSD70-7957,IN,350203.0,13.0,1.0,2.0,L,True,232,0,50.0,2000.0,2000.0,27
4324,CM61-BEAD-IN-MSF25-7958,IN,10749949.0,194.0,84.0,560.0,L,True,1407,2,50.0,10000.0,10000.0,27
4325,CM61-BEAD-IN-MSF25-7959,IN,7692175.0,96.0,52.0,630.0,L,True,1175,0,50.0,10000.0,10000.0,27
4326,CM61-BEAD-IN-MSF25-7960,IN,25610805.0,386.0,172.0,490.0,L,True,2969,1,50.0,10000.0,10000.0,27
4327,CM61-BEAD-IN-STM109-7075,IN,650641.76,0.0,31.0,27.0,L,True,118,0,50.0,2000.0,2000.0,27
4328,CM61-BEAD-IN-MSF25-7961,IN,1613002.0,36.0,18.0,280.0,L,True,271,0,50.0,10000.0,10000.0,27
4329,CM61-BEAD-IN-MSF25-7962,IN,1614698.0,37.0,16.0,140.0,L,True,519,0,50.0,10000.0,10000.0,27
4330,CM61-BEAD-IN-AMG8-7963,IN,2435662.1,0.0,0.0,12.0,L,True,278,0,71.0,1000.0,500.0,27
4331,CM61-BEAD-IN-SUR20-7964,IN,9762683.77,28.0,266.0,32.0,L,True,1435,0,50.0,2000.0,2000.0,27
4332,CM61-BEAD-IN-BCM78-7965,IN,1827131.64,26.0,35.0,0.0,L,True,402,0,50.0,5000.0,5000.0,27
4333,CM61-BEAD-IN-MSF25-7966,IN,15364978.0,279.0,117.0,1680.0,L,True,5577,2,50.0,18.0,10000.0,27
4334,CM61-BEAD-IN-AMG8-7967,IN,1111592.0,0.0,0.0,6.0,L,True,226,0,71.0,1000.0,500.0,27
4335,CM61-BEAD-IN-AMG8-7968,IN,968760.15,0.0,0.0,6.0,L,True,142,1,71.0,1000.0,500.0,27
4336,CM61-BEAD-IN-AMG8-7969,IN,568652.35,0.0,0.0,4.0,L,True,274,0,71.0,1000.0,500.0,27
4337,CM61-BEAD-IN-MSF25-7970,IN,9499849.0,135.0,49.0,1190.0,L,True,2209,0,50.0,18.0,10000.0,27
4338,CM61-BEAD-IN-SPX110-6254,IN,1500.0,0.0,0.0,0.0,L,True,1,0,61.0,450.0,55.0,27
4339,CM61-BEAD-IN-MSF25-7971,IN,3709491.0,15.0,39.0,210.0,L,True,384,0,50.0,10000.0,10000.0,27
4340,CM61-BEAD-IN-SUR20-7972,IN,2664793.15,0.0,92.0,12.0,L,True,440,0,50.0,10000.0,10000.0,27
4341,CM61-BEAD-IN-MSF25-7973,IN,1735123.0,33.0,13.0,420.0,L,True,398,0,50.0,10000.0,10000.0,27
4342,CM61-BEAD-IN-MSF25-7974,IN,2572088.0,54.0,24.0,350.0,L,True,824,0,50.0,10000.0,10000.0,27
4343,CM61-BEAD-IN-STM109-7975,IN,1902678.75,0.0,89.0,54.0,L,True,263,1,50.0,2000.0,2000.0,27
4344,CM61-BEAD-IN-SPX110-6655,IN,61500.0,0.0,0.0,0.0,L,True,40,0,61.0,450.0,55.0,27
4345,CM61-BEAD-IN-STM109-5226,IN,1069001.25,0.0,44.0,27.0,L,True,176,0,50.0,2000.0,2000.0,27
4346,CM61-BEAD-IN-SPX110-6795,IN,126000.0,0.0,0.0,0.0,L,True,84,0,61.0,450.0,55.0,27
4347,CM61-BEAD-IN-SUR20-7912,IN,91646.0,0.0,2.0,0.0,L,True,28,0,50.0,2000.0,2000.0,27
4348,CM61-BEAD-IN-SPX110-6858,IN,54000.0,0.0,0.0,0.0,L,True,34,0,61.0,450.0,55.0,27
4349,CM61-BEAD-IN-SPX110-6787,IN,37500.0,0.0,0.0,0.0,L,True,24,0,61.0,450.0,55.0,27
4350,CM61-BEAD-IN-SPX110-6733,IN,9000.0,0.0,0.0,0.0,L,True,6,0,61.0,450.0,55.0,27
4351,CM61-BEAD-IN-SPX110-6900,IN,22500.0,0.0,0.0,0.0,L,True,15,0,61.0,450.0,55.0,27
4352,CM61-BEAD-IN-STM109-5041,IN,820260.0,0.0,45.0,27.0,L,True,146,0,50.0,2000.0,2000.0,27
4353,CM61-BEAD-IN-SPX110-6600,IN,63000.0,0.0,0.0,0.0,L,True,39,0,61.0,450.0,55.0,27
4354,CM61-BEAD-IN-SPX110-6862,IN,12000.0,0.0,0.0,0.0,L,False,7,0,61.0,450.0,55.0,27
4355,CM61-BEAD-IN-STM109-4827,IN,2812606.88,0.0,138.0,27.0,L,True,603,0,50.0,2000.0,2000.0,27
4356,CM61-BEAD-IN-SPX110-6285,IN,30000.0,0.0,0.0,0.0,L,True,19,0,61.0,450.0,55.0,27
4357,CM61-BEAD-IN-STM109-7101,IN,163202.17,0.0,8.0,27.0,L,True,35,0,50.0,2000.0,2000.0,27
4358,CM61-BEAD-IN-STM109-5110,IN,463886.25,0.0,21.0,27.0,L,True,134,0,50.0,2000.0,2000.0,27
4359,CM61-BEAD-IN-SPX110-5791,IN,70500.0,0.0,0.0,0.0,L,True,46,0,61.0,450.0,55.0,27
4360,CM61-BEAD-IN-SPX110-5884,IN,34500.0,0.0,0.0,0.0,L,True,22,0,61.0,450.0,55.0,27
4361,CM61-BEAD-IN-SPX110-6810,IN,15000.0,0.0,0.0,0.0,L,True,10,0,61.0,450.0,55.0,27
4362,CM61-BEAD-IN-SUR20-7915,IN,967732.0,0.0,7.0,1.0,L,True,309,0,50.0,2000.0,2000.0,27
4363,CM61-BEAD-IN-SPX110-6153,IN,82500.0,0.0,0.0,0.0,L,True,51,0,61.0,450.0,55.0,27
4364,CM61-BEAD-IN-SPX110-6534,IN,1500.0,0.0,0.0,0.0,L,True,1,0,61.0,450.0,55.0,27
4365,CM61-BEAD-IN-SPX110-6743,IN,72000.0,0.0,0.0,0.0,L,True,46,0,61.0,450.0,55.0,27
4366,CM61-BEAD-IN-SPX110-6250,IN,139500.0,0.0,0.0,0.0,L,True,86,0,61.0,450.0,55.0,27
4367,CM61-BEAD-IN-SPX110-7027,IN,30000.0,0.0,0.0,0.0,L,True,21,0,61.0,450.0,55.0,27
4368,CM61-BEAD-IN-SPX110-6312,IN,25500.0,0.0,0.0,0.0,L,True,16,0,61.0,450.0,55.0,27
4369,CM61-BEAD-IN-SPX110-6738,IN,22500.0,0.0,0.0,0.0,L,True,14,0,61.0,450.0,55.0,27
4370,CM61-BEAD-IN-SPX110-6842,IN,22500.0,0.0,0.0,0.0,L,True,13,0,61.0,450.0,55.0,27
4371,CM61-BEAD-IN-SPX110-6742,IN,28500.0,0.0,0.0,0.0,L,True,19,0,61.0,450.0,55.0,27
4372,CM61-BEAD-IN-SPX110-6749,IN,48000.0,0.0,0.0,0.0,L,True,30,0,61.0,450.0,55.0,27
4373,CM61-BEAD-IN-STM109-7072,IN,56296.1,0.0,3.0,27.0,L,True,14,0,50.0,2000.0,2000.0,27
4374,CM61-BEAD-IN-SPX110-5879,IN,190500.0,0.0,0.0,0.0,L,True,145,0,61.0,450.0,55.0,27
4375,CM61-BEAD-IN-STM109-7096,IN,1256060.99,0.0,55.0,27.0,L,True,278,0,50.0,2000.0,2000.0,27
4376,CM61-BEAD-IN-SPX110-7038,IN,121500.0,0.0,0.0,0.0,L,True,75,0,61.0,450.0,55.0,27
4377,CM61-BEAD-IN-SPX110-6192,IN,1500.0,0.0,0.0,0.0,L,True,1,0,61.0,450.0,55.0,27
4378,CM61-BEAD-IN-AMG8-3797,IN,181211.75,0.0,0.0,2.0,L,True,104,0,71.0,1000.0,500.0,27
4379,CM61-BEAD-IN-SPX110-5961,IN,423000.0,0.0,0.0,0.0,L,True,266,0,61.0,450.0,55.0,27
4380,CM61-BEAD-IN-STM109-5253,IN,92079.38,0.0,2.0,27.0,L,True,53,0,50.0,2000.0,2000.0,27
4381,CM61-BEAD-IN-STM109-5220,IN,2548496.25,0.0,117.0,27.0,L,True,427,0,50.0,2000.0,2000.0,27
4382,CM61-BEAD-IN-AMG8-3875,IN,181969.65,0.0,0.0,2.0,L,True,98,0,71.0,1000.0,500.0,27
4383,CM61-BEAD-IN-SPX110-6782,IN,247500.0,0.0,0.0,0.0,L,True,159,0,61.0,450.0,55.0,27
4384,CM61-BEAD-IN-SPX110-6305,IN,37500.0,0.0,0.0,0.0,L,True,23,0,61.0,450.0,55.0,27
4385,CM61-BEAD-IN-BSD70-4169,IN,488845.0,12.0,1.0,1.0,L,True,57,2,50.0,2000.0,2000.0,27
4386,CM61-BEAD-IN-SPX110-6839,IN,106500.0,0.0,0.0,0.0,L,True,64,0,61.0,450.0,55.0,27
4387,CM61-BEAD-IN-SPX110-6654,IN,34500.0,0.0,0.0,0.0,L,True,21,0,61.0,450.0,55.0,27
4388,CM61-BEAD-IN-STM109-5047,IN,590911.88,0.0,28.0,27.0,L,True,98,0,50.0,2000.0,2000.0,27
4389,CM61-BEAD-IN-STM109-5246,IN,361614.38,0.0,16.0,27.0,L,True,120,0,50.0,2000.0,2000.0,27
4390,CM61-BEAD-IN-STM109-4594,IN,1970068.13,0.0,81.0,27.0,L,True,715,0,50.0,2000.0,2000.0,27
4391,CM61-BEAD-IN-SPX110-6991,IN,24000.0,0.0,0.0,0.0,L,True,16,0,61.0,450.0,55.0,27
4392,CM61-BEAD-IN-STM109-5257,IN,948978.75,0.0,41.0,27.0,L,True,295,0,50.0,2000.0,2000.0,27
4393,CM61-BEAD-IN-SPX110-6959,IN,1500.0,0.0,0.0,0.0,L,True,1,0,61.0,450.0,55.0,27
4394,CM61-BEAD-IN-STM109-7091,IN,125894.63,0.0,6.0,27.0,L,True,28,0,50.0,2000.0,2000.0,27
4395,CM61-BEAD-IN-SPX110-5815,IN,12000.0,0.0,0.0,0.0,L,True,7,0,61.0,450.0,55.0,27
4396,CM61-BEAD-IN-SPX110-5989,IN,21000.0,0.0,0.0,0.0,L,True,15,0,61.0,450.0,55.0,27
4397,CM61-BEAD-IN-STM109-5056,IN,591221.25,0.0,25.0,27.0,L,True,122,0,50.0,2000.0,2000.0,27
4398,CM61-BEAD-IN-STM109-5123,IN,709717.5,0.0,33.0,27.0,L,True,149,0,50.0,2000.0,2000.0,27
4399,CM61-BEAD-IN-SPX110-6398,IN,1500.0,0.0,0.0,0.0,L,True,1,0,61.0,450.0,55.0,27
4400,CM61-BEAD-IN-STM109-5240,IN,309553.13,0.0,15.0,27.0,L,True,69,0,50.0,2000.0,2000.0,27
4401,CM61-BEAD-IN-AMG8-3505,IN,295357.3,0.0,0.0,2.0,L,True,257,0,71.0,1000.0,500.0,27
4402,CM61-BEAD-IN-SPX110-6089,IN,55500.0,0.0,0.0,0.0,L,False,30,0,61.0,450.0,55.0,27
4403,CM61-BEAD-IN-SPX110-5807,IN,69000.0,0.0,0.0,0.0,L,True,45,0,61.0,450.0,55.0,27
4404,CM61-BEAD-IN-SPX110-6152,IN,3000.0,0.0,0.0,0.0,L,True,2,0,61.0,450.0,55.0,27
4405,CM61-BEAD-IN-SPX110-5836,IN,180000.0,0.0,0.0,0.0,L,True,114,0,61.0,450.0,55.0,27
4406,CM61-BEAD-IN-SPX110-5810,IN,67500.0,0.0,0.0,0.0,L,True,41,0,61.0,450.0,55.0,27
4407,CM61-BEAD-IN-STM109-7103,IN,232175.24,0.0,8.0,27.0,L,True,44,0,50.0,2000.0,2000.0,27
4408,CM61-BEAD-IN-STM109-7087,IN,155667.95,0.0,5.0,27.0,L,True,35,0,50.0,2000.0,2000.0,27
4409,CM61-BEAD-IN-SPX110-6295,IN,106500.0,0.0,0.0,0.0,L,False,71,0,61.0,450.0,55.0,27
4410,CM61-BEAD-IN-SPX110-5995,IN,58500.0,0.0,0.0,0.0,L,True,39,0,61.0,450.0,55.0,27
4411,CM61-BEAD-IN-SPX110-6218,IN,67500.0,0.0,0.0,0.0,L,True,44,0,61.0,450.0,55.0,27
4412,CM61-BEAD-IN-FRO22-4138,IN,438511.0,11.0,2.0,16.0,L,True,67,0,50.0,7000.0,7000.0,27
4413,CM61-BEAD-IN-AMG8-3592,IN,296666.4,0.0,0.0,2.0,L,True,283,0,71.0,1000.0,500.0,27
4414,CM61-BEAD-IN-STM109-5237,IN,343061.25,0.0,19.0,27.0,L,True,64,0,50.0,2000.0,2000.0,27
4415,CM61-BEAD-IN-SPX110-5851,IN,178500.0,0.0,0.0,0.0,L,True,111,0,61.0,450.0,55.0,27
4416,CM61-BEAD-IN-SPX110-7044,IN,153000.0,0.0,0.0,0.0,L,True,96,0,61.0,450.0,55.0,27
4417,CM61-BEAD-IN-SPX110-5899,IN,175500.0,0.0,0.0,0.0,L,True,114,0,61.0,450.0,55.0,27
4418,CM61-BEAD-IN-AMG8-3806,IN,150903.7,0.0,0.0,2.0,L,True,32,2,71.0,1000.0,500.0,27
4419,CM61-BEAD-IN-SPX110-5844,IN,9000.0,0.0,0.0,0.0,L,True,6,0,61.0,450.0,55.0,27
4420,CM61-BEAD-IN-SPX110-7050,IN,102000.0,0.0,0.0,0.0,L,True,91,0,61.0,450.0,55.0,27
4421,CM61-BEAD-IN-SPX110-6850,IN,195000.0,0.0,0.0,0.0,L,True,117,0,61.0,450.0,55.0,27
4422,CM61-BEAD-IN-SPX110-6711,IN,45000.0,0.0,0.0,0.0,L,True,61,0,61.0,450.0,55.0,27
4423,CM61-BEAD-IN-SPX110-6315,IN,30000.0,0.0,0.0,0.0,L,True,16,0,61.0,450.0,55.0,27
4424,CM61-BEAD-IN-SPX110-6009,IN,363000.0,0.0,0.0,0.0,L,True,228,0,61.0,450.0,55.0,27
4425,CM61-BEAD-IN-SPX110-6709,IN,45000.0,0.0,0.0,0.0,L,True,27,0,61.0,450.0,55.0,27
4426,CM61-BEAD-IN-SPX110-5950,IN,339000.0,0.0,0.0,0.0,L,True,215,0,61.0,450.0,55.0,27
4427,CM61-BEAD-IN-SPX110-6562,IN,67500.0,0.0,0.0,0.0,L,True,42,0,61.0,450.0,55.0,27
4428,CM61-BEAD-IN-STM109-5190,IN,426247.5,0.0,18.0,27.0,L,True,156,0,50.0,2000.0,2000.0,27
4429,CM61-BEAD-IN-SPX110-6053,IN,508500.0,0.0,0.0,0.0,L,True,319,0,61.0,450.0,55.0,27
4430,CM61-BEAD-IN-AMG8-3654,IN,241815.0,0.0,0.0,2.0,L,True,32,0,71.0,1000.0,500.0,27
4431,CM61-BEAD-IN-SPX110-6767,IN,52500.0,0.0,0.0,0.0,L,True,34,0,61.0,450.0,55.0,27
4432,CM61-BEAD-IN-SPX110-6109,IN,199500.0,0.0,0.0,0.0,L,True,130,0,61.0,450.0,55.0,27
4433,CM61-BEAD-IN-SPX110-6484,IN,46500.0,0.0,0.0,0.0,L,True,30,0,61.0,450.0,55.0,27
4434,CM61-BEAD-IN-SPX110-6362,IN,169500.0,0.0,0.0,0.0,L,True,104,0,61.0,450.0,55.0,27
4435,CM61-BEAD-IN-SPX110-6907,IN,57000.0,0.0,0.0,0.0,L,True,38,0,61.0,450.0,55.0,27
4436,CM61-BEAD-IN-STM109-5231,IN,988505.63,0.0,46.0,27.0,L,True,137,0,50.0,2000.0,2000.0,27
4437,CM61-BEAD-IN-STM109-5224,IN,1201884.38,0.0,54.0,27.0,L,True,233,0,50.0,2000.0,2000.0,27
4438,CM61-BEAD-IN-SPX110-6357,IN,19500.0,0.0,0.0,0.0,L,True,12,0,61.0,450.0,55.0,27
4439,CM61-BEAD-IN-AMG8-3375,IN,287670.2,0.0,0.0,2.0,L,True,164,0,71.0,1000.0,500.0,27
4440,CM61-BEAD-IN-SPX110-6904,IN,19500.0,0.0,0.0,0.0,L,True,13,0,61.0,450.0,55.0,27
4441,CM61-BEAD-IN-AMG8-3356,IN,26550.0,0.0,0.0,2.0,L,True,29,0,71.0,1000.0,500.0,27
4442,CM61-BEAD-IN-SPX110-6108,IN,27000.0,0.0,0.0,0.0,L,True,18,0,61.0,450.0,55.0,27
4443,CM61-BEAD-IN-SPX110-6881,IN,72000.0,0.0,0.0,0.0,L,True,43,0,61.0,450.0,55.0,27
4444,CM61-BEAD-IN-SPX110-5803,IN,102000.0,0.0,0.0,0.0,L,False,65,0,61.0,450.0,55.0,27
4445,CM61-BEAD-IN-STM109-5072,IN,1015751.25,0.0,49.0,27.0,L,True,245,0,50.0,2000.0,2000.0,27
4446,CM61-BEAD-IN-SPX110-5876,IN,93000.0,0.0,0.0,0.0,L,True,55,0,61.0,450.0,55.0,27
4447,CM61-BEAD-IN-OCR60-3318,IN,8472.96,0.0,0.0,3.0,L,True,6,0,50.0,10000.0,10000.0,27
4448,CM61-BEAD-IN-SUR20-7916,IN,183292.0,0.0,7.0,1.0,L,True,34,0,50.0,2000.0,2000.0,27
4449,CM61-BEAD-IN-SPX110-6331,IN,37500.0,0.0,0.0,0.0,L,True,23,0,61.0,450.0,55.0,27
4450,CM61-BEAD-IN-SPX110-5970,IN,36000.0,0.0,0.0,0.0,L,True,23,0,61.0,450.0,55.0,27
4451,CM61-BEAD-IN-STM109-7100,IN,2392391.16,0.0,111.0,27.0,L,True,535,2,50.0,2000.0,2000.0,27
4452,CM61-BEAD-IN-STM109-5233,IN,682573.13,0.0,36.0,27.0,L,True,155,0,50.0,2000.0,2000.0,27
4453,CM61-BEAD-IN-AMG8-3525,IN,152729.55,0.0,0.0,2.0,L,True,92,0,71.0,1000.0,500.0,27
4454,CM61-BEAD-IN-SPX110-6874,IN,226500.0,0.0,0.0,0.0,L,True,146,0,61.0,450.0,55.0,27
4455,CM61-BEAD-IN-SPX110-5931,IN,180000.0,0.0,0.0,0.0,L,True,109,0,61.0,450.0,55.0,27
4456,CM61-BEAD-IN-SPX110-6019,IN,19500.0,0.0,0.0,0.0,L,False,13,0,61.0,450.0,55.0,27
4457,CM61-BEAD-IN-SPX110-7055,IN,28500.0,0.0,0.0,0.0,L,True,16,0,61.0,450.0,55.0,27
4458,CM61-BEAD-IN-SPX110-5779,IN,93000.0,0.0,0.0,0.0,L,True,60,0,61.0,450.0,55.0,27
4459,CM61-BEAD-IN-SPX110-6382,IN,67500.0,0.0,0.0,0.0,L,True,40,0,61.0,450.0,55.0,27
4460,CM61-BEAD-IN-SPX110-6677,IN,1500.0,0.0,0.0,0.0,L,True,1,0,61.0,450.0,55.0,27
4461,CM61-BEAD-IN-SPX110-6264,IN,9000.0,0.0,0.0,0.0,L,True,7,0,61.0,450.0,55.0,27
4462,CM61-BEAD-IN-STM109-5093,IN,876337.5,0.0,50.0,27.0,L,True,147,0,50.0,2000.0,2000.0,27
4463,CM61-BEAD-IN-STM109-7098,IN,493471.96,0.0,23.0,27.0,L,True,110,0,50.0,2000.0,2000.0,27
4464,CM61-BEAD-IN-SPX110-6814,IN,148500.0,0.0,0.0,0.0,L,True,94,0,61.0,450.0,55.0,27
4465,CM61-BEAD-IN-OCR60-5311,IN,4236.48,0.0,0.0,3.0,L,True,3,0,50.0,10000.0,10000.0,27
4466,CM61-BEAD-IN-SPX110-5752,IN,81000.0,0.0,0.0,0.0,L,True,47,0,61.0,450.0,55.0,27
4467,CM61-BEAD-IN-SPX110-6517,IN,84000.0,0.0,0.0,0.0,L,True,52,0,61.0,450.0,55.0,27
4468,CM61-BEAD-IN-SPX110-5975,IN,165000.0,0.0,0.0,0.0,L,True,105,0,61.0,450.0,55.0,27
4469,CM61-BEAD-IN-STM109-5229,IN,881420.63,0.0,29.0,27.0,L,True,233,0,50.0,2000.0,2000.0,27
4470,CM61-BEAD-IN-AMG8-3441,IN,287463.5,0.0,0.0,2.0,L,True,158,0,71.0,1000.0,500.0,27
4471,CM61-BEAD-IN-SPX110-6740,IN,39000.0,0.0,0.0,0.0,L,True,26,0,61.0,450.0,55.0,27
4472,CM61-BEAD-IN-SPX110-6722,IN,54000.0,0.0,0.0,0.0,L,True,36,0,61.0,450.0,55.0,27
4473,CM61-BEAD-IN-SPX110-6174,IN,28500.0,0.0,0.0,0.0,L,True,23,0,61.0,450.0,55.0,27
4474,CM61-BEAD-IN-SPX110-6769,IN,18000.0,0.0,0.0,0.0,L,False,10,0,61.0,450.0,55.0,27
4475,CM61-BEAD-IN-SPX110-6833,IN,1500.0,0.0,0.0,0.0,L,False,1,0,61.0,450.0,55.0,27
4476,CM61-BEAD-IN-SPX110-5922,IN,27000.0,0.0,0.0,0.0,L,True,17,0,61.0,450.0,55.0,27
4477,CM61-BEAD-IN-SPX110-6809,IN,30000.0,0.0,0.0,0.0,L,True,16,0,61.0,450.0,55.0,27
4478,CM61-BEAD-IN-SPX110-5910,IN,105000.0,0.0,0.0,0.0,L,True,62,0,61.0,450.0,55.0,27
4479,CM61-BEAD-IN-SPX110-6692,IN,12000.0,0.0,0.0,0.0,L,True,8,0,61.0,450.0,55.0,27
4480,CM61-BEAD-IN-SPX110-6281,IN,75000.0,0.0,0.0,0.0,L,True,48,0,61.0,450.0,55.0,27
4481,CM61-BEAD-IN-AMG8-3867,IN,151041.5,0.0,0.0,2.0,L,True,60,0,71.0,1000.0,500.0,27
4482,CM61-BEAD-IN-STM109-5188,IN,385035.0,0.0,17.0,27.0,L,True,120,0,50.0,2000.0,2000.0,27
4483,CM61-BEAD-IN-SPX110-6983,IN,10500.0,0.0,0.0,0.0,L,True,7,0,61.0,450.0,55.0,27
4484,CM61-BEAD-IN-SPX110-6318,IN,37500.0,0.0,0.0,0.0,L,True,23,0,61.0,450.0,55.0,27
4485,CM61-BEAD-IN-SPX110-6699,IN,103500.0,0.0,0.0,0.0,L,True,66,0,61.0,450.0,55.0,27
4486,CM61-BEAD-IN-STM109-7069,IN,945663.74,0.0,35.0,27.0,L,True,139,0,50.0,2000.0,2000.0,27
4487,CM61-BEAD-IN-SPX110-7002,IN,130500.0,0.0,0.0,0.0,L,False,84,0,61.0,450.0,55.0,27
4488,CM61-BEAD-IN-SPX110-6056,IN,37500.0,0.0,0.0,0.0,L,True,25,0,61.0,450.0,55.0,27
4489,CM61-BEAD-IN-SPX110-6044,IN,43500.0,0.0,0.0,0.0,L,True,27,0,61.0,450.0,55.0,27
4490,CM61-BEAD-IN-OCR60-5717,IN,717377.28,0.0,0.0,3.0,L,True,508,0,50.0,10000.0,10000.0,27
4491,CM61-BEAD-IN-STM109-4863,IN,3592648.13,0.0,148.0,27.0,L,True,923,0,50.0,2000.0,2000.0,27
4492,CM61-BEAD-IN-SPX110-6490,IN,42000.0,0.0,0.0,0.0,L,False,25,0,61.0,450.0,55.0,27
4493,CM61-BEAD-IN-SUR20-4008,IN,617245.2,0.0,16.0,6.0,L,True,192,0,50.0,10000.0,10000.0,27
4494,CM61-BEAD-IN-AMG8-3411,IN,289186.0,0.0,0.0,2.0,L,True,207,0,71.0,1000.0,500.0,27
4495,CM61-BEAD-IN-SPX110-6027,IN,1500.0,0.0,0.0,0.0,L,False,1,0,61.0,450.0,55.0,27
4496,CM61-BEAD-IN-AMG8-3522,IN,289186.0,0.0,0.0,2.0,L,True,208,0,71.0,1000.0,500.0,27
4497,CM61-BEAD-IN-SPX110-6905,IN,132000.0,0.0,0.0,0.0,L,False,80,0,61.0,450.0,55.0,27
4498,CM61-BEAD-IN-SPX110-6170,IN,22500.0,0.0,0.0,0.0,L,True,13,0,61.0,450.0,55.0,27
4499,CM61-BEAD-IN-RTC81-4090,IN,370073.0,0.0,25.0,3.0,L,True,139,0,50.0,2500.0,2500.0,27
4500,CM61-BEAD-IN-SPX110-7022,IN,72000.0,0.0,0.0,0.0,L,True,41,0,61.0,450.0,55.0,27
4501,CM61-BEAD-IN-SPX110-6151,IN,40500.0,0.0,0.0,0.0,L,True,27,0,61.0,450.0,55.0,27
4502,CM61-BEAD-IN-SPX110-6806,IN,9000.0,0.0,0.0,0.0,L,True,6,0,61.0,450.0,55.0,27
4503,CM61-BEAD-IN-SPX110-6796,IN,79500.0,0.0,0.0,0.0,L,True,50,0,61.0,450.0,55.0,27
4504,CM61-BEAD-IN-CCX43-4097,IN,854385.0,10.0,16.0,5.0,L,True,121,0,50.0,2000.0,2000.0,27
4505,CM61-BEAD-IN-SPX110-6224,IN,34500.0,0.0,0.0,0.0,L,True,22,0,61.0,450.0,55.0,27
4506,CM61-BEAD-IN-SPX110-6368,IN,169500.0,0.0,0.0,0.0,L,False,101,0,61.0,450.0,55.0,27
4507,CM61-BEAD-IN-SPX110-5864,IN,19500.0,0.0,0.0,0.0,L,True,26,0,61.0,450.0,55.0,27
4508,CM61-BEAD-IN-SPX110-6313,IN,27000.0,0.0,0.0,0.0,L,True,15,0,61.0,450.0,55.0,27
4509,CM61-BEAD-IN-SPX110-6851,IN,9000.0,0.0,0.0,0.0,L,True,5,0,61.0,450.0,55.0,27
4510,CM61-BEAD-IN-SPX110-6926,IN,114000.0,0.0,0.0,0.0,L,False,65,0,61.0,450.0,55.0,27
4511,CM61-BEAD-IN-SPX110-6173,IN,24000.0,0.0,0.0,0.0,L,True,16,0,61.0,450.0,55.0,27
4512,CM61-BEAD-IN-SPX110-6689,IN,6000.0,0.0,0.0,0.0,L,True,3,0,61.0,450.0,55.0,27
4513,CM61-BEAD-IN-SPX110-6145,IN,66000.0,0.0,0.0,0.0,L,False,42,0,61.0,450.0,55.0,27
4514,CM61-BEAD-IN-SUR20-7913,IN,325342.0,10.0,12.0,1.0,L,True,140,0,50.0,2000.0,2000.0,27
4515,CM61-BEAD-IN-SPX110-6818,IN,187500.0,0.0,0.0,0.0,L,True,120,0,61.0,450.0,55.0,27
4516,CM61-BEAD-IN-SPX110-6845,IN,6000.0,0.0,0.0,0.0,L,True,4,0,61.0,450.0,55.0,27
4517,CM61-BEAD-IN-AMG8-3764,IN,550558.15,0.0,0.0,2.0,L,True,112,0,71.0,1000.0,500.0,27
4518,CM61-BEAD-IN-OCR60-5737,IN,97439.04,0.0,0.0,3.0,L,True,69,0,50.0,10000.0,10000.0,27
4519,CM61-BEAD-IN-SPX110-6564,IN,129000.0,0.0,0.0,0.0,L,True,83,0,61.0,450.0,55.0,27
4520,CM61-BEAD-IN-SPX110-7029,IN,150000.0,0.0,0.0,0.0,L,True,99,0,61.0,450.0,55.0,27
4521,CM61-BEAD-IN-STM109-7070,IN,979494.13,0.0,43.0,27.0,L,True,218,0,50.0,2000.0,2000.0,27
4522,CM61-BEAD-IN-SPX110-6411,IN,66000.0,0.0,0.0,0.0,L,True,37,0,61.0,450.0,55.0,27
4523,CM61-BEAD-IN-SPX110-5917,IN,25500.0,0.0,0.0,0.0,L,True,17,0,61.0,450.0,55.0,27
4524,CM61-BEAD-IN-OCR60-5985,IN,121445.76,0.0,0.0,3.0,L,True,81,0,50.0,10000.0,10000.0,27
4525,CM61-BEAD-IN-SPX110-6239,IN,93000.0,0.0,0.0,0.0,L,False,50,0,61.0,450.0,55.0,27
4526,CM61-BEAD-IN-SPX110-6861,IN,91500.0,0.0,0.0,0.0,L,True,58,0,61.0,450.0,55.0,27
4527,CM61-BEAD-IN-SPX110-6133,IN,16500.0,0.0,0.0,0.0,L,True,11,0,61.0,450.0,55.0,27
4528,CM61-BEAD-IN-SPX110-6663,IN,28500.0,0.0,0.0,0.0,L,True,18,0,61.0,450.0,55.0,27
4529,CM61-BEAD-IN-SPX110-6691,IN,36000.0,0.0,0.0,0.0,L,True,23,0,61.0,450.0,55.0,27
4530,CM61-BEAD-IN-STM109-5223,IN,1191564.38,0.0,59.0,27.0,L,True,235,1,50.0,2000.0,2000.0,27
4531,CM61-BEAD-IN-SPX110-7042,IN,75000.0,0.0,0.0,0.0,L,True,49,0,61.0,450.0,55.0,27
4532,CM61-BEAD-IN-MSF25-7925,IN,1342415.0,31.0,0.0,70.0,L,True,147,0,50.0,18.0,10000.0,27
4533,CM61-BEAD-IN-SPX110-6041,IN,121500.0,0.0,0.0,0.0,L,True,71,0,61.0,450.0,55.0,27
4534,CM61-BEAD-IN-SPX110-5790,IN,4500.0,0.0,0.0,0.0,L,True,3,0,61.0,450.0,55.0,27
4535,CM61-BEAD-IN-SPX110-6207,IN,148500.0,0.0,0.0,0.0,L,True,90,0,61.0,450.0,55.0,27
4536,CM61-BEAD-IN-SPX110-6384,IN,30000.0,0.0,0.0,0.0,L,True,16,0,61.0,450.0,55.0,27
4537,CM61-BEAD-IN-SPX110-5959,IN,21000.0,0.0,0.0,0.0,L,True,12,0,61.0,450.0,55.0,27
4538,CM61-BEAD-IN-SPX110-6444,IN,7500.0,0.0,0.0,0.0,L,True,4,0,61.0,450.0,55.0,27
4539,CM61-BEAD-IN-SPX110-6353,IN,1500.0,0.0,0.0,0.0,L,False,1,0,61.0,450.0,55.0,27
4540,CM61-BEAD-IN-SPX110-6612,IN,4500.0,0.0,0.0,0.0,L,True,3,0,61.0,450.0,55.0,27
4541,CM61-BEAD-IN-SPX110-6337,IN,55500.0,0.0,0.0,0.0,L,True,35,0,61.0,450.0,55.0,27
4542,CM61-BEAD-IN-SPX110-6050,IN,43500.0,0.0,0.0,0.0,L,True,29,0,61.0,450.0,55.0,27
4543,CM61-BEAD-IN-AMG8-3733,IN,283811.8,0.0,0.0,2.0,L,True,51,1,71.0,1000.0,500.0,27
4544,CM61-BEAD-IN-SPX110-5945,IN,345000.0,0.0,0.0,0.0,L,True,213,0,61.0,450.0,55.0,27
4545,CM61-BEAD-IN-SPX110-6582,IN,102000.0,0.0,0.0,0.0,L,True,63,0,61.0,450.0,55.0,27
4546,CM61-BEAD-IN-SPX110-5883,IN,165000.0,0.0,0.0,0.0,L,True,105,0,61.0,450.0,55.0,27
4547,CM61-BEAD-IN-SPX110-6894,IN,34500.0,0.0,0.0,0.0,L,True,21,0,61.0,450.0,55.0,27
4548,CM61-BEAD-IN-SPX110-6085,IN,36000.0,0.0,0.0,0.0,L,True,23,0,61.0,450.0,55.0,27
4549,CM61-BEAD-IN-SPX110-6712,IN,16500.0,0.0,0.0,0.0,L,False,11,0,61.0,450.0,55.0,27
4550,CM61-BEAD-IN-SPX110-6288,IN,114000.0,0.0,0.0,0.0,L,True,72,0,61.0,450.0,55.0,27
4551,CM61-BEAD-IN-SPX110-6956,IN,1500.0,0.0,0.0,0.0,L,True,1,0,61.0,450.0,55.0,27
4552,CM61-BEAD-IN-AMG8-3546,IN,435672.15,0.0,0.0,2.0,L,True,487,0,71.0,1000.0,500.0,27
4553,CM61-BEAD-IN-SPX110-6140,IN,66000.0,0.0,0.0,0.0,L,True,42,0,61.0,450.0,55.0,27
4554,CM61-BEAD-IN-SPX110-6166,IN,60000.0,0.0,0.0,0.0,L,True,33,0,61.0,450.0,55.0,27
4555,CM61-BEAD-IN-MUL50-3987,IN,944475.0,0.0,14.0,2.0,L,True,101,0,50.0,5000.0,5000.0,27
4556,CM61-BEAD-IN-SPX110-6344,IN,25500.0,0.0,0.0,0.0,L,True,16,0,61.0,450.0,55.0,27
4557,CM61-BEAD-IN-SPX110-6215,IN,43500.0,0.0,0.0,0.0,L,True,26,0,61.0,450.0,55.0,27
4558,CM61-BEAD-IN-SPX110-6776,IN,61500.0,0.0,0.0,0.0,L,True,40,0,61.0,450.0,55.0,27
4559,CM61-BEAD-IN-SPX110-5957,IN,7500.0,0.0,0.0,0.0,L,True,4,0,61.0,450.0,55.0,27
4560,CM61-BEAD-IN-SPX110-6727,IN,13500.0,0.0,0.0,0.0,L,True,10,0,61.0,450.0,55.0,27
4561,CM61-BEAD-IN-SPX110-6013,IN,12000.0,0.0,0.0,0.0,L,True,8,0,61.0,450.0,55.0,27
4562,CM61-BEAD-IN-AMG8-3686,IN,411100.8,0.0,0.0,2.0,L,True,172,0,71.0,1000.0,500.0,27
4563,CM61-BEAD-IN-SPX110-6184,IN,30000.0,0.0,0.0,0.0,L,True,19,0,61.0,450.0,55.0,27
4564,CM61-BEAD-IN-SPX110-6876,IN,36000.0,0.0,0.0,0.0,L,False,23,0,61.0,450.0,55.0,27
4565,CM61-BEAD-IN-SPX110-6350,IN,9000.0,0.0,0.0,0.0,L,False,6,0,61.0,450.0,55.0,27
4566,CM61-BEAD-IN-SPX110-6360,IN,76500.0,0.0,0.0,0.0,L,True,43,0,61.0,450.0,55.0,27
4567,CM61-BEAD-IN-OCR60-5312,IN,12709.44,0.0,0.0,3.0,L,True,9,0,50.0,10000.0,10000.0,27
4568,CM61-BEAD-IN-SPX110-6931,IN,6000.0,0.0,0.0,0.0,L,True,4,0,61.0,450.0,55.0,27
4569,CM61-BEAD-IN-SPX110-5855,IN,307500.0,0.0,0.0,0.0,L,True,178,0,61.0,450.0,55.0,27
4570,CM61-BEAD-IN-SPX110-6701,IN,90000.0,0.0,0.0,0.0,L,True,55,0,61.0,450.0,55.0,27
4571,CM61-BEAD-IN-SPX110-6576,IN,67500.0,0.0,0.0,0.0,L,True,43,0,61.0,450.0,55.0,27
4572,CM61-BEAD-IN-SPX110-5930,IN,12000.0,0.0,0.0,0.0,L,True,8,0,61.0,450.0,55.0,27
4573,CM61-BEAD-IN-SPX110-5781,IN,63000.0,0.0,0.0,0.0,L,True,38,0,61.0,450.0,55.0,27
4574,CM61-BEAD-IN-STM109-5082,IN,524465.63,0.0,22.0,27.0,L,True,237,0,50.0,2000.0,2000.0,27
4575,CM61-BEAD-IN-AMG8-3730,IN,150765.9,0.0,0.0,2.0,L,True,29,0,71.0,1000.0,500.0,27
4576,CM61-BEAD-IN-SPX110-6208,IN,48000.0,0.0,0.0,0.0,L,True,29,0,61.0,450.0,55.0,27
4577,CM61-BEAD-IN-SPX110-6107,IN,28500.0,0.0,0.0,0.0,L,True,17,0,61.0,450.0,55.0,27
4578,CM61-BEAD-IN-AMG8-3656,IN,284914.2,0.0,0.0,2.0,L,True,88,0,71.0,1000.0,500.0,27
4579,CM61-BEAD-IN-SPX110-6304,IN,9000.0,0.0,0.0,0.0,L,False,5,0,61.0,450.0,55.0,27
4580,CM61-BEAD-IN-SPX110-6548,IN,15000.0,0.0,0.0,0.0,L,True,10,0,61.0,450.0,55.0,27
4581,CM61-BEAD-IN-SPX110-6919,IN,64500.0,0.0,0.0,0.0,L,True,40,0,61.0,450.0,55.0,27
4582,CM61-BEAD-IN-SPX110-6690,IN,6000.0,0.0,0.0,0.0,L,True,4,0,61.0,450.0,55.0,27
4583,CM61-BEAD-IN-SPX110-6349,IN,64500.0,0.0,0.0,0.0,L,True,49,0,61.0,450.0,55.0,27
4584,CM61-BEAD-IN-SPX110-6105,IN,15000.0,0.0,0.0,0.0,L,True,10,0,61.0,450.0,55.0,27
4585,CM61-BEAD-IN-SPX110-6046,IN,1500.0,0.0,0.0,0.0,L,True,1,0,61.0,450.0,55.0,27
4586,CM61-BEAD-IN-OCR60-5718,IN,33891.84,0.0,0.0,3.0,L,True,24,0,50.0,10000.0,10000.0,27
4587,CM61-BEAD-IN-SPX110-6112,IN,34500.0,0.0,0.0,0.0,L,True,21,0,61.0,450.0,55.0,27
4588,CM61-BEAD-IN-SPX110-6734,IN,7500.0,0.0,0.0,0.0,L,True,5,0,61.0,450.0,55.0,27
4589,CM61-BEAD-IN-SPX110-6003,IN,165000.0,0.0,0.0,0.0,L,True,102,0,61.0,450.0,55.0,27
4590,CM61-BEAD-IN-SPX110-6100,IN,114000.0,0.0,0.0,0.0,L,True,73,0,61.0,450.0,55.0,27
4591,CM61-BEAD-IN-SPX110-6821,IN,12000.0,0.0,0.0,0.0,L,True,8,0,61.0,450.0,55.0,27
4592,CM61-BEAD-IN-SPX110-6746,IN,126000.0,0.0,0.0,0.0,L,True,81,0,61.0,450.0,55.0,27
4593,CM61-BEAD-IN-SPX110-6321,IN,19500.0,0.0,0.0,0.0,L,True,12,0,61.0,450.0,55.0,27
4594,CM61-BEAD-IN-SPX110-6588,IN,36000.0,0.0,0.0,0.0,L,True,22,0,61.0,450.0,55.0,27
4595,CM61-BEAD-IN-SPX110-6599,IN,24000.0,0.0,0.0,0.0,L,True,15,0,61.0,450.0,55.0,27
4596,CM61-BEAD-IN-STM109-5115,IN,435999.38,0.0,21.0,27.0,L,True,62,0,50.0,2000.0,2000.0,27
4597,CM61-BEAD-IN-SPX110-6226,IN,3000.0,0.0,0.0,0.0,L,True,2,0,61.0,450.0,55.0,27
4598,CM61-BEAD-IN-SPX110-6638,IN,16500.0,0.0,0.0,0.0,L,False,7,0,61.0,450.0,55.0,27
4599,CM61-BEAD-IN-SPX110-6006,IN,9000.0,0.0,0.0,0.0,L,False,6,0,61.0,450.0,55.0,27
4600,CM61-BEAD-IN-SPX110-6199,IN,138000.0,0.0,0.0,0.0,L,True,79,0,61.0,450.0,55.0,27
4601,CM61-BEAD-IN-SPX110-6643,IN,6000.0,0.0,0.0,0.0,L,True,4,0,61.0,450.0,55.0,27
4602,CM61-BEAD-IN-SPX110-6245,IN,76500.0,0.0,0.0,0.0,L,True,46,0,61.0,450.0,55.0,27
4603,CM61-BEAD-IN-SPX110-6101,IN,100500.0,0.0,0.0,0.0,L,True,56,0,61.0,450.0,55.0,27
4604,CM61-BEAD-IN-AMG8-3676,IN,150765.9,0.0,0.0,2.0,L,True,23,0,71.0,1000.0,500.0,27
4605,CM61-BEAD-IN-SPX110-5993,IN,37500.0,0.0,0.0,0.0,L,True,23,0,61.0,450.0,55.0,27
4606,CM61-BEAD-IN-SPX110-6496,IN,3000.0,0.0,0.0,0.0,L,True,2,0,61.0,450.0,55.0,27
4607,CM61-BEAD-IN-SPX110-5819,IN,16500.0,0.0,0.0,0.0,L,True,13,0,61.0,450.0,55.0,27
4608,CM61-BEAD-IN-OCR60-6251,IN,266898.24,0.0,0.0,3.0,L,True,189,0,50.0,10000.0,10000.0,27
4609,CM61-BEAD-IN-SPX110-5805,IN,15000.0,0.0,0.0,0.0,L,True,8,0,61.0,450.0,55.0,27
4610,CM61-BEAD-IN-SPX110-6717,IN,414000.0,0.0,0.0,0.0,L,True,255,0,61.0,450.0,55.0,27
4611,CM61-BEAD-IN-SPX110-6761,IN,81000.0,0.0,0.0,0.0,L,True,53,0,61.0,450.0,55.0,27
4612,CM61-BEAD-IN-SPX110-5859,IN,25500.0,0.0,0.0,0.0,L,True,16,0,61.0,450.0,55.0,27
4613,CM61-BEAD-IN-SPX110-6800,IN,81000.0,0.0,0.0,0.0,L,True,54,0,61.0,450.0,55.0,27
4614,CM61-BEAD-IN-SPX110-6201,IN,7500.0,0.0,0.0,0.0,L,True,5,0,61.0,450.0,55.0,27
4615,CM61-BEAD-IN-SPX110-6757,IN,72000.0,0.0,0.0,0.0,L,True,42,0,61.0,450.0,55.0,27
4616,CM61-BEAD-IN-SPX110-6838,IN,12000.0,0.0,0.0,0.0,L,True,7,0,61.0,450.0,55.0,27
4617,CM61-BEAD-IN-SPX110-6228,IN,51000.0,0.0,0.0,0.0,L,False,30,0,61.0,450.0,55.0,27
4618,CM61-BEAD-IN-SPX110-6381,IN,19500.0,0.0,0.0,0.0,L,False,10,0,61.0,450.0,55.0,27
4619,CM61-BEAD-IN-SPX110-6773,IN,7500.0,0.0,0.0,0.0,L,True,5,0,61.0,450.0,55.0,27
4620,CM61-BEAD-IN-SPX110-5747,IN,39000.0,0.0,0.0,0.0,L,False,23,0,61.0,450.0,55.0,27
4621,CM61-BEAD-IN-SPX110-6751,IN,147000.0,0.0,0.0,0.0,L,True,92,0,61.0,450.0,55.0,27
4622,CM61-BEAD-IN-SPX110-7048,IN,93000.0,0.0,0.0,0.0,L,True,62,0,61.0,450.0,55.0,27
4623,CM61-BEAD-IN-SPX110-6493,IN,81000.0,0.0,0.0,0.0,L,True,48,0,61.0,450.0,55.0,27
4624,CM61-BEAD-IN-SPX110-6390,IN,91500.0,0.0,0.0,0.0,L,True,59,0,61.0,450.0,55.0,27
4625,CM61-BEAD-IN-SPX110-5924,IN,4500.0,0.0,0.0,0.0,L,True,3,0,61.0,450.0,55.0,27
4626,CM61-BEAD-IN-SPX110-6470,IN,37500.0,0.0,0.0,0.0,L,True,21,0,61.0,450.0,55.0,27
4627,CM61-BEAD-IN-SPX110-6513,IN,3000.0,0.0,0.0,0.0,L,True,2,0,61.0,450.0,55.0,27
4628,CM61-BEAD-IN-STM109-5039,IN,227632.5,0.0,9.0,27.0,L,True,88,2,50.0,2000.0,2000.0,27
4629,CM61-BEAD-IN-SPX110-6115,IN,16500.0,0.0,0.0,0.0,L,True,10,0,61.0,450.0,55.0,27
4630,CM61-BEAD-IN-SPX110-6993,IN,7500.0,0.0,0.0,0.0,L,True,5,0,61.0,450.0,55.0,27
4631,CM61-BEAD-IN-SPX110-6135,IN,43500.0,0.0,0.0,0.0,L,True,37,0,61.0,450.0,55.0,27
4632,CM61-BEAD-IN-STM109-5218,IN,3896461.88,0.0,193.0,27.0,L,True,846,0,50.0,2000.0,2000.0,27
4633,CM61-BEAD-IN-SPX110-5800,IN,46500.0,0.0,0.0,0.0,L,True,28,0,61.0,450.0,55.0,27
4634,CM61-BEAD-IN-SPX110-6179,IN,10500.0,0.0,0.0,0.0,L,True,7,0,61.0,450.0,55.0,27
4635,CM61-BEAD-IN-SPX110-5933,IN,114000.0,0.0,0.0,0.0,L,True,73,0,61.0,450.0,55.0,27
4636,CM61-BEAD-IN-STM109-5091,IN,372838.13,0.0,19.0,27.0,L,True,52,0,50.0,2000.0,2000.0,27
4637,CM61-BEAD-IN-SPX110-5913,IN,25500.0,0.0,0.0,0.0,L,True,12,0,61.0,450.0,55.0,27
4638,CM61-BEAD-IN-SPX110-6386,IN,7500.0,0.0,0.0,0.0,L,True,5,0,61.0,450.0,55.0,27
4639,CM61-BEAD-IN-SPX110-5860,IN,21000.0,0.0,0.0,0.0,L,True,14,0,61.0,450.0,55.0,27
4640,CM61-BEAD-IN-SPX110-6613,IN,49500.0,0.0,0.0,0.0,L,True,30,0,61.0,450.0,55.0,27
4641,CM61-BEAD-IN-SPX110-5865,IN,199500.0,0.0,0.0,0.0,L,True,127,0,61.0,450.0,55.0,27
4642,CM61-BEAD-IN-SPX110-6854,IN,1500.0,0.0,0.0,0.0,L,True,1,0,61.0,450.0,55.0,27
4643,CM61-BEAD-IN-SPX110-6812,IN,66000.0,0.0,0.0,0.0,L,True,35,0,61.0,450.0,55.0,27
4644,CM61-BEAD-IN-SPX110-6989,IN,6000.0,0.0,0.0,0.0,L,True,4,0,61.0,450.0,55.0,27
4645,CM61-BEAD-IN-SPX110-6545,IN,13500.0,0.0,0.0,0.0,L,True,8,0,61.0,450.0,55.0,27
4646,CM61-BEAD-IN-SPX110-5882,IN,24000.0,0.0,0.0,0.0,L,False,15,0,61.0,450.0,55.0,27
4647,CM61-BEAD-IN-SPX110-6505,IN,1500.0,0.0,0.0,0.0,L,False,1,0,61.0,450.0,55.0,27
4648,CM61-BEAD-IN-SPX110-6652,IN,21000.0,0.0,0.0,0.0,L,True,14,0,61.0,450.0,55.0,27
4649,CM61-BEAD-IN-SPX110-6633,IN,1500.0,0.0,0.0,0.0,L,True,1,0,61.0,450.0,55.0,27
4650,CM61-BEAD-IN-SPX110-6895,IN,7500.0,0.0,0.0,0.0,L,True,5,0,61.0,450.0,55.0,27
4651,CM61-BEAD-IN-SPX110-7057,IN,27000.0,0.0,0.0,0.0,L,True,10,0,61.0,450.0,55.0,27
4652,CM61-BEAD-IN-SPX110-6921,IN,9000.0,0.0,0.0,0.0,L,True,6,0,61.0,450.0,55.0,27
4653,CM61-BEAD-IN-SPX110-5763,IN,10500.0,0.0,0.0,0.0,L,False,7,0,61.0,450.0,55.0,27
4654,CM61-BEAD-IN-SPX110-6631,IN,24000.0,0.0,0.0,0.0,L,True,13,0,61.0,450.0,55.0,27
4655,CM61-BEAD-IN-SPX110-6938,IN,84000.0,0.0,0.0,0.0,L,True,54,0,61.0,450.0,55.0,27
4656,CM61-BEAD-IN-SPX110-6897,IN,4500.0,0.0,0.0,0.0,L,False,3,0,61.0,450.0,55.0,27
4657,CM61-BEAD-IN-SPX110-6256,IN,19500.0,0.0,0.0,0.0,L,True,13,0,61.0,450.0,55.0,27
4658,CM61-BEAD-IN-SPX110-7010,IN,24000.0,0.0,0.0,0.0,L,False,15,0,61.0,450.0,55.0,27
4659,CM61-BEAD-IN-STM109-7071,IN,75845.87,0.0,3.0,27.0,L,True,17,0,50.0,2000.0,2000.0,27
4660,CM61-BEAD-IN-SPX110-6979,IN,4500.0,0.0,0.0,0.0,L,True,3,0,61.0,450.0,55.0,27
4661,CM61-BEAD-IN-SPX110-6168,IN,1500.0,0.0,0.0,0.0,L,True,1,0,61.0,450.0,55.0,27
4662,CM61-BEAD-IN-SPX110-5852,IN,168000.0,0.0,0.0,0.0,L,True,114,0,61.0,450.0,55.0,27
4663,CM61-BEAD-IN-SPX110-6992,IN,1500.0,0.0,0.0,0.0,L,True,1,0,61.0,450.0,55.0,27
4664,CM61-BEAD-IN-SPX110-6240,IN,4500.0,0.0,0.0,0.0,L,False,3,0,61.0,450.0,55.0,27
4665,CM61-BEAD-IN-OCR60-7184,IN,16945.92,0.0,0.0,3.0,L,True,12,0,50.0,10000.0,10000.0,27
4666,CM61-BEAD-IN-SPX110-6533,IN,33000.0,0.0,0.0,0.0,L,True,16,0,61.0,450.0,55.0,27
4667,CM61-BEAD-IN-STM109-5053,IN,266859.38,0.0,10.0,27.0,L,True,123,0,50.0,2000.0,2000.0,27
4668,CM61-BEAD-IN-OCR60-7185,IN,62135.04,0.0,0.0,3.0,L,True,44,0,50.0,10000.0,10000.0,27
4669,CM61-BEAD-IN-SPX110-6223,IN,69000.0,0.0,0.0,0.0,L,True,40,0,61.0,450.0,55.0,27
4670,CM61-BEAD-IN-SPX110-5785,IN,43500.0,0.0,0.0,0.0,L,True,24,0,61.0,450.0,55.0,27
4671,CM61-BEAD-IN-SPX110-6680,IN,96000.0,0.0,0.0,0.0,L,True,99,0,61.0,450.0,55.0,27
4672,CM61-BEAD-IN-STM109-5107,IN,440418.75,0.0,19.0,27.0,L,True,67,0,50.0,2000.0,2000.0,27
4673,CM61-BEAD-IN-SPX110-6726,IN,37500.0,0.0,0.0,0.0,L,True,23,0,61.0,450.0,55.0,27
4674,CM61-BEAD-IN-SPX110-6925,IN,15000.0,0.0,0.0,0.0,L,True,10,0,61.0,450.0,55.0,27
4675,CM61-BEAD-IN-SPX110-6325,IN,1500.0,0.0,0.0,0.0,L,False,1,0,61.0,450.0,55.0,27
4676,CM61-BEAD-IN-SPX110-5778,IN,84000.0,0.0,0.0,0.0,L,True,52,0,61.0,450.0,55.0,27
4677,CM61-BEAD-IN-SPX110-6628,IN,6000.0,0.0,0.0,0.0,L,True,4,0,61.0,450.0,55.0,27
4678,CM61-BEAD-IN-OCR60-7186,IN,5648.64,0.0,0.0,3.0,L,True,4,1,50.0,10000.0,10000.0,27
4679,CM61-BEAD-IN-SPX110-6483,IN,4500.0,0.0,0.0,0.0,L,False,3,0,61.0,450.0,55.0,27
4680,CM61-BEAD-IN-SPX110-6231,IN,3000.0,0.0,0.0,0.0,L,True,2,0,61.0,450.0,55.0,27
4681,CM61-BEAD-IN-SPX110-6929,IN,109500.0,0.0,0.0,0.0,L,True,71,0,61.0,450.0,55.0,27
4682,CM61-BEAD-IN-SPX110-6420,IN,153000.0,0.0,0.0,0.0,L,True,92,0,61.0,450.0,55.0,27
4683,CM61-BEAD-IN-SPX110-6271,IN,52500.0,0.0,0.0,0.0,L,True,34,0,61.0,450.0,55.0,27
4684,CM61-BEAD-IN-SPX110-5997,IN,3000.0,0.0,0.0,0.0,L,True,2,0,61.0,450.0,55.0,27
4685,CM61-BEAD-IN-SPX110-5927,IN,48000.0,0.0,0.0,0.0,L,True,32,0,61.0,450.0,55.0,27
4686,CM61-BEAD-IN-SPX110-6536,IN,9000.0,0.0,0.0,0.0,L,True,6,0,61.0,450.0,55.0,27
4687,CM61-BEAD-IN-SPX110-6148,IN,12000.0,0.0,0.0,0.0,L,True,47,0,61.0,450.0,55.0,27
4688,CM61-BEAD-IN-SPX110-6427,IN,1500.0,0.0,0.0,0.0,L,True,1,0,61.0,450.0,55.0,27
4689,CM61-BEAD-IN-SPX110-6014,IN,1500.0,0.0,0.0,0.0,L,True,1,0,61.0,450.0,55.0,27
4690,CM61-BEAD-IN-SPX110-6280,IN,1500.0,0.0,0.0,0.0,L,True,1,0,61.0,450.0,55.0,27
4691,CM61-BEAD-IN-SPX110-6819,IN,61500.0,0.0,0.0,0.0,L,True,41,0,61.0,450.0,55.0,27
4692,CM61-BEAD-IN-AMG8-3469,IN,430125.7,0.0,0.0,2.0,L,True,339,0,71.0,1000.0,500.0,27
4693,CM61-BEAD-IN-SPX110-6629,IN,39000.0,0.0,0.0,0.0,L,True,25,0,61.0,450.0,55.0,27
4694,CM61-BEAD-IN-BSD70-4179,IN,48702.0,4.0,0.0,1.0,L,True,9,0,50.0,2000.0,2000.0,27
4695,CM61-BEAD-IN-SPX110-5946,IN,3000.0,0.0,0.0,0.0,L,True,1,0,61.0,450.0,55.0,27
4696,CM61-BEAD-IN-OCR60-7187,IN,50837.76,0.0,0.0,3.0,L,True,36,0,50.0,10000.0,10000.0,27
4697,CM61-BEAD-IN-SPX110-6132,IN,34500.0,0.0,0.0,0.0,L,True,23,0,61.0,450.0,55.0,27
4698,CM61-BEAD-IN-SPX110-6214,IN,18000.0,0.0,0.0,0.0,L,False,12,0,61.0,450.0,55.0,27
4699,CM61-BEAD-IN-SPX110-6898,IN,3000.0,0.0,0.0,0.0,L,False,2,0,61.0,450.0,55.0,27
4700,CM61-BEAD-IN-SPX110-6508,IN,3000.0,0.0,0.0,0.0,L,True,2,0,61.0,450.0,55.0,27
4701,CM61-BEAD-IN-SPX110-6687,IN,12000.0,0.0,0.0,0.0,L,True,8,0,61.0,450.0,55.0,27
4702,CM61-BEAD-IN-SPX110-5937,IN,9000.0,0.0,0.0,0.0,L,True,6,0,61.0,450.0,55.0,27
4703,CM61-BEAD-IN-SPX110-6047,IN,39000.0,0.0,0.0,0.0,L,True,25,0,61.0,450.0,55.0,27
4704,CM61-BEAD-IN-SPX110-5802,IN,60000.0,0.0,0.0,0.0,L,False,34,0,61.0,450.0,55.0,27
4705,CM61-BEAD-IN-SPX110-6873,IN,18000.0,0.0,0.0,0.0,L,True,12,0,61.0,450.0,55.0,27
4706,CM61-BEAD-IN-OCR60-5727,IN,14121.6,0.0,0.0,3.0,L,True,10,0,50.0,10000.0,10000.0,27
4707,CM61-BEAD-IN-SPX110-6942,IN,4500.0,0.0,0.0,0.0,L,True,3,0,61.0,450.0,55.0,27
4708,CM61-BEAD-IN-SPX110-6657,IN,48000.0,0.0,0.0,0.0,L,True,30,0,61.0,450.0,55.0,27
4709,CM61-BEAD-IN-SPX110-6037,IN,28500.0,0.0,0.0,0.0,L,True,17,0,61.0,450.0,55.0,27
4710,CM61-BEAD-IN-SPX110-6783,IN,1500.0,0.0,0.0,0.0,L,True,1,0,61.0,450.0,55.0,27
4711,CM61-BEAD-IN-SPX110-6826,IN,102000.0,0.0,0.0,0.0,L,True,66,0,61.0,450.0,55.0,27
4712,CM61-BEAD-IN-STM109-5035,IN,1706386.88,0.0,78.0,27.0,L,True,346,0,50.0,2000.0,2000.0,27
4713,CM61-BEAD-IN-SPX110-6994,IN,18000.0,0.0,0.0,0.0,L,True,12,0,61.0,450.0,55.0,27
4714,CM61-BEAD-IN-SPX110-6268,IN,37500.0,0.0,0.0,0.0,L,False,25,0,61.0,450.0,55.0,27
4715,CM61-BEAD-IN-SPX110-6165,IN,1500.0,0.0,0.0,0.0,L,True,1,0,61.0,450.0,55.0,27
4716,CM61-BEAD-IN-SPX110-6957,IN,3000.0,0.0,0.0,0.0,L,True,2,0,61.0,450.0,55.0,27
4717,CM61-BEAD-IN-SPX110-6747,IN,12000.0,0.0,0.0,0.0,L,True,8,0,61.0,450.0,55.0,27
4718,CM61-BEAD-IN-SPX110-6142,IN,7500.0,0.0,0.0,0.0,L,True,5,0,61.0,450.0,55.0,27
4719,CM61-BEAD-IN-SPX110-6421,IN,4500.0,0.0,0.0,0.0,L,True,3,0,61.0,450.0,55.0,27
4720,CM61-BEAD-IN-SPX110-6914,IN,39000.0,0.0,0.0,0.0,L,True,23,0,61.0,450.0,55.0,27
4721,CM61-BEAD-IN-SPX110-5968,IN,7500.0,0.0,0.0,0.0,L,True,5,0,61.0,450.0,55.0,27
4722,CM61-BEAD-IN-SPX110-6985,IN,7500.0,0.0,0.0,0.0,L,True,27,0,61.0,450.0,55.0,27
4723,CM61-BEAD-IN-STM109-5134,IN,2256060.0,0.0,107.0,27.0,L,True,569,0,50.0,2000.0,2000.0,27
4724,CM61-BEAD-IN-AMG8-3534,IN,295357.3,0.0,0.0,2.0,L,True,240,0,71.0,1000.0,500.0,27
4725,CM61-BEAD-IN-SPX110-6766,IN,3000.0,0.0,0.0,0.0,L,True,2,0,61.0,450.0,55.0,27
4726,CM61-BEAD-IN-SPX110-6365,IN,4500.0,0.0,0.0,0.0,L,False,2,0,61.0,450.0,55.0,27
4727,CM61-BEAD-IN-SPX110-6374,IN,1500.0,0.0,0.0,0.0,L,True,1,0,61.0,450.0,55.0,27
4728,CM61-BEAD-IN-SPX110-6236,IN,3000.0,0.0,0.0,0.0,L,True,2,0,61.0,450.0,55.0,27
4729,CM61-BEAD-IN-SPX110-6963,IN,33000.0,0.0,0.0,0.0,L,True,20,0,61.0,450.0,55.0,27
4730,CM61-BEAD-IN-SPX110-6064,IN,187500.0,0.0,0.0,0.0,L,True,51,0,61.0,450.0,55.0,27
4731,CM61-BEAD-IN-SPX110-5741,IN,3000.0,0.0,0.0,0.0,L,True,2,0,61.0,450.0,55.0,27
4732,CM61-BEAD-IN-SPX110-6138,IN,3000.0,0.0,0.0,0.0,L,True,2,0,61.0,450.0,55.0,27
4733,CM61-BEAD-IN-SPX110-6481,IN,12000.0,0.0,0.0,0.0,L,True,6,0,61.0,450.0,55.0,27
4734,CM61-BEAD-IN-SPX110-5915,IN,36000.0,0.0,0.0,0.0,L,True,23,0,61.0,450.0,55.0,27
4735,CM61-BEAD-IN-SPX110-5853,IN,165000.0,0.0,0.0,0.0,L,True,107,0,61.0,450.0,55.0,27
4736,CM61-BEAD-IN-SPX110-6911,IN,22500.0,0.0,0.0,0.0,L,True,14,0,61.0,450.0,55.0,27
4737,CM61-BEAD-IN-SPX110-6592,IN,7500.0,0.0,0.0,0.0,L,True,5,0,61.0,450.0,55.0,27
4738,CM61-BEAD-IN-SPX110-6469,IN,15000.0,0.0,0.0,0.0,L,True,9,0,61.0,450.0,55.0,27
4739,CM61-BEAD-IN-SPX110-6320,IN,4500.0,0.0,0.0,0.0,L,True,3,0,61.0,450.0,55.0,27
4740,CM61-BEAD-IN-SPX110-6759,IN,3000.0,0.0,0.0,0.0,L,True,2,0,61.0,450.0,55.0,27
4741,CM61-BEAD-IN-SPX110-6909,IN,1500.0,0.0,0.0,0.0,L,True,1,0,61.0,450.0,55.0,27
4742,CM61-BEAD-IN-SPX110-6947,IN,1500.0,0.0,0.0,0.0,L,False,1,0,61.0,450.0,55.0,27
4743,CM61-BEAD-IN-SPX110-6329,IN,28500.0,0.0,0.0,0.0,L,True,18,0,61.0,450.0,55.0,27
4744,CM61-BEAD-IN-SPX110-6413,IN,16500.0,0.0,0.0,0.0,L,True,9,0,61.0,450.0,55.0,27
4745,CM61-BEAD-IN-SPX110-6197,IN,6000.0,0.0,0.0,0.0,L,True,4,0,61.0,450.0,55.0,27
4746,CM61-BEAD-IN-SPX110-5833,IN,6000.0,0.0,0.0,0.0,L,True,4,0,61.0,450.0,55.0,27
4747,CM61-BEAD-IN-SPX110-6212,IN,4500.0,0.0,0.0,0.0,L,True,3,0,61.0,450.0,55.0,27
4748,CM61-BEAD-IN-SPX110-6797,IN,4500.0,0.0,0.0,0.0,L,True,3,0,61.0,450.0,55.0,27
4749,CM61-BEAD-IN-SPX110-6656,IN,21000.0,0.0,0.0,0.0,L,True,12,0,61.0,450.0,55.0,27
4750,CM61-BEAD-IN-SPX110-6698,IN,1500.0,0.0,0.0,0.0,L,True,1,0,61.0,450.0,55.0,27
4751,CM61-BEAD-IN-SPX110-6242,IN,28500.0,0.0,0.0,0.0,L,True,18,0,61.0,450.0,55.0,27
4752,CM61-BEAD-IN-SPX110-6683,IN,4500.0,0.0,0.0,0.0,L,True,3,0,61.0,450.0,55.0,27
4753,CM61-BEAD-IN-SPX110-6440,IN,25500.0,0.0,0.0,0.0,L,True,14,0,61.0,450.0,55.0,27
4754,CM61-BEAD-IN-STM109-5033,IN,181321.88,0.0,8.0,27.0,L,True,63,0,50.0,2000.0,2000.0,27
4755,CM61-BEAD-IN-AMG8-3756,IN,150697.0,0.0,0.0,2.0,L,True,20,0,71.0,1000.0,500.0,27
4756,CM61-BEAD-IN-SPX110-5980,IN,37500.0,0.0,0.0,0.0,L,True,20,0,61.0,450.0,55.0,27
4757,CM61-BEAD-IN-STM109-5215,IN,1741246.88,0.0,77.0,27.0,L,True,386,0,50.0,2000.0,2000.0,27
4758,CM61-BEAD-IN-SPX110-6388,IN,3000.0,0.0,0.0,0.0,L,True,2,0,61.0,450.0,55.0,27
4759,CM61-BEAD-IN-SPX110-6695,IN,3000.0,0.0,0.0,0.0,L,True,2,0,61.0,450.0,55.0,27
4760,CM61-BEAD-IN-SPX110-6640,IN,27000.0,0.0,0.0,0.0,L,True,18,0,61.0,450.0,55.0,27
4761,CM61-BEAD-IN-SPX110-6902,IN,7500.0,0.0,0.0,0.0,L,True,5,0,61.0,450.0,55.0,27
4762,CM61-BEAD-IN-SPX110-6621,IN,4500.0,0.0,0.0,0.0,L,True,3,0,61.0,450.0,55.0,27
4763,CM61-BEAD-IN-SPX110-6261,IN,21000.0,0.0,0.0,0.0,L,False,14,0,61.0,450.0,55.0,27
4764,CM61-BEAD-IN-SPX110-6543,IN,57000.0,0.0,0.0,0.0,L,False,35,0,61.0,450.0,55.0,27
4765,CM61-BEAD-IN-STM109-5219,IN,77610.0,0.0,1.0,27.0,L,True,67,0,50.0,2000.0,2000.0,27
4766,CM61-BEAD-IN-SPX110-6737,IN,18000.0,0.0,0.0,0.0,L,True,12,0,61.0,450.0,55.0,27
4767,CM61-BEAD-IN-SPX110-6352,IN,33000.0,0.0,0.0,0.0,L,False,20,0,61.0,450.0,55.0,27
4768,CM61-BEAD-IN-SPX110-5916,IN,39000.0,0.0,0.0,0.0,L,True,25,0,61.0,450.0,55.0,27
4769,CM61-BEAD-IN-SPX110-6361,IN,19500.0,0.0,0.0,0.0,L,True,12,0,61.0,450.0,55.0,27
4770,CM61-BEAD-IN-SPX110-5840,IN,21000.0,0.0,0.0,0.0,L,True,14,0,61.0,450.0,55.0,27
4771,CM61-BEAD-IN-SPX110-6454,IN,7500.0,0.0,0.0,0.0,L,True,4,0,61.0,450.0,55.0,27
4772,CM61-BEAD-IN-SPX110-6704,IN,4500.0,0.0,0.0,0.0,L,True,3,0,61.0,450.0,55.0,27
4773,CM61-BEAD-IN-SPX110-5749,IN,67500.0,0.0,0.0,0.0,L,False,39,0,61.0,450.0,55.0,27
4774,CM61-BEAD-IN-SPX110-6949,IN,7500.0,0.0,0.0,0.0,L,True,5,0,61.0,450.0,55.0,27
4775,CM61-BEAD-IN-SPX110-6574,IN,42000.0,0.0,0.0,0.0,L,True,28,0,61.0,450.0,55.0,27
4776,CM61-BEAD-IN-SPX110-6241,IN,13500.0,0.0,0.0,0.0,L,True,9,0,61.0,450.0,55.0,27
4777,CM61-BEAD-IN-SPX110-6418,IN,4500.0,0.0,0.0,0.0,L,True,3,0,61.0,450.0,55.0,27
4778,CM61-BEAD-IN-SPX110-6200,IN,1500.0,0.0,0.0,0.0,L,False,1,0,61.0,450.0,55.0,27
4779,CM61-BEAD-IN-OCR60-6580,IN,74844.48,0.0,0.0,3.0,L,True,52,0,50.0,10000.0,10000.0,27
4780,CM61-BEAD-IN-SPX110-6060,IN,10500.0,0.0,0.0,0.0,L,True,7,0,61.0,450.0,55.0,27
4781,CM61-BEAD-IN-SPX110-6130,IN,43500.0,0.0,0.0,0.0,L,False,28,0,61.0,450.0,55.0,27
4782,CM61-BEAD-IN-OCR60-5702,IN,32479.68,0.0,0.0,3.0,L,True,23,0,50.0,10000.0,10000.0,27
4783,CM61-BEAD-IN-SPX110-6745,IN,3000.0,0.0,0.0,0.0,L,True,1,0,61.0,450.0,55.0,27
4784,CM61-BEAD-IN-SPX110-6445,IN,46500.0,0.0,0.0,0.0,L,True,27,0,61.0,450.0,55.0,27
4785,CM61-BEAD-IN-SPX110-6158,IN,36000.0,0.0,0.0,0.0,L,True,22,0,61.0,450.0,55.0,27
4786,CM61-BEAD-IN-SPX110-6217,IN,1500.0,0.0,0.0,0.0,L,True,1,0,61.0,450.0,55.0,27
4787,CM61-BEAD-IN-SPX110-5963,IN,139500.0,0.0,0.0,0.0,L,True,85,0,61.0,450.0,55.0,27
4788,CM61-BEAD-IN-SPX110-5972,IN,45000.0,0.0,0.0,0.0,L,True,27,0,61.0,450.0,55.0,27
4789,CM61-BEAD-IN-LIG14-3603,IN,0.0,0.0,0.0,0.0,L,True,2,0,50.0,8000.0,8000.0,27
4790,CM61-BEAD-IN-SPX110-6193,IN,22500.0,0.0,0.0,0.0,L,False,12,0,61.0,450.0,55.0,27
4791,CM61-BEAD-IN-SPX110-5847,IN,12000.0,0.0,0.0,0.0,L,True,8,0,61.0,450.0,55.0,27
4792,CM61-BEAD-IN-SPX110-6120,IN,4500.0,0.0,0.0,0.0,L,True,3,0,61.0,450.0,55.0,27
4793,CM61-BEAD-IN-SPX110-6290,IN,12000.0,0.0,0.0,0.0,L,True,8,0,61.0,450.0,55.0,27
4794,CM61-BEAD-IN-SPX110-5775,IN,33000.0,0.0,0.0,0.0,L,True,19,0,61.0,450.0,55.0,27
4795,CM61-BEAD-IN-SPX110-6546,IN,15000.0,0.0,0.0,0.0,L,True,9,0,61.0,450.0,55.0,27
4796,CM61-BEAD-IN-SPX110-6855,IN,21000.0,0.0,0.0,0.0,L,True,25,0,61.0,450.0,55.0,27
4797,CM61-BEAD-IN-SPX110-6982,IN,16500.0,0.0,0.0,0.0,L,True,9,0,61.0,450.0,55.0,27
4798,CM61-BEAD-IN-SPX110-6682,IN,33000.0,0.0,0.0,0.0,L,True,19,0,61.0,450.0,55.0,27
4799,CM61-BEAD-IN-STM109-5057,IN,117099.38,0.0,3.0,27.0,L,True,61,0,50.0,2000.0,2000.0,27
4800,CM61-BEAD-IN-SPX110-6061,IN,1500.0,0.0,0.0,0.0,L,True,1,0,61.0,450.0,55.0,27
4801,CM61-BEAD-IN-SPX110-6468,IN,43500.0,0.0,0.0,0.0,L,True,23,0,61.0,450.0,55.0,27
4802,CM61-BEAD-IN-STM109-7073,IN,77626.99,0.0,4.0,27.0,L,True,14,0,50.0,2000.0,2000.0,27
4803,CM61-BEAD-IN-SPX110-6267,IN,18000.0,0.0,0.0,0.0,L,True,11,0,61.0,450.0,55.0,27
4804,CM61-BEAD-IN-SPX110-5958,IN,3000.0,0.0,0.0,0.0,L,True,1,0,61.0,450.0,55.0,27
4805,CM61-BEAD-IN-JCR17-3915,IN,1390.0,0.0,0.0,0.0,L,True,1,0,50.0,2000.0,1000.0,27
4806,CM61-BEAD-IN-SPX110-6981,IN,7500.0,0.0,0.0,0.0,L,True,5,0,61.0,450.0,55.0,27
4807,CM61-BEAD-IN-SPX110-5925,IN,1500.0,0.0,0.0,0.0,L,True,1,0,61.0,450.0,55.0,27
4808,CM61-BEAD-IN-SPX110-6059,IN,16500.0,0.0,0.0,0.0,L,False,11,0,61.0,450.0,55.0,27
4809,CM61-BEAD-IN-SPX110-6500,IN,4500.0,0.0,0.0,0.0,L,True,3,0,61.0,450.0,55.0,27
4810,CM61-BEAD-IN-SPX110-6069,IN,331500.0,0.0,0.0,0.0,L,True,224,0,61.0,450.0,55.0,27
4811,CM61-BEAD-IN-SPX110-6987,IN,13500.0,0.0,0.0,0.0,L,True,9,0,61.0,450.0,55.0,27
4812,CM61-BEAD-IN-SPX110-6908,IN,31500.0,0.0,0.0,0.0,L,False,20,0,61.0,450.0,55.0,27
4813,CM61-BEAD-IN-SPX110-6547,IN,76500.0,0.0,0.0,0.0,L,True,49,0,61.0,450.0,55.0,27
4814,CM61-BEAD-IN-SPX110-6404,IN,1500.0,0.0,0.0,0.0,L,True,1,0,61.0,450.0,55.0,27
4815,CM61-BEAD-IN-RTC81-3325,IN,0.0,0.0,0.0,0.0,L,True,9,0,50.0,1000.0,1000.0,27
4816,CM61-BEAD-IN-SPX110-6426,IN,9000.0,0.0,0.0,0.0,L,True,6,0,61.0,450.0,55.0,27
4817,CM61-BEAD-IN-SPX110-6882,IN,42000.0,0.0,0.0,0.0,L,False,28,0,61.0,450.0,55.0,27
4818,CM61-BEAD-IN-SPX110-5772,IN,15000.0,0.0,0.0,0.0,L,True,10,0,61.0,450.0,55.0,27
4819,CM61-BEAD-IN-SPX110-6650,IN,18000.0,0.0,0.0,0.0,L,False,12,0,61.0,450.0,55.0,27
4820,CM61-BEAD-IN-SPX110-5831,IN,27000.0,0.0,0.0,0.0,L,True,17,0,61.0,450.0,55.0,27
4821,CM61-BEAD-IN-SPX110-6668,IN,309000.0,0.0,0.0,0.0,L,False,194,0,61.0,450.0,55.0,27
4822,CM61-BEAD-IN-SPX110-6131,IN,1500.0,0.0,0.0,0.0,L,True,1,0,61.0,450.0,55.0,27
4823,CM61-BEAD-IN-SPX110-6495,IN,1500.0,0.0,0.0,0.0,L,True,1,0,61.0,450.0,55.0,27
4824,CM61-BEAD-IN-SPX110-6486,IN,4500.0,0.0,0.0,0.0,L,True,3,0,61.0,450.0,55.0,27
4825,CM61-BEAD-IN-SPX110-5798,IN,6000.0,0.0,0.0,0.0,L,True,4,0,61.0,450.0,55.0,27
4826,CM61-BEAD-IN-SPX110-6977,IN,22500.0,0.0,0.0,0.0,L,True,15,0,61.0,450.0,55.0,27
4827,CM61-BEAD-IN-SPX110-6918,IN,10500.0,0.0,0.0,0.0,L,True,6,0,61.0,450.0,55.0,27
4828,CM61-BEAD-IN-SPX110-6610,IN,10500.0,0.0,0.0,0.0,L,True,6,0,61.0,450.0,55.0,27
4829,CM61-BEAD-IN-SPX110-6300,IN,9000.0,0.0,0.0,0.0,L,True,4,0,61.0,450.0,55.0,27
4830,CM61-BEAD-IN-SPX110-6373,IN,3000.0,0.0,0.0,0.0,L,True,2,0,61.0,450.0,55.0,27
4831,CM61-BEAD-IN-SPX110-6816,IN,54000.0,0.0,0.0,0.0,L,True,34,0,61.0,450.0,55.0,27
4832,CM61-BEAD-IN-STM109-5051,IN,700014.38,0.0,33.0,27.0,L,True,94,0,50.0,2000.0,2000.0,27
4833,CM61-BEAD-IN-SPX110-6510,IN,21000.0,0.0,0.0,0.0,L,True,13,0,61.0,450.0,55.0,27
4834,CM61-BEAD-IN-SPX110-6972,IN,3000.0,0.0,0.0,0.0,L,True,2,0,61.0,450.0,55.0,27
4835,CM61-BEAD-IN-SPX110-6961,IN,6000.0,0.0,0.0,0.0,L,True,4,0,61.0,450.0,55.0,27
4836,CM61-BEAD-IN-SUR20-4398,IN,89225.84,0.0,2.0,6.0,L,True,10,0,50.0,10000.0,10000.0,27
4837,CM61-BEAD-IN-SPX110-6068,IN,4500.0,0.0,0.0,0.0,L,True,3,0,61.0,450.0,55.0,27
4838,CM61-BEAD-IN-SPX110-5870,IN,45000.0,0.0,0.0,0.0,L,True,30,0,61.0,450.0,55.0,27
4839,CM61-BEAD-IN-SPX110-6750,IN,4500.0,0.0,0.0,0.0,L,True,2,0,61.0,450.0,55.0,27
4840,CM61-BEAD-IN-SPX110-6314,IN,3000.0,0.0,0.0,0.0,L,True,2,0,61.0,450.0,55.0,27
4841,CM61-BEAD-IN-CCX43-4101,IN,1662875.0,17.0,25.0,5.0,L,True,252,0,50.0,0.0,0.0,27
4842,CM61-BEAD-IN-SPX110-6379,IN,34500.0,0.0,0.0,0.0,L,True,22,0,61.0,450.0,55.0,27
4843,CM61-BEAD-IN-SPX110-5926,IN,3000.0,0.0,0.0,0.0,L,True,2,0,61.0,450.0,55.0,27
4844,CM61-BEAD-IN-SPX110-6720,IN,34500.0,0.0,0.0,0.0,L,False,21,0,61.0,450.0,55.0,27
4845,CM61-BEAD-IN-SPX110-5818,IN,1500.0,0.0,0.0,0.0,L,True,1,0,61.0,450.0,55.0,27
4846,CM61-BEAD-IN-OCR60-5704,IN,5648.64,0.0,0.0,3.0,L,True,4,0,50.0,10000.0,10000.0,27
4847,CM61-BEAD-IN-OCR60-5705,IN,1412.16,0.0,0.0,3.0,L,True,1,0,50.0,10000.0,10000.0,27
4848,CM61-BEAD-IN-SPX110-6954,IN,12000.0,0.0,0.0,0.0,L,False,8,0,61.0,450.0,55.0,27
4849,CM61-BEAD-IN-OCR60-5708,IN,1412.16,0.0,0.0,3.0,L,True,1,0,50.0,10000.0,10000.0,27
4850,CM61-BEAD-IN-SPX110-6786,IN,4500.0,0.0,0.0,0.0,L,False,3,0,61.0,450.0,55.0,27
4851,CM61-BEAD-IN-SPX110-6559,IN,1500.0,0.0,0.0,0.0,L,True,1,0,61.0,450.0,55.0,27
4852,CM61-BEAD-IN-OCR60-5731,IN,28243.2,0.0,0.0,3.0,L,True,20,0,50.0,10000.0,10000.0,27
4853,CM61-BEAD-IN-SPX110-6518,IN,1500.0,0.0,0.0,0.0,L,False,1,0,61.0,450.0,55.0,27
4854,CM61-BEAD-IN-SPX110-5828,IN,12000.0,0.0,0.0,0.0,L,True,4,0,61.0,450.0,55.0,27
4855,CM61-BEAD-IN-SPX110-6673,IN,4500.0,0.0,0.0,0.0,L,True,2,0,61.0,450.0,55.0,27
4856,CM61-BEAD-IN-SPX110-6438,IN,3000.0,0.0,0.0,0.0,L,True,2,0,61.0,450.0,55.0,27
4857,CM61-BEAD-IN-SPX110-6768,IN,4500.0,0.0,0.0,0.0,L,False,3,0,61.0,450.0,55.0,27
4858,CM61-BEAD-IN-SPX110-6188,IN,15000.0,0.0,0.0,0.0,L,True,10,0,61.0,450.0,55.0,27
4859,CM61-BEAD-IN-SPX110-6346,IN,7500.0,0.0,0.0,0.0,L,True,5,0,61.0,450.0,55.0,27
4860,CM61-BEAD-IN-SPX110-6433,IN,37500.0,0.0,0.0,0.0,L,True,22,0,61.0,450.0,55.0,27
4861,CM61-BEAD-IN-SPX110-6617,IN,54000.0,0.0,0.0,0.0,L,True,33,0,61.0,450.0,55.0,27
4862,CM61-BEAD-IN-SPX110-6770,IN,9000.0,0.0,0.0,0.0,L,True,6,0,61.0,450.0,55.0,27
4863,CM61-BEAD-IN-SPX110-6074,IN,4500.0,0.0,0.0,0.0,L,False,3,0,61.0,450.0,55.0,27
4864,CM61-BEAD-IN-SPX110-6681,IN,12000.0,0.0,0.0,0.0,L,False,8,0,61.0,450.0,55.0,27
4865,CM61-BEAD-IN-LIG14-3899,IN,25000.0,0.0,1.0,0.0,L,True,5,0,50.0,8000.0,8000.0,27
4866,CM61-BEAD-IN-SPX110-6928,IN,4500.0,0.0,0.0,0.0,L,False,2,0,61.0,450.0,55.0,27
4867,CM61-BEAD-IN-SPX110-5952,IN,3000.0,0.0,0.0,0.0,L,True,2,0,61.0,450.0,55.0,27
4868,CM61-BEAD-IN-OCR60-5710,IN,46601.28,0.0,0.0,3.0,L,True,33,0,50.0,10000.0,10000.0,27
4869,CM61-BEAD-IN-SPX110-6473,IN,3000.0,0.0,0.0,0.0,L,True,2,0,61.0,450.0,55.0,27
4870,CM61-BEAD-IN-SPX110-6903,IN,40500.0,0.0,0.0,0.0,L,True,27,0,61.0,450.0,55.0,27
4871,CM61-BEAD-IN-SPX110-6967,IN,3000.0,0.0,0.0,0.0,L,True,2,0,61.0,450.0,55.0,27
4872,CM61-BEAD-IN-SPX110-6596,IN,235500.0,0.0,0.0,0.0,L,True,141,0,61.0,450.0,55.0,27
4873,CM61-BEAD-IN-SPX110-6693,IN,7500.0,0.0,0.0,0.0,L,True,3,0,61.0,450.0,55.0,27
4874,CM61-BEAD-IN-SPX110-6482,IN,1500.0,0.0,0.0,0.0,L,True,1,0,61.0,450.0,55.0,27
4875,CM61-BEAD-IN-SPX110-6494,IN,6000.0,0.0,0.0,0.0,L,True,4,0,61.0,450.0,55.0,27
4876,CM61-BEAD-IN-SPX110-6002,IN,6000.0,0.0,0.0,0.0,L,True,4,0,61.0,450.0,55.0,27
4877,CM61-BEAD-IN-SPX110-6887,IN,6000.0,0.0,0.0,0.0,L,True,3,0,61.0,450.0,55.0,27
4878,CM61-BEAD-IN-RTC81-4091,IN,0.0,0.0,0.0,0.0,L,True,2,0,50.0,1000.0,1000.0,27
4879,CM61-BEAD-IN-SPX110-6892,IN,6000.0,0.0,0.0,0.0,L,False,4,0,61.0,450.0,55.0,27
4880,CM61-BEAD-IN-SPX110-6674,IN,9000.0,0.0,0.0,0.0,L,False,6,0,61.0,450.0,55.0,27
4881,CM61-BEAD-IN-SPX110-6583,IN,69000.0,0.0,0.0,0.0,L,True,43,0,61.0,450.0,55.0,27
4882,CM61-BEAD-IN-SPX110-5981,IN,1500.0,0.0,0.0,0.0,L,True,1,0,61.0,450.0,55.0,27
4883,CM61-BEAD-IN-SPX110-5869,IN,16500.0,0.0,0.0,0.0,L,True,11,0,61.0,450.0,55.0,27
4884,CM61-BEAD-IN-SPX110-5964,IN,6000.0,0.0,0.0,0.0,L,True,4,0,61.0,450.0,55.0,27
4885,CM61-BEAD-IN-SPX110-6856,IN,27000.0,0.0,0.0,0.0,L,True,10,0,61.0,450.0,55.0,27
4886,CM61-BEAD-IN-OCR60-5711,IN,24006.72,0.0,0.0,3.0,L,True,17,0,50.0,10000.0,10000.0,27
4887,CM61-BEAD-IN-SPX110-6364,IN,1500.0,0.0,0.0,0.0,L,True,1,0,61.0,450.0,55.0,27
4888,CM61-BEAD-IN-OCR60-5755,IN,7060.8,0.0,0.0,3.0,L,True,5,0,50.0,10000.0,10000.0,27
4889,CM61-BEAD-IN-SPX110-6034,IN,1500.0,0.0,0.0,0.0,L,True,1,0,61.0,450.0,55.0,27
4890,CM61-BEAD-IN-SPX110-6336,IN,1500.0,0.0,0.0,0.0,L,True,1,0,61.0,450.0,55.0,27
4891,CM61-BEAD-IN-SPX110-5764,IN,6000.0,0.0,0.0,0.0,L,True,4,0,61.0,450.0,55.0,27
4892,CM61-BEAD-IN-OCR60-6863,IN,249952.32,0.0,0.0,3.0,L,True,174,0,50.0,10000.0,10000.0,27
4893,CM61-BEAD-IN-OCR60-5712,IN,2824.32,0.0,0.0,3.0,L,True,2,0,50.0,10000.0,10000.0,27
4894,CM61-BEAD-IN-SPX110-5953,IN,1500.0,0.0,0.0,0.0,L,True,1,0,61.0,450.0,55.0,27
4895,CM61-BEAD-IN-SPX110-6636,IN,1500.0,0.0,0.0,0.0,L,False,1,0,61.0,450.0,55.0,27
4896,CM61-BEAD-IN-STM109-7139,IN,58183.5,0.0,2.0,27.0,L,True,20,0,50.0,2000.0,2000.0,27
4897,CM61-BEAD-IN-SPX110-6880,IN,1500.0,0.0,0.0,0.0,L,True,1,0,61.0,450.0,55.0,27
4898,CM61-BEAD-IN-BSD70-4173,IN,117362.0,5.0,0.0,1.0,L,True,26,1,50.0,2000.0,2000.0,27
4899,CM61-BEAD-IN-DCR66-5301,IN,111370.0,18.0,3.0,3.0,L,True,23,0,50.0,1000.0,1000.0,27
4900,CM61-BEAD-IN-SPX110-5966,IN,9000.0,0.0,0.0,0.0,L,True,6,0,61.0,450.0,55.0,27
4901,CM61-BEAD-IN-SPX110-6660,IN,9000.0,0.0,0.0,0.0,L,True,6,0,61.0,450.0,55.0,27
4902,CM61-BEAD-IN-SPX110-6078,IN,31500.0,0.0,0.0,0.0,L,True,21,0,61.0,450.0,55.0,27
4903,CM61-BEAD-IN-AMG8-3823,IN,145662.55,0.0,0.0,2.0,L,True,19,0,71.0,1000.0,500.0,27
4904,CM61-BEAD-IN-SPX110-6573,IN,33000.0,0.0,0.0,0.0,L,True,21,0,61.0,450.0,55.0,27
4905,CM61-BEAD-IN-OCR60-7182,IN,53662.08,0.0,0.0,3.0,L,True,38,0,50.0,10000.0,10000.0,27
4906,CM61-BEAD-IN-SPX110-6400,IN,12000.0,0.0,0.0,0.0,L,True,8,0,61.0,450.0,55.0,27
4907,CM61-BEAD-IN-SPX110-6960,IN,9000.0,0.0,0.0,0.0,L,False,6,0,61.0,450.0,55.0,27
4908,CM61-BEAD-IN-SPX110-6625,IN,1500.0,0.0,0.0,0.0,L,False,1,0,61.0,450.0,55.0,27
4909,CM61-BEAD-IN-SPX110-6917,IN,7500.0,0.0,0.0,0.0,L,True,4,0,61.0,450.0,55.0,27
4910,CM61-BEAD-IN-SPX110-6827,IN,4500.0,0.0,0.0,0.0,L,True,3,0,61.0,450.0,55.0,27
4911,CM61-BEAD-IN-SPX110-6731,IN,1500.0,0.0,0.0,0.0,L,True,1,0,61.0,450.0,55.0,27
4912,CM61-BEAD-IN-SPX110-6410,IN,3000.0,0.0,0.0,0.0,L,True,1,0,61.0,450.0,55.0,27
4913,CM61-BEAD-IN-SUR20-3997,IN,455072.04,0.0,29.0,6.0,L,True,157,1,50.0,10000.0,10000.0,27
4914,CM61-BEAD-IN-SPX110-6616,IN,9000.0,0.0,0.0,0.0,L,True,6,0,61.0,450.0,55.0,27
4915,CM61-BEAD-IN-SPX110-6471,IN,7500.0,0.0,0.0,0.0,L,True,4,0,61.0,450.0,55.0,27
4916,CM61-BEAD-IN-SPX110-6684,IN,1500.0,0.0,0.0,0.0,L,True,1,0,61.0,450.0,55.0,27
4917,CM61-BEAD-IN-SPX110-6933,IN,45000.0,0.0,0.0,0.0,L,True,28,0,61.0,450.0,55.0,27
4918,CM61-BEAD-IN-SPX110-6946,IN,9000.0,0.0,0.0,0.0,L,True,4,0,61.0,450.0,55.0,27
4919,CM61-BEAD-IN-SPX110-6860,IN,12000.0,0.0,0.0,0.0,L,True,8,0,61.0,450.0,55.0,27
4920,CM61-BEAD-IN-SPX110-6535,IN,18000.0,0.0,0.0,0.0,L,True,12,0,61.0,450.0,55.0,27
4921,CM61-BEAD-IN-SPX110-6934,IN,1500.0,0.0,0.0,0.0,L,True,1,0,61.0,450.0,55.0,27
4922,CM61-BEAD-IN-SPX110-6160,IN,6000.0,0.0,0.0,0.0,L,False,3,0,61.0,450.0,55.0,27
4923,CM61-BEAD-IN-SPX110-6137,IN,312000.0,0.0,0.0,0.0,L,False,228,0,61.0,450.0,55.0,27
4924,CM61-BEAD-IN-SPX110-5881,IN,4500.0,0.0,0.0,0.0,L,True,2,0,61.0,450.0,55.0,27
4925,CM61-BEAD-IN-SPX110-6686,IN,3000.0,0.0,0.0,0.0,L,True,2,0,61.0,450.0,55.0,27
4926,CM61-BEAD-IN-SPX110-6762,IN,7500.0,0.0,0.0,0.0,L,True,5,0,61.0,450.0,55.0,27
4927,CM61-BEAD-IN-SPX110-6965,IN,1500.0,0.0,0.0,0.0,L,True,1,0,61.0,450.0,55.0,27
4928,CM61-BEAD-IN-SPX110-6472,IN,51000.0,0.0,0.0,0.0,L,False,27,0,61.0,450.0,55.0,27
4929,CM61-BEAD-IN-SPX110-5942,IN,12000.0,0.0,0.0,0.0,L,True,8,0,61.0,450.0,55.0,27
4930,CM61-BEAD-IN-SPX110-6296,IN,13500.0,0.0,0.0,0.0,L,True,9,0,61.0,450.0,55.0,27
4931,CM61-BEAD-IN-SPX110-5901,IN,1500.0,0.0,0.0,0.0,L,True,1,0,61.0,450.0,55.0,27
4932,CM61-BEAD-IN-SPX110-6507,IN,21000.0,0.0,0.0,0.0,L,False,13,0,61.0,450.0,55.0,27
4933,CM61-BEAD-IN-SPX110-6756,IN,1500.0,0.0,0.0,0.0,L,True,1,0,61.0,450.0,55.0,27
4934,CM61-BEAD-IN-SPX110-6371,IN,229500.0,0.0,0.0,0.0,L,True,141,0,61.0,450.0,55.0,27
4935,CM61-BEAD-IN-SPX110-5894,IN,22500.0,0.0,0.0,0.0,L,False,13,0,61.0,450.0,55.0,27
4936,CM61-BEAD-IN-SPX110-6565,IN,3000.0,0.0,0.0,0.0,L,True,2,0,61.0,450.0,55.0,27
4937,CM61-BEAD-IN-SPX110-6913,IN,9000.0,0.0,0.0,0.0,L,True,6,0,61.0,450.0,55.0,27
4938,CM61-BEAD-IN-SPX110-6432,IN,9000.0,0.0,0.0,0.0,L,True,5,0,61.0,450.0,55.0,27
4939,CM61-BEAD-IN-SPX110-5902,IN,3000.0,0.0,0.0,0.0,L,True,2,0,61.0,450.0,55.0,27
4940,CM61-BEAD-IN-SPX110-6627,IN,90000.0,0.0,0.0,0.0,L,True,56,0,61.0,450.0,55.0,27
4941,CM61-BEAD-IN-SPX110-6084,IN,6000.0,0.0,0.0,0.0,L,True,4,0,61.0,450.0,55.0,27
4942,CM61-BEAD-IN-SPX110-6466,IN,3000.0,0.0,0.0,0.0,L,True,2,0,61.0,450.0,55.0,27
4943,CM61-BEAD-IN-SPX110-5904,IN,1500.0,0.0,0.0,0.0,L,True,1,0,61.0,450.0,55.0,27
4944,CM61-BEAD-IN-SPX110-6815,IN,13500.0,0.0,0.0,0.0,L,True,9,0,61.0,450.0,55.0,27
4945,CM61-BEAD-IN-SPX110-6666,IN,7500.0,0.0,0.0,0.0,L,True,4,0,61.0,450.0,55.0,27
4946,CM61-BEAD-IN-SPX110-6230,IN,3000.0,0.0,0.0,0.0,L,True,2,0,61.0,450.0,55.0,27
4947,CM61-BEAD-IN-SPX110-6424,IN,12000.0,0.0,0.0,0.0,L,True,7,0,61.0,450.0,55.0,27
4948,CM61-BEAD-IN-SPX110-6721,IN,4500.0,0.0,0.0,0.0,L,True,3,0,61.0,450.0,55.0,27
4949,CM61-BEAD-IN-SUR20-7917,IN,3375.0,0.0,0.0,,L,True,1,0,50.0,2000.0,2000.0,27
4950,CM61-BEAD-IN-OCR60-5713,IN,1412.16,0.0,0.0,3.0,L,True,1,0,50.0,10000.0,10000.0,27
4951,CM61-BEAD-IN-STM109-7147,IN,110516.38,0.0,4.0,27.0,L,True,31,0,50.0,2000.0,2000.0,27
4952,CM61-BEAD-IN-SPX110-6522,IN,1500.0,0.0,0.0,0.0,L,False,1,0,61.0,450.0,55.0,27
4953,CM61-BEAD-IN-SPX110-6111,IN,21000.0,0.0,0.0,0.0,L,True,14,0,61.0,450.0,55.0,27
4954,CM61-BEAD-IN-SPX110-6043,IN,4500.0,0.0,0.0,0.0,L,True,2,0,61.0,450.0,55.0,27
4955,CM61-BEAD-IN-SPX110-5887,IN,1500.0,0.0,0.0,0.0,L,True,1,0,61.0,450.0,55.0,27
4956,CM61-BEAD-IN-SPX110-6912,IN,84000.0,0.0,0.0,0.0,L,True,56,0,61.0,450.0,55.0,27
4957,CM61-BEAD-IN-SPX110-6334,IN,13500.0,0.0,0.0,0.0,L,True,7,0,61.0,450.0,55.0,27
4958,CM61-BEAD-IN-SPX110-6479,IN,12000.0,0.0,0.0,0.0,L,False,7,0,61.0,450.0,55.0,27
4959,CM61-BEAD-IN-SPX110-5868,IN,3000.0,0.0,0.0,0.0,L,True,1,0,61.0,450.0,55.0,27
4960,CM61-BEAD-IN-SPX110-6891,IN,1500.0,0.0,0.0,0.0,L,True,1,0,61.0,450.0,55.0,27
4961,CM61-BEAD-IN-OCR60-5714,IN,25418.88,0.0,0.0,3.0,L,True,18,0,50.0,10000.0,10000.0,27
4962,CM61-BEAD-IN-SPX110-6781,IN,4500.0,0.0,0.0,0.0,L,True,3,0,61.0,450.0,55.0,27
4963,CM61-BEAD-IN-SPX110-6590,IN,1500.0,0.0,0.0,0.0,L,True,1,0,61.0,450.0,55.0,27
4964,CM61-BEAD-IN-SPX110-5867,IN,4500.0,0.0,0.0,0.0,L,False,2,0,61.0,450.0,55.0,27
4965,CM61-BEAD-IN-SPX110-6048,IN,3000.0,0.0,0.0,0.0,L,True,2,0,61.0,450.0,55.0,27
4966,CM61-BEAD-IN-SPX110-6593,IN,127500.0,0.0,0.0,0.0,L,True,85,0,61.0,450.0,55.0,27
4967,CM61-BEAD-IN-SPX110-5862,IN,3000.0,0.0,0.0,0.0,L,False,2,0,61.0,450.0,55.0,27
4968,CM61-BEAD-IN-SPX110-5940,IN,1500.0,0.0,0.0,0.0,L,True,1,0,61.0,450.0,55.0,27
4969,CM61-BEAD-IN-SPX110-6345,IN,10500.0,0.0,0.0,0.0,L,True,6,0,61.0,450.0,55.0,27
4970,CM61-BEAD-IN-SPX110-6311,IN,1500.0,0.0,0.0,0.0,L,True,1,0,61.0,450.0,55.0,27
4971,CM61-BEAD-IN-SPX110-6395,IN,1500.0,0.0,0.0,0.0,L,True,1,0,61.0,450.0,55.0,27
4972,CM61-BEAD-IN-SPX110-6714,IN,19500.0,0.0,0.0,0.0,L,True,12,0,61.0,450.0,55.0,27
4973,CM61-BEAD-IN-SPX110-6055,IN,1500.0,0.0,0.0,0.0,L,True,1,0,61.0,450.0,55.0,27
4974,CM61-BEAD-IN-SPX110-6521,IN,6000.0,0.0,0.0,0.0,L,True,4,0,61.0,450.0,55.0,27
4975,CM61-BEAD-IN-SPX110-6572,IN,4500.0,0.0,0.0,0.0,L,False,3,0,61.0,450.0,55.0,27
4976,CM61-BEAD-IN-SPX110-6560,IN,3000.0,0.0,0.0,0.0,L,True,2,0,61.0,450.0,55.0,27
4977,CM61-BEAD-IN-SPX110-5751,IN,15000.0,0.0,0.0,0.0,L,True,10,0,61.0,450.0,55.0,27
4978,CM61-BEAD-IN-OCR60-5310,IN,1412.16,0.0,0.0,3.0,L,True,1,0,50.0,10000.0,10000.0,27
4979,CM61-BEAD-IN-SPX110-6401,IN,3000.0,0.0,0.0,0.0,L,True,2,0,61.0,450.0,55.0,27
4980,CM61-BEAD-IN-SPX110-5986,IN,4500.0,0.0,0.0,0.0,L,True,3,0,61.0,450.0,55.0,27
4981,CM61-BEAD-IN-SPX110-6146,IN,3000.0,0.0,0.0,0.0,L,False,1,0,61.0,450.0,55.0,27
4982,CM61-BEAD-IN-OCR60-5715,IN,8472.96,0.0,0.0,3.0,L,True,6,0,50.0,10000.0,10000.0,27
4983,CM61-BEAD-IN-SPX110-6824,IN,1500.0,0.0,0.0,0.0,L,True,1,0,61.0,450.0,55.0,27
4984,CM61-BEAD-IN-SPX110-6595,IN,1500.0,0.0,0.0,0.0,L,False,1,0,61.0,450.0,55.0,27
4985,CM61-BEAD-IN-SPX110-5939,IN,18000.0,0.0,0.0,0.0,L,False,11,0,61.0,450.0,55.0,27
4986,CM61-BEAD-IN-SPX110-6457,IN,1500.0,0.0,0.0,0.0,L,True,1,0,61.0,450.0,55.0,27
4987,CM61-BEAD-IN-SPX110-6247,IN,42000.0,0.0,0.0,0.0,L,True,27,0,61.0,450.0,55.0,27
4988,CM61-BEAD-IN-SPX110-6478,IN,19500.0,0.0,0.0,0.0,L,False,12,0,61.0,450.0,55.0,27
4989,CM61-BEAD-IN-SPX110-6585,IN,49500.0,0.0,0.0,0.0,L,True,30,0,61.0,450.0,55.0,27
4990,CM61-BEAD-IN-SPX110-6327,IN,3000.0,0.0,0.0,0.0,L,False,2,0,61.0,450.0,55.0,27
4991,CM61-BEAD-IN-SPX110-6196,IN,3000.0,0.0,0.0,0.0,L,True,2,0,61.0,450.0,55.0,27
4992,CM61-BEAD-IN-SPX110-6889,IN,19500.0,0.0,0.0,0.0,L,True,5,0,61.0,450.0,55.0,27
4993,CM61-BEAD-IN-SPX110-6930,IN,7500.0,0.0,0.0,0.0,L,True,5,0,61.0,450.0,55.0,27
4994,CM61-BEAD-IN-SPX110-5977,IN,1500.0,0.0,0.0,0.0,L,True,1,0,61.0,450.0,55.0,27
4995,CM61-BEAD-IN-SPX110-6672,IN,1500.0,0.0,0.0,0.0,L,True,1,0,61.0,450.0,55.0,27
4996,CM61-BEAD-IN-SPX110-6966,IN,3000.0,0.0,0.0,0.0,L,False,2,0,61.0,450.0,55.0,27
4997,CM61-BEAD-IN-SPX110-5999,IN,1500.0,0.0,0.0,0.0,L,True,1,0,61.0,450.0,55.0,27
4998,CM61-BEAD-IN-SPX110-6597,IN,9000.0,0.0,0.0,0.0,L,True,6,0,61.0,450.0,55.0,27
4999,CM61-BEAD-IN-SPX110-5856,IN,7500.0,0.0,0.0,0.0,L,False,5,0,61.0,450.0,55.0,27
5000,CM61-BEAD-IN-SPX110-6116,IN,1500.0,0.0,0.0,0.0,L,True,1,0,61.0,450.0,55.0,27
5001,CM61-BEAD-IN-SPX110-6571,IN,1500.0,0.0,0.0,0.0,L,True,1,0,61.0,450.0,55.0,27
5002,CM61-BEAD-IN-SPX110-6893,IN,31500.0,0.0,0.0,0.0,L,True,18,0,61.0,450.0,55.0,27
5003,CM61-BEAD-IN-SPX110-6619,IN,6000.0,0.0,0.0,0.0,L,True,4,0,61.0,450.0,55.0,27
5004,CM61-BEAD-IN-SPX110-6509,IN,3000.0,0.0,0.0,0.0,L,True,2,0,61.0,450.0,55.0,27
5005,CM61-BEAD-IN-SPX110-5786,IN,1500.0,0.0,0.0,0.0,L,True,1,0,61.0,450.0,55.0,27
5006,CM61-BEAD-IN-SPX110-6243,IN,1500.0,0.0,0.0,0.0,L,False,1,0,61.0,450.0,55.0,27
5007,CM61-BEAD-IN-SPX110-6986,IN,9000.0,0.0,0.0,0.0,L,True,5,0,61.0,450.0,55.0,27
5008,CM61-BEAD-IN-SPX110-6143,IN,3000.0,0.0,0.0,0.0,L,True,2,0,61.0,450.0,55.0,27
5009,CM61-BEAD-IN-AMG8-3852,IN,152385.05,0.0,0.0,2.0,L,True,73,0,71.0,1000.0,500.0,27
5010,CM61-BEAD-IN-SPX110-6402,IN,1500.0,0.0,0.0,0.0,L,True,1,0,61.0,450.0,55.0,27
5011,CM61-BEAD-IN-SPX110-5820,IN,1500.0,0.0,0.0,0.0,L,True,1,0,61.0,450.0,55.0,27
5012,CM61-BEAD-IN-SPX110-6340,IN,1500.0,0.0,0.0,0.0,L,False,1,0,61.0,450.0,55.0,27
5013,CM61-BEAD-IN-OCR60-7188,IN,1412.16,0.0,0.0,3.0,L,True,1,0,50.0,10000.0,10000.0,27
5014,CM61-BEAD-IN-SPX110-7043,IN,1500.0,0.0,0.0,0.0,L,False,1,0,61.0,450.0,55.0,27
5015,CM61-BEAD-IN-SPX110-6516,IN,13500.0,0.0,0.0,0.0,L,True,9,0,61.0,450.0,55.0,27
5016,CM61-BEAD-IN-SPX110-6129,IN,1500.0,0.0,0.0,0.0,L,True,1,0,61.0,450.0,55.0,27
5017,CM61-BEAD-IN-SPX110-6605,IN,1500.0,0.0,0.0,0.0,L,False,1,0,61.0,450.0,55.0,27
5018,CM61-BEAD-IN-SPX110-6467,IN,10500.0,0.0,0.0,0.0,L,True,5,0,61.0,450.0,55.0,27
5019,CM61-BEAD-IN-SPX110-6092,IN,1500.0,0.0,0.0,0.0,L,True,1,0,61.0,450.0,55.0,27
5020,CM61-BEAD-IN-SPX110-5912,IN,3000.0,0.0,0.0,0.0,L,True,2,0,61.0,450.0,55.0,27
5021,CM61-BEAD-IN-SPX110-6775,IN,1500.0,0.0,0.0,0.0,L,True,1,0,61.0,450.0,55.0,27
5022,CM61-BEAD-IN-SPX110-6283,IN,1500.0,0.0,0.0,0.0,L,True,1,0,61.0,450.0,55.0,27
5023,CM61-BEAD-IN-SPX110-6194,IN,1500.0,0.0,0.0,0.0,L,True,1,0,61.0,450.0,55.0,27
5024,CM61-BEAD-IN-SPX110-6000,IN,4500.0,0.0,0.0,0.0,L,True,3,0,61.0,450.0,55.0,27
5025,CM61-BEAD-IN-JCR17-3896,IN,2730.0,0.0,1.0,0.0,L,True,1,0,50.0,2000.0,1000.0,27
5026,CM61-BEAD-IN-SPX110-5890,IN,1500.0,0.0,0.0,0.0,L,True,1,0,61.0,450.0,55.0,27
5027,CM61-BEAD-IN-SPX110-6430,IN,3000.0,0.0,0.0,0.0,L,True,2,0,61.0,450.0,55.0,27
5028,CM61-BEAD-IN-SPX110-6086,IN,4500.0,0.0,0.0,0.0,L,True,3,0,61.0,450.0,55.0,27
5029,CM61-BEAD-IN-SPX110-6370,IN,1500.0,0.0,0.0,0.0,L,True,1,0,61.0,450.0,55.0,27
5030,CM61-BEAD-IN-SPX110-5846,IN,1500.0,0.0,0.0,0.0,L,True,1,0,61.0,450.0,55.0,27
5031,CM61-BEAD-IN-SPX110-5875,IN,1500.0,0.0,0.0,0.0,L,True,1,0,61.0,450.0,55.0,27
5032,CM61-BEAD-IN-SPX110-6835,IN,1500.0,0.0,0.0,0.0,L,True,1,0,61.0,450.0,55.0,27
5033,CM61-BEAD-IN-SPX110-6844,IN,1500.0,0.0,0.0,0.0,L,True,1,0,61.0,450.0,55.0,27
5034,CM61-BEAD-IN-OCR60-7183,IN,5648.64,0.0,0.0,3.0,L,True,4,0,50.0,10000.0,10000.0,27
5035,CM61-BEAD-IN-SPX110-6763,IN,1500.0,0.0,0.0,0.0,L,True,1,0,61.0,450.0,55.0,27
5036,CM61-BEAD-IN-STM109-5045,IN,680908.13,0.0,26.0,27.0,L,True,191,0,50.0,2000.0,2000.0,27
5037,CM61-BEAD-IN-SPX110-5873,IN,1500.0,0.0,0.0,0.0,L,True,1,0,61.0,450.0,55.0,27
5038,CM61-BEAD-IN-SPX110-6102,IN,1500.0,0.0,0.0,0.0,L,True,1,0,61.0,450.0,55.0,27
5039,CM61-BEAD-IN-SPX110-6083,IN,1500.0,0.0,0.0,0.0,L,True,1,0,61.0,450.0,55.0,27
5040,CM61-BEAD-IN-SPX110-6072,IN,3000.0,0.0,0.0,0.0,L,False,2,0,61.0,450.0,55.0,27
5041,CM61-BEAD-IN-SPX110-6284,IN,1500.0,0.0,0.0,0.0,L,True,1,0,61.0,450.0,55.0,27
5042,CM61-BEAD-IN-SPX110-6841,IN,45000.0,0.0,0.0,0.0,L,False,28,0,61.0,450.0,55.0,27
5043,CM61-BEAD-IN-SPX110-6758,IN,3000.0,0.0,0.0,0.0,L,True,2,0,61.0,450.0,55.0,27
5044,CM61-BEAD-IN-SPX110-6790,IN,4500.0,0.0,0.0,0.0,L,True,2,0,61.0,450.0,55.0,27
5045,CM61-BEAD-IN-SPX110-6248,IN,1500.0,0.0,0.0,0.0,L,True,1,0,61.0,450.0,55.0,27
5046,CM61-BEAD-IN-SPX110-6040,IN,438000.0,0.0,0.0,0.0,L,True,273,0,61.0,450.0,55.0,27
5047,CM61-BEAD-IN-SPX110-5992,IN,1500.0,0.0,0.0,0.0,L,True,1,0,61.0,450.0,55.0,27
5048,CM61-BEAD-IN-OCR60-5735,IN,1412.16,0.0,0.0,3.0,L,True,1,0,50.0,10000.0,10000.0,27
5049,CM61-BEAD-IN-SPX110-6877,IN,12000.0,0.0,0.0,0.0,L,False,7,0,61.0,450.0,55.0,27
5050,CM61-BEAD-IN-SPX110-6953,IN,3000.0,0.0,0.0,0.0,L,False,2,0,61.0,450.0,55.0,27
5051,CM61-BEAD-IN-SPX110-6603,IN,6000.0,0.0,0.0,0.0,L,False,3,0,61.0,450.0,55.0,27
5052,CM61-BEAD-IN-SPX110-6528,IN,1500.0,0.0,0.0,0.0,L,True,1,0,61.0,450.0,55.0,27
5053,CM61-BEAD-IN-SPX110-6584,IN,10500.0,0.0,0.0,0.0,L,True,7,0,61.0,450.0,55.0,27
5054,CM61-BEAD-IN-SPX110-6822,IN,1500.0,0.0,0.0,0.0,L,True,1,0,61.0,450.0,55.0,27
5055,CM61-BEAD-IN-SPX110-6118,IN,1500.0,0.0,0.0,0.0,L,False,1,0,61.0,450.0,55.0,27
5056,CM61-BEAD-IN-SPX110-6209,IN,7500.0,0.0,0.0,0.0,L,False,5,0,61.0,450.0,55.0,27
5057,CM61-BEAD-IN-SPX110-6338,IN,1500.0,0.0,0.0,0.0,L,False,1,0,61.0,450.0,55.0,27
5058,CM61-BEAD-IN-SPX110-6491,IN,3000.0,0.0,0.0,0.0,L,True,2,0,61.0,450.0,55.0,27
5059,CM61-BEAD-IN-STM109-1908,IN,4309486.88,0.0,196.0,27.0,L,True,1006,0,50.0,2000.0,2000.0,27
5060,CM61-BEAD-IN-CCX43-1730,IN,1477214.0,34.0,51.0,5.0,L,True,1128,0,50.0,2000.0,2000.0,27
5061,CM61-BEAD-IN-BSD70-1455,IN,179846.0,17.0,0.0,3.0,L,True,266,0,50.0,2000.0,2000.0,27
5062,CM61-BEAD-IN-ATT30-2085,IN,81394.0,2.0,9.0,0.0,L,True,47,1,50.0,5000.0,5000.0,27
5063,CM61-BEAD-IN-BSD70-1460,IN,547428.0,41.0,4.0,5.0,L,True,583,0,50.0,2000.0,2000.0,27
5064,CM61-BEAD-IN-BSD70-1493,IN,1390920.0,56.0,8.0,5.0,L,True,510,0,50.0,2000.0,2000.0,27
5065,CM61-BEAD-IN-CCX43-1715,IN,1889544.0,23.0,35.0,5.0,L,True,524,0,50.0,2000.0,2000.0,27
5066,CM61-BEAD-IN-SPX110-6026,IN,196500.0,0.0,0.0,0.0,L,True,129,0,61.0,450.0,55.0,27
5067,CM61-BEAD-IN-SPX110-6093,IN,7500.0,0.0,0.0,0.0,L,True,5,0,61.0,450.0,55.0,27
5068,CM61-BEAD-IN-SEI23-1951,IN,147645.19,0.0,2.0,1.0,L,True,11,0,50.0,1000.0,1000.0,27
5069,CM61-BEAD-IN-SUR20-7914,IN,1865556.0,40.0,19.0,2.0,L,True,282,0,50.0,2000.0,2000.0,27
5070,CM61-BEAD-IN-SPX110-5762,IN,588000.0,0.0,0.0,0.0,L,True,360,0,61.0,450.0,55.0,27
5071,CM61-BEAD-IN-SUR20-4004,IN,1648799.51,0.0,42.0,6.0,L,True,265,0,50.0,10000.0,10000.0,27
5072,CM61-BEAD-IN-SEI23-7928,IN,2008660.0,0.0,30.0,2.0,L,True,134,0,50.0,1000.0,1000.0,27
5073,CM61-BEAD-IN-SUR20-1211,IN,3434830.2,0.0,75.0,6.0,L,True,578,1,50.0,10000.0,10000.0,27
5074,CM61-BEAD-IN-BSD70-1452,IN,1340103.0,56.0,4.0,2.0,L,True,387,0,50.0,2000.0,2000.0,27
5075,CM61-BEAD-IN-CCX43-1788,IN,0.0,13.0,20.0,5.0,L,True,668,0,50.0,2000.0,2000.0,27
5076,CM61-BEAD-IN-AMG8-3380,IN,430125.7,0.0,0.0,2.0,L,True,326,0,71.0,1000.0,500.0,27
5077,CM61-BEAD-IN-SPX110-6601,IN,193500.0,0.0,0.0,0.0,L,True,118,0,61.0,450.0,55.0,27
5078,CM61-BEAD-IN-JOI39-1626,IN,175975.0,0.0,12.0,4.0,L,True,175,0,50.0,5000.0,5000.0,27
5079,CM61-BEAD-IN-NIN45-4069,IN,4403736.0,89.0,44.0,0.0,L,True,923,1,50.0,10000.0,10000.0,27
5080,CM61-BEAD-IN-CCX43-1738,IN,329771.0,6.0,9.0,5.0,L,True,387,0,50.0,0.0,0.0,27
5081,CM61-BEAD-IN-JOI39-1652,IN,443.0,0.0,1.0,1.0,L,True,1,0,50.0,5000.0,5000.0,27
5082,CM61-BEAD-IN-BSD70-1522,IN,1119530.0,43.0,6.0,5.0,L,True,409,0,50.0,2000.0,2000.0,27
5083,CM61-BEAD-IN-JOI39-1618,IN,0.0,0.0,1.0,1.0,L,True,41,0,50.0,5000.0,5000.0,27
5084,CM61-BEAD-IN-SPX110-6607,IN,43500.0,0.0,0.0,0.0,L,True,25,0,61.0,450.0,55.0,27
5085,CM61-BEAD-IN-AMG8-3377,IN,289082.65,0.0,0.0,2.0,L,True,218,2,71.0,1000.0,500.0,27
5086,CM61-BEAD-IN-BSD70-1508,IN,0.0,0.0,0.0,0.0,L,True,12,0,50.0,2000.0,2000.0,27
5087,CM61-BEAD-IN-JOI39-1584,IN,146280.0,0.0,14.0,4.0,L,True,193,0,50.0,5000.0,5000.0,27
5088,CM61-BEAD-IN-STM109-7079,IN,1414314.38,0.0,59.0,27.0,L,True,294,0,50.0,2000.0,2000.0,27
5089,CM61-BEAD-IN-ATT30-2074,IN,436339.0,4.0,18.0,0.0,L,True,138,0,50.0,5000.0,5000.0,27
5090,CM61-BEAD-IN-STM109-7099,IN,1313965.96,0.0,61.0,27.0,L,True,281,0,50.0,2000.0,2000.0,27
5091,CM61-BEAD-IN-SPX110-6780,IN,42000.0,0.0,0.0,0.0,L,True,26,0,61.0,450.0,55.0,27
5092,CM61-BEAD-IN-STM109-7129,IN,327656.87,0.0,14.0,27.0,L,True,87,0,50.0,2000.0,2000.0,27
5093,CM61-BEAD-IN-SUR20-3965,IN,3201961.64,0.0,70.0,6.0,L,True,508,1,50.0,10000.0,10000.0,27
5094,CM61-BEAD-IN-SPX110-6723,IN,6000.0,0.0,0.0,0.0,L,False,4,0,61.0,450.0,55.0,27
5095,CM61-BEAD-IN-MSF25-1572,IN,50899.0,3.0,1.0,70.0,L,True,66,0,50.0,10000.0,10000.0,27
5096,CM61-BEAD-IN-BSD70-1494,IN,0.0,0.0,0.0,0.0,L,True,155,0,50.0,2000.0,2000.0,27
5097,CM61-BEAD-IN-ATT30-2083,IN,150797.0,2.0,5.0,0.0,L,True,17,0,50.0,5000.0,5000.0,27
5098,CM61-BEAD-IN-JOI39-1585,IN,216252.0,0.0,7.0,2.0,L,True,49,0,50.0,5000.0,5000.0,27
5099,CM61-BEAD-IN-BSD70-1431,IN,1929736.0,73.0,5.0,2.0,L,True,395,0,50.0,2000.0,2000.0,27
5100,CM61-BEAD-IN-SPX110-6803,IN,114000.0,0.0,0.0,0.0,L,False,72,0,61.0,450.0,55.0,27
5101,CM61-BEAD-IN-SUR20-3926,IN,770476.75,0.0,22.0,6.0,L,True,321,0,50.0,10000.0,10000.0,27
5102,CM61-BEAD-IN-CCX43-1789,IN,2198601.0,41.0,62.0,5.0,L,True,735,0,50.0,2000.0,2000.0,27
5103,CM61-BEAD-IN-SPX110-7013,IN,223500.0,0.0,0.0,0.0,L,True,138,0,61.0,450.0,55.0,27
5104,CM61-BEAD-IN-DMR28-1205,IN,2375912.0,45.0,50.0,1.0,L,True,1100,0,50.0,5000.0,5000.0,27
5105,CM61-BEAD-IN-BSD70-1500,IN,1124660.0,63.0,3.0,5.0,L,True,754,1,50.0,2000.0,2000.0,27
5106,CM61-BEAD-IN-SPX110-6968,IN,51000.0,0.0,0.0,0.0,L,False,31,0,61.0,450.0,55.0,27
5107,CM61-BEAD-IN-BSD70-1515,IN,2572927.0,99.0,9.0,5.0,L,True,755,0,50.0,2000.0,2000.0,27
5108,CM61-BEAD-IN-CCX43-1705,IN,112488.0,5.0,7.0,5.0,L,True,258,0,50.0,2000.0,2000.0,27
5109,CM61-BEAD-IN-STM109-5216,IN,257853.75,0.0,10.0,27.0,L,True,112,0,50.0,2000.0,2000.0,27
5110,CM61-BEAD-IN-AMG8-3425,IN,294633.85,0.0,0.0,2.0,L,True,254,0,71.0,1000.0,500.0,27
5111,CM61-BEAD-IN-ATT30-2063,IN,204331.0,5.0,7.0,0.0,L,True,210,0,50.0,5000.0,5000.0,27
5112,CM61-BEAD-IN-JOI39-1675,IN,0.0,0.0,1.0,1.0,L,True,24,0,50.0,5000.0,5000.0,27
5113,CM61-BEAD-IN-BSD70-1517,IN,0.0,0.0,0.0,0.0,L,True,2,0,50.0,2000.0,2000.0,27
5114,CM61-BEAD-IN-BSD70-1512,IN,154106.0,7.0,0.0,2.0,L,True,155,0,50.0,2000.0,2000.0,27
5115,CM61-BEAD-IN-STM109-5242,IN,593925.0,0.0,32.0,27.0,L,True,100,0,50.0,2000.0,2000.0,27
5116,CM61-BEAD-IN-BSD70-1444,IN,1007998.0,73.0,1.0,5.0,L,True,495,0,50.0,2000.0,2000.0,27
5117,CM61-BEAD-IN-JOI39-1637,IN,0.0,0.0,3.0,1.0,L,True,50,0,50.0,5000.0,5000.0,27
5118,CM61-BEAD-IN-BSD70-1509,IN,1330169.0,53.0,5.0,5.0,L,True,566,0,50.0,2000.0,2000.0,27
5119,CM61-BEAD-IN-SPX110-5973,IN,186000.0,0.0,0.0,0.0,L,True,81,0,61.0,450.0,55.0,27
5120,CM61-BEAD-IN-SPX110-6171,IN,100500.0,0.0,0.0,0.0,L,False,62,0,61.0,450.0,55.0,27
5121,CM61-BEAD-IN-BSD70-1458,IN,0.0,0.0,0.0,0.0,L,True,3,0,50.0,2000.0,2000.0,27
5122,CM61-BEAD-IN-BSD70-1484,IN,1592519.0,61.0,5.0,5.0,L,True,577,0,50.0,2000.0,2000.0,27
5123,CM61-BEAD-IN-AMG8-3614,IN,285224.25,0.0,0.0,2.0,L,False,103,0,71.0,1000.0,500.0,27
5124,CM61-BEAD-IN-SPX110-6186,IN,177000.0,0.0,0.0,0.0,L,False,111,0,61.0,450.0,55.0,27
5125,CM61-BEAD-IN-SPX110-6141,IN,22500.0,0.0,0.0,0.0,L,True,14,0,61.0,450.0,55.0,27
5126,CM61-BEAD-IN-FRO22-4136,IN,409225.0,2.0,7.0,16.0,L,True,614,0,50.0,7000.0,7000.0,27
5127,CM61-BEAD-IN-MSF25-1325,IN,1075360.0,15.0,6.0,70.0,L,True,372,0,50.0,10000.0,10000.0,27
5128,CM61-BEAD-IN-BSD70-1449,IN,41695.0,2.0,0.0,2.0,L,True,90,0,50.0,2000.0,2000.0,27
5129,CM61-BEAD-IN-WMT99-4068,IN,1950120.0,0.0,34.0,3.0,L,True,118,0,50.0,2000.0,2000.0,27
5130,CM61-BEAD-IN-PPE89-4108,IN,2288073.0,67.0,29.0,25.0,L,True,382,0,50.0,10000.0,10000.0,27
5131,CM61-BEAD-IN-PPE89-4104,IN,3202193.0,57.0,24.0,25.0,L,True,461,0,50.0,10000.0,10000.0,27
5132,CM61-BEAD-IN-PPE89-4112,IN,1127806.0,31.0,13.0,25.0,L,True,291,0,50.0,10000.0,10000.0,27
5133,CM61-BEAD-IN-BSD70-1506,IN,2889330.0,116.0,5.0,5.0,L,True,817,0,50.0,2000.0,2000.0,27
5134,CM61-BEAD-IN-BSD70-1513,IN,828316.0,60.0,1.0,5.0,L,True,410,3,50.0,2000.0,2000.0,27
5135,CM61-BEAD-IN-FRO22-4141,IN,265799.0,2.0,1.0,16.0,L,True,124,0,50.0,7000.0,7000.0,27
5136,CM61-BEAD-IN-BSD70-1488,IN,58764.0,4.0,0.0,1.0,L,True,34,0,50.0,2000.0,2000.0,27
5137,CM61-BEAD-IN-FRO22-4142,IN,225565.0,3.0,1.0,16.0,L,True,157,0,50.0,7000.0,7000.0,27
5138,CM61-BEAD-IN-BSD70-1501,IN,0.0,3.0,0.0,0.0,L,True,188,0,50.0,2000.0,2000.0,27
5139,CM61-BEAD-IN-STM109-1809,IN,2172708.75,0.0,51.0,27.0,L,True,600,0,50.0,2000.0,2000.0,27
5140,CM61-BEAD-IN-SPX110-6187,IN,181500.0,0.0,0.0,0.0,L,False,78,0,61.0,450.0,55.0,27
5141,CM61-BEAD-IN-CCX43-1801,IN,212691.0,7.0,11.0,5.0,L,True,183,0,50.0,2000.0,2000.0,27
5142,CM61-BEAD-IN-STM109-7131,IN,730344.26,0.0,33.0,27.0,L,True,213,0,50.0,2000.0,2000.0,27
5143,CM61-BEAD-IN-BSD70-1499,IN,163349.0,6.0,0.0,1.0,L,True,47,0,50.0,2000.0,2000.0,27
5144,CM61-BEAD-IN-STM109-7133,IN,743763.87,0.0,34.0,27.0,L,True,220,0,50.0,2000.0,2000.0,27
5145,CM61-BEAD-IN-SPX110-6739,IN,157500.0,0.0,0.0,0.0,L,True,95,0,61.0,450.0,55.0,27
5146,CM61-BEAD-IN-BSD70-1453,IN,337466.0,8.0,2.0,5.0,L,True,110,0,50.0,2000.0,2000.0,27
5147,CM61-BEAD-IN-CCX43-4100,IN,358110.0,11.0,17.0,5.0,L,True,347,0,40.0,0.0,0.0,27
5148,CM61-BEAD-IN-JOI39-1674,IN,0.0,0.0,4.0,1.0,L,True,125,0,50.0,5000.0,5000.0,27
5149,CM61-BEAD-IN-AMG8-3414,IN,402877.5,0.0,0.0,2.0,L,True,557,0,71.0,1000.0,500.0,27
5150,CM61-BEAD-IN-SPX110-6667,IN,120000.0,0.0,0.0,0.0,L,True,70,0,61.0,450.0,55.0,27
5151,CM61-BEAD-IN-JOI39-1647,IN,30220.0,0.0,6.0,2.0,L,True,90,0,50.0,5000.0,5000.0,27
5152,CM61-BEAD-IN-PPE89-4105,IN,1117801.0,28.0,12.0,25.0,L,True,204,0,50.0,10000.0,10000.0,27
5153,CM61-BEAD-IN-JOI39-1651,IN,0.0,0.0,1.0,1.0,L,True,24,1,50.0,5000.0,5000.0,27
5154,CM61-BEAD-IN-STM109-1853,IN,996215.63,0.0,42.0,27.0,L,True,201,0,50.0,2000.0,2000.0,27
5155,CM61-BEAD-IN-BSD70-1489,IN,0.0,0.0,0.0,0.0,L,True,6,0,50.0,2000.0,2000.0,27
5156,CM61-BEAD-IN-FRO22-4143,IN,269947.0,5.0,1.0,16.0,L,True,328,0,50.0,7000.0,7000.0,27
5157,CM61-BEAD-IN-ATT30-2067,IN,36569.0,2.0,1.0,0.0,L,True,13,0,50.0,5000.0,5000.0,27
5158,CM61-BEAD-IN-SEI23-7929,IN,1229180.0,0.0,10.0,2.0,L,True,82,0,50.0,1000.0,1000.0,27
5159,CM61-BEAD-IN-SPX110-6263,IN,82500.0,0.0,0.0,0.0,L,True,52,0,61.0,450.0,55.0,27
5160,CM61-BEAD-IN-CCX43-1790,IN,1214466.0,17.0,26.0,5.0,L,True,406,0,50.0,2000.0,2000.0,27
5161,CM61-BEAD-IN-STM109-1884,IN,834406.88,0.0,6.0,27.0,L,True,202,0,50.0,2000.0,2000.0,27
5162,CM61-BEAD-IN-JOI39-1655,IN,0.0,0.0,2.0,1.0,L,True,22,0,50.0,5000.0,5000.0,27
5163,CM61-BEAD-IN-STM109-7078,IN,433099.3,0.0,15.0,27.0,L,True,81,0,50.0,2000.0,2000.0,27
5164,CM61-BEAD-IN-SPX110-6630,IN,246000.0,0.0,0.0,0.0,L,True,161,0,61.0,450.0,55.0,27
5165,CM61-BEAD-IN-JOI39-1677,IN,0.0,0.0,11.0,3.0,L,True,236,0,50.0,5000.0,5000.0,27
5166,CM61-BEAD-IN-SPX110-7009,IN,316500.0,0.0,0.0,0.0,L,True,200,0,61.0,450.0,55.0,27
5167,CM61-BEAD-IN-SPX110-6848,IN,22500.0,0.0,0.0,0.0,L,True,14,0,61.0,450.0,55.0,27
5168,CM61-BEAD-IN-FRO22-4145,IN,1406624.0,30.0,8.0,16.0,L,True,616,0,50.0,7000.0,7000.0,27
5169,CM61-BEAD-IN-CCX43-1798,IN,0.0,5.0,7.0,5.0,L,True,149,0,50.0,2000.0,2000.0,27
5170,CM61-BEAD-IN-BSD70-1482,IN,0.0,0.0,0.0,0.0,L,True,3,0,50.0,2000.0,2000.0,27
5171,CM61-BEAD-IN-AMG8-3528,IN,430401.3,0.0,0.0,2.0,L,True,330,0,71.0,1000.0,500.0,27
5172,CM61-BEAD-IN-BSD70-1445,IN,883657.0,35.0,2.0,5.0,L,True,423,0,50.0,2000.0,2000.0,27
5173,CM61-BEAD-IN-BSD70-1532,IN,0.0,0.0,0.0,0.0,L,True,11,0,50.0,2000.0,2000.0,27
5174,CM61-BEAD-IN-SPX110-6730,IN,319500.0,0.0,0.0,0.0,L,False,207,0,61.0,450.0,55.0,27
5175,CM61-BEAD-IN-STM109-1895,IN,965373.75,0.0,40.0,27.0,L,True,215,0,50.0,2000.0,2000.0,27
5176,CM61-BEAD-IN-BSD70-4172,IN,1042354.0,23.0,6.0,2.0,L,True,166,0,50.0,2000.0,2000.0,27
5177,CM61-BEAD-IN-ATT30-2077,IN,11274.0,0.0,1.0,0.0,L,True,7,0,50.0,5000.0,5000.0,27
5178,CM61-BEAD-IN-SPX110-6951,IN,172500.0,0.0,0.0,0.0,L,True,109,0,61.0,450.0,55.0,27
5179,CM61-BEAD-IN-STM109-1840,IN,457241.25,0.0,15.0,27.0,L,True,212,0,50.0,2000.0,2000.0,27
5180,CM61-BEAD-IN-BSD70-1465,IN,0.0,0.0,0.0,0.0,L,True,44,0,50.0,2000.0,2000.0,27
5181,CM61-BEAD-IN-CCX43-1710,IN,195332.0,3.0,5.0,5.0,L,True,129,0,50.0,2000.0,2000.0,27
5182,CM61-BEAD-IN-JOI39-1639,IN,20015.0,0.0,3.0,1.0,L,True,47,0,50.0,5000.0,5000.0,27
5183,CM61-BEAD-IN-STM109-1945,IN,1237241.25,0.0,52.0,27.0,L,True,169,0,50.0,2000.0,2000.0,27
5184,CM61-BEAD-IN-ATT30-4816,IN,96500.0,2.0,4.0,0.0,L,True,193,0,50.0,5000.0,5000.0,27
5185,CM61-BEAD-IN-ATT30-2072,IN,25123.0,0.0,2.0,0.0,L,True,11,0,50.0,5000.0,5000.0,27
5186,CM61-BEAD-IN-SUR20-3981,IN,1060783.15,0.0,68.0,6.0,L,True,256,0,50.0,10000.0,10000.0,27
5187,CM61-BEAD-IN-JOI39-1642,IN,85412.0,0.0,15.0,4.0,L,True,198,0,50.0,5000.0,5000.0,27
5188,CM61-BEAD-IN-STM109-1886,IN,938964.38,0.0,32.0,27.0,L,True,188,0,50.0,2000.0,2000.0,27
5189,CM61-BEAD-IN-JOI39-1678,IN,0.0,0.0,12.0,4.0,L,True,203,0,50.0,5000.0,5000.0,27
5190,CM61-BEAD-IN-SPC33-1841,IN,562670.0,8.0,8.0,0.0,L,True,135,0,50.0,1000.0,1000.0,27
5191,CM61-BEAD-IN-JOI39-1656,IN,5204.0,0.0,1.0,1.0,L,True,15,0,50.0,5000.0,5000.0,27
5192,CM61-BEAD-IN-CCX43-1785,IN,0.0,1.0,2.0,5.0,L,True,124,0,50.0,2000.0,2000.0,27
5193,CM61-BEAD-IN-BSD70-1492,IN,675092.0,36.0,2.0,2.0,L,True,248,0,50.0,2000.0,2000.0,27
5194,CM61-BEAD-IN-SCI62-1587,IN,966237.0,0.0,10.0,20.0,L,True,124,0,50.0,10000.0,10000.0,27
5195,CM61-BEAD-IN-BSD70-1510,IN,0.0,0.0,0.0,0.0,L,True,5,0,50.0,2000.0,2000.0,27
5196,CM61-BEAD-IN-BSD70-1523,IN,0.0,0.0,0.0,0.0,L,True,5,0,50.0,2000.0,2000.0,27
5197,CM61-BEAD-IN-SPX110-7911,IN,142500.0,0.0,0.0,0.0,L,True,95,0,61.0,100.0,20.0,27
5198,CM61-BEAD-NV-CAR-0907-0,NV,547762.05,1.0,1.0,2.0,L,True,55,0,50.0,2500.0,2500.0,15
5199,CM61-BEAD-NV-CAR-0918-6,NV,1200.0,0.0,0.0,1.0,L,False,2,0,61.0,100.0,20.0,15
5200,CM61-BEAD-NV-CAR-0937-0,NV,162331.11,3.0,15.0,9.0,L,True,442,0,50.0,5000.0,5000.0,15
5201,CM61-BEAD-NV-CAR-0943-6,NV,19200.0,0.0,0.0,3.0,L,False,32,0,61.0,100.0,20.0,15
5202,CM61-BEAD-NV-CAR-0942-0,NV,453889.69,4.0,2.0,2.0,L,True,65,0,50.0,5000.0,5000.0,15
5203,CM61-BEAD-NV-CAR-1011-1,NV,236192.87,1.0,1.0,1.0,L,True,22,0,71.0,1000.0,1000.0,15
5204,CM61-BEAD-NV-CHU-1014-6,NV,75000.0,0.0,0.0,33.0,L,False,125,0,61.0,100.0,20.0,15
5205,CM61-BEAD-NV-PER-0775-6,NV,70186.21,0.0,0.0,26.0,L,False,90,0,61.0,100.0,20.0,15
5206,CM61-BEAD-NV-CHU-0960-6,NV,40800.0,0.0,0.0,3.0,L,False,68,0,61.0,100.0,20.0,15
5207,CM61-BEAD-NV-CHU-1036-0,NV,18378417.38,1.0,1.0,18.0,L,True,885,0,50.0,5000.0,5000.0,15
5208,CM61-BEAD-NV-CLA-0969-6,NV,230589.18,0.0,0.0,27.0,L,False,319,0,61.0,100.0,20.0,15
5209,CM61-BEAD-NV-CLA-0003-0,NV,110000.0,1.0,3.0,2.0,L,True,5,0,50.0,1000.0,1000.0,15
5210,CM61-BEAD-NV-CLA-0997-6,NV,125213.67,0.0,0.0,7.0,L,False,138,0,61.0,100.0,20.0,15
5211,CM61-BEAD-NV-CLA-0007-5,NV,2740422.58,16.0,4.0,6.0,L,True,386,0,50.0,1000.0,1000.0,15
5212,CM61-BEAD-NV-CLA-0009-0,NV,213873.5,1.0,4.0,2.0,L,True,67,0,50.0,1000.0,1000.0,15
5213,CM61-BEAD-NV-CLA-0013-1,NV,920887.69,1.0,5.0,2.0,L,True,106,0,50.0,1000.0,1000.0,15
5214,CM61-BEAD-NV-CLA-0014-1,NV,1176447.28,10.0,3.0,3.0,L,True,58,0,50.0,1000.0,1000.0,15
5215,CM61-BEAD-NV-CLA-0018-1,NV,703572.74,5.0,1.0,2.0,L,True,51,0,50.0,1000.0,1000.0,15
5216,CM61-BEAD-NV-CLA-0025-0,NV,285974.0,4.0,1.0,2.0,L,True,15,0,50.0,1000.0,1000.0,15
5217,CM61-BEAD-NV-CLA-0997-5,NV,2923443.41,22.0,9.0,6.0,L,True,203,0,50.0,1000.0,1000.0,15
5218,CM61-BEAD-NV-CLA-0030-5,NV,1481218.82,12.0,4.0,6.0,L,True,157,0,50.0,1000.0,1000.0,15
5219,CM61-BEAD-NV-CLA-0035-0,NV,747932.0,1.0,1.0,2.0,L,True,34,0,50.0,1000.0,1000.0,15
5220,CM61-BEAD-NV-CLA-0048-6,NV,4000.0,0.0,0.0,3.0,L,False,6,0,61.0,100.0,20.0,15
5221,CM61-BEAD-NV-CLA-0055-0,NV,989932.5,1.0,1.0,2.0,L,True,45,0,50.0,1000.0,1000.0,15
5222,CM61-BEAD-NV-CLA-0967-0,NV,2627302.0,1.0,1.0,4.0,L,True,139,0,50.0,2000.0,2000.0,15
5223,CM61-BEAD-NV-CLA-0969-1,NV,2999688.21,16.0,9.0,7.0,L,True,230,0,50.0,1000.0,1000.0,15
5224,CM61-BEAD-NV-CLA-0970-1,NV,2580388.0,1.0,1.0,4.0,L,True,133,0,50.0,2000.0,2000.0,15
5225,CM61-BEAD-NV-DOU-0945-6,NV,53400.0,0.0,0.0,21.0,L,False,89,0,61.0,100.0,20.0,15
5226,CM61-BEAD-NV-DOU-0122-0,NV,302283.92,1.0,1.0,2.0,L,True,18,0,50.0,2500.0,2500.0,15
5227,CM61-BEAD-NV-DOU-0445-0,NV,87016.63,1.0,1.0,3.0,L,True,5,0,50.0,2500.0,2500.0,15
5228,CM61-BEAD-NV-DOU-0448-0,NV,275075.0,1.0,1.0,1.0,L,True,25,0,50.0,2500.0,2500.0,15
5229,CM61-BEAD-NV-DOU-0880-6,NV,7200.0,0.0,0.0,2.0,L,False,12,0,61.0,100.0,20.0,15
5230,CM61-BEAD-NV-DOU-0877-0,NV,284700.0,1.0,1.0,3.0,L,True,13,0,50.0,2500.0,2500.0,15
5231,CM61-BEAD-NV-DOU-0879-0,NV,175200.0,1.0,1.0,2.0,L,True,8,0,50.0,2500.0,2500.0,15
5232,CM61-BEAD-NV-DOU-0881-0,NV,631895.0,1.0,1.0,4.0,L,True,131,0,71.0,1000.0,1000.0,15
5233,CM61-BEAD-NV-DOU-0882-0,NV,209197.64,1.0,1.0,2.0,L,True,26,0,50.0,2500.0,2500.0,15
5234,CM61-BEAD-NV-DOU-0883-0,NV,65700.0,1.0,1.0,2.0,L,True,3,0,50.0,2500.0,2500.0,15
5235,CM61-BEAD-NV-DOU-0887-0,NV,153300.0,1.0,1.0,2.0,L,True,7,0,50.0,2500.0,2500.0,15
5236,CM61-BEAD-NV-DOU-0890-0,NV,109500.0,1.0,1.0,2.0,L,True,5,0,50.0,2500.0,2500.0,15
5237,CM61-BEAD-NV-DOU-0892-0,NV,310800.0,1.0,1.0,1.0,L,True,37,0,50.0,2500.0,2500.0,15
5238,CM61-BEAD-NV-DOU-0903-2,NV,21731.13,1.0,1.0,3.0,L,True,1,0,50.0,2500.0,2500.0,15
5239,CM61-BEAD-NV-DOU-0905-0,NV,434577.83,1.0,1.0,2.0,L,True,83,0,50.0,2500.0,2500.0,15
5240,CM61-BEAD-NV-DOU-0906-0,NV,563059.95,1.0,1.0,3.0,L,True,67,0,50.0,2500.0,2500.0,15
5241,CM61-BEAD-NV-DOU-0954-0,NV,240900.0,1.0,1.0,2.0,L,True,11,0,50.0,2500.0,2500.0,15
5242,CM61-BEAD-NV-DOU-0958-0,NV,2463532.04,1.0,1.0,13.0,L,True,1159,1,50.0,300.6039689387403,50.81967213114754,15
5243,CM61-BEAD-NV-DOU-0959-0,NV,627712.33,1.0,1.0,8.0,L,True,183,0,71.0,1000.0,1000.0,15
5244,CM61-BEAD-NV-DOU-1030-2,NV,21900.0,1.0,1.0,1.0,L,True,1,0,50.0,2500.0,2500.0,15
5245,CM61-BEAD-NV-DOU-1031-0,NV,618245.0,1.0,1.0,4.0,L,True,158,0,71.0,1000.0,1000.0,15
5246,CM61-BEAD-NV-DOU-1045-0,NV,21900.0,1.0,1.0,1.0,L,True,1,0,50.0,2500.0,2500.0,15
5247,CM61-BEAD-NV-ELK-0558-6,NV,373800.0,0.0,0.0,94.0,L,False,625,0,61.0,100.0,20.0,15
5248,CM61-BEAD-NV-ELK-0149-0,NV,150454.0,1.0,6.0,2.0,L,True,8,0,50.0,10000.0,10000.0,15
5249,CM61-BEAD-NV-ELK-0151-0,NV,0.0,1.0,1.0,1.0,L,True,2,0,50.0,2000.0,2000.0,15
5250,CM61-BEAD-NV-ELK-0159-0,NV,3587119.82,1.0,23.0,7.0,L,True,193,0,50.0,2000.0,2000.0,15
5251,CM61-BEAD-NV-ELK-0161-0,NV,0.01,1.0,1.0,1.0,L,False,4,0,50.0,1000.0,1000.0,15
5252,CM61-BEAD-NV-ELK-0178-0,NV,350994.28,1.0,2.0,1.0,L,True,48,0,50.0,10000.0,10000.0,15
5253,CM61-BEAD-NV-ELK-0446-0,NV,376794.0,1.0,11.0,3.0,L,True,36,0,50.0,10000.0,10000.0,15
5254,CM61-BEAD-NV-ELK-0451-0,NV,0.0,1.0,1.0,1.0,L,True,1,0,50.0,10000.0,10000.0,15
5255,CM61-BEAD-NV-ELK-0452-0,NV,0.0,1.0,1.0,1.0,L,True,14,0,50.0,10000.0,10000.0,15
5256,CM61-BEAD-NV-ELK-0801-6,NV,78600.0,0.0,0.0,4.0,L,False,131,0,61.0,100.0,20.0,15
5257,CM61-BEAD-NV-ELK-0546-0,NV,58339.5,1.0,1.0,1.0,L,True,4,0,50.0,10000.0,10000.0,15
5258,CM61-BEAD-NV-ELK-0795-6,NV,5250.0,0.0,0.0,4.0,L,False,7,0,61.0,100.0,20.0,15
5259,CM61-BEAD-NV-ELK-0557-0,NV,117574.5,1.0,1.0,1.0,L,True,8,0,50.0,10000.0,10000.0,15
5260,CM61-BEAD-NV-ELK-0563-0,NV,0.0,1.0,1.0,1.0,L,True,15,0,50.0,2000.0,2000.0,15
5261,CM61-BEAD-NV-ELK-0786-0,NV,346875.0,3.0,3.0,8.0,L,True,647,2,40.0,302.16383307573415,52.93663060278207,15
5262,CM61-BEAD-NV-ELK-0794-0,NV,14762361.4,1.0,64.0,15.0,L,True,854,0,50.0,2000.0,2000.0,15
5263,CM61-BEAD-NV-ELK-0795-5,NV,3079847.69,4.0,33.0,10.0,L,True,150,0,50.0,2500.0,2500.0,15
5264,CM61-BEAD-NV-ELK-0798-0,NV,233962.5,4.0,4.0,6.0,L,True,101,2,40.0,313.86138613861385,68.81188118811882,15
5265,CM61-BEAD-NV-ELK-0806-0,NV,448748.25,1.0,1.0,2.0,L,True,72,0,50.0,10000.0,10000.0,15
5266,CM61-BEAD-NV-ELK-0820-0,NV,1062412.29,1.0,20.0,5.0,L,True,50,1,50.0,2000.0,2000.0,15
5267,CM61-BEAD-NV-ELK-0974-0,NV,20998.69,1.0,1.0,1.0,L,True,1,0,50.0,2000.0,2000.0,15
5268,CM61-BEAD-NV-ELK-0999-2,NV,22770.0,1.0,1.0,1.0,L,True,9,0,40.0,300.0,100.0,15
5269,CM61-BEAD-NV-ESM-0143-6,NV,54000.0,0.0,0.0,2.0,L,False,72,0,61.0,100.0,20.0,15
5270,CM61-BEAD-NV-ESM-0144-1,NV,2147782.04,20.0,2.0,4.0,L,True,283,1,50.0,302.47349823321554,103.18021201413427,15
5271,CM61-BEAD-NV-ESM-0949-6,NV,16800.0,0.0,0.0,9.0,L,False,21,0,61.0,100.0,20.0,15
5272,CM61-BEAD-NV-ESM-0862-1,NV,1858606.0,106.0,1.0,12.0,L,True,184,0,50.0,2000.0,2000.0,15
5273,CM61-BEAD-NV-EUR-0838-6,NV,285200.0,0.0,0.0,47.0,L,False,444,0,61.0,100.0,20.0,15
5274,CM61-BEAD-NV-EUR-0330-6,NV,19500.0,0.0,0.0,2.0,L,False,26,0,61.0,100.0,20.0,15
5275,CM61-BEAD-NV-EUR-0785-1,NV,522842.07,1.0,1.0,4.0,L,True,219,0,71.0,1000.0,1000.0,15
5276,CM61-BEAD-NV-HUM-0759-6,NV,166000.0,0.0,0.0,59.0,L,False,268,0,61.0,100.0,20.0,15
5277,CM61-BEAD-NV-HUM-0139-0,NV,104343.8,1.0,5.0,1.0,L,True,39,0,50.0,10000.0,10000.0,15
5278,CM61-BEAD-NV-HUM-0140-0,NV,43786.3,1.0,1.0,1.0,L,True,73,0,50.0,10000.0,10000.0,15
5279,CM61-BEAD-NV-HUM-0141-0,NV,0.0,1.0,1.0,1.0,L,False,6,0,50.0,10000.0,10000.0,15
5280,CM61-BEAD-NV-HUM-0142-0,NV,73493.8,1.0,50.0,1.0,L,True,73,0,50.0,10000.0,10000.0,15
5281,CM61-BEAD-NV-HUM-0985-6,NV,20400.0,0.0,0.0,6.0,L,False,34,0,61.0,100.0,20.0,15
5282,CM61-BEAD-NV-HUM-0748-0,NV,484000.0,1.0,11.0,1.0,L,True,22,0,50.0,10000.0,10000.0,15
5283,CM61-BEAD-NV-HUM-0751-0,NV,2631974.44,1.0,44.0,1.0,L,True,121,0,50.0,10000.0,10000.0,15
5284,CM61-BEAD-NV-HUM-0753-0,NV,4245735.0,1.0,1.0,5.0,L,True,193,0,50.0,5000.0,5000.0,15
5285,CM61-BEAD-NV-HUM-0755-0,NV,1361123.04,10.0,3.0,4.0,L,True,176,0,50.0,1000.0,1000.0,15
5286,CM61-BEAD-NV-HUM-0756-0,NV,1231474.59,11.0,4.0,2.0,L,True,79,0,50.0,1000.0,1000.0,15
5287,CM61-BEAD-NV-HUM-0762-0,NV,0.0,1.0,50.0,1.0,L,False,56,0,50.0,10000.0,10000.0,15
5288,CM61-BEAD-NV-HUM-0764-0,NV,2626257.04,21.0,7.0,5.0,L,True,252,0,50.0,1000.0,1000.0,15
5289,CM61-BEAD-NV-HUM-0765-0,NV,3176207.61,22.0,7.0,7.0,L,True,419,0,50.0,1000.0,1000.0,15
5290,CM61-BEAD-NV-HUM-0766-6,NV,66750.0,0.0,0.0,1.0,L,False,83,0,61.0,100.0,20.0,15
5291,CM61-BEAD-NV-HUM-0777-0,NV,1040603.83,9.0,3.0,2.0,L,True,98,1,50.0,1000.0,1000.0,15
5292,CM61-BEAD-NV-LAN-0842-6,NV,95800.0,0.0,0.0,42.0,L,False,129,0,61.0,100.0,20.0,15
5293,CM61-BEAD-NV-LAN-0082-6,NV,148500.0,0.0,0.0,7.0,L,False,193,0,61.0,100.0,20.0,15
5294,CM61-BEAD-NV-LAN-0780-6,NV,20400.0,0.0,0.0,1.0,L,False,34,0,61.0,100.0,20.0,15
5295,CM61-BEAD-NV-LAN-0843-1,NV,464901.8,4.0,39.0,7.0,L,True,119,0,50.0,2500.0,2500.0,15
5296,CM61-BEAD-NV-LAN-1000-1,NV,6352889.43,34.0,18.0,14.0,L,True,773,0,50.0,5000.0,5000.0,15
5297,CM61-BEAD-NV-LYO-0935-6,NV,29000.0,0.0,0.0,12.0,L,False,46,0,61.0,100.0,20.0,15
5298,CM61-BEAD-NV-LYO-0912-6,NV,26250.0,0.0,0.0,10.0,L,False,33,0,61.0,100.0,20.0,15
5299,CM61-BEAD-NV-LYO-0424-6,NV,1400.0,0.0,0.0,1.0,L,False,2,0,61.0,100.0,20.0,15
5300,CM61-BEAD-NV-LYO-0911-0,NV,116080.0,1.0,1.0,4.0,L,True,30,0,71.0,1000.0,1000.0,15
5301,CM61-BEAD-NV-LYO-0913-0,NV,269429.45,2.0,7.0,3.0,L,True,139,0,50.0,5000.0,5000.0,15
5302,CM61-BEAD-NV-LYO-0934-1,NV,306467.6,3.0,5.0,2.0,L,True,15,0,50.0,5000.0,5000.0,15
5303,CM61-BEAD-NV-LYO-0977-0,NV,131913.0,1.0,1.0,2.0,L,True,6,0,71.0,1000.0,1000.0,15
5304,CM61-BEAD-NV-LYO-0989-6,NV,11250.0,0.0,0.0,1.0,L,False,3,0,61.0,100.0,20.0,15
5305,CM61-BEAD-NV-LYO-1038-0,NV,5295996.67,1.0,1.0,6.0,L,True,238,0,50.0,5000.0,5000.0,15
5306,CM61-BEAD-NV-MIN-0459-6,NV,198400.0,0.0,0.0,12.0,L,False,259,0,61.0,100.0,20.0,15
5307,CM61-BEAD-NV-MIN-0032-1,NV,1309789.38,12.0,1.0,3.0,L,True,153,1,50.0,5000.0,5000.0,15
5308,CM61-BEAD-NV-MIN-0460-6,NV,19500.0,0.0,0.0,1.0,L,False,26,0,61.0,100.0,20.0,15
5309,CM61-BEAD-NV-MIN-0745-3,NV,3553324.16,26.0,9.0,8.0,L,True,373,0,50.0,1000.0,1000.0,15
5310,CM61-BEAD-NV-NYE-0849-6,NV,634800.0,0.0,0.0,82.0,L,False,1045,0,61.0,100.0,20.0,15
5311,CM61-BEAD-NV-NYE-0088-0,NV,197532.75,6.0,4.0,3.0,L,True,12,0,50.0,1000.0,1000.0,15
5312,CM61-BEAD-NV-NYE-0851-6,NV,185250.0,0.0,0.0,8.0,L,False,222,0,61.0,100.0,20.0,15
5313,CM61-BEAD-NV-NYE-0116-0,NV,989856.91,6.0,2.0,2.0,L,True,70,1,50.0,1000.0,1000.0,15
5314,CM61-BEAD-NV-NYE-0620-0,NV,30200.0,1.0,1.0,2.0,C,False,2,2,50.0,2000.0,2000.0,15
5315,CM61-BEAD-NV-NYE-0860-1,NV,2003864.0,33.0,4.0,7.0,L,True,1096,2,50.0,2000.0,2000.0,15
5316,CM61-BEAD-NV-NYE-0864-0,NV,5282169.92,45.0,24.0,16.0,L,True,403,0,50.0,1000.0,1000.0,15
5317,CM61-BEAD-NV-NYE-0865-0,NV,723186.28,5.0,3.0,4.0,L,True,58,0,50.0,1000.0,1000.0,15
5318,CM61-BEAD-NV-NYE-0995-6,NV,3600.0,0.0,0.0,2.0,L,False,6,0,61.0,100.0,20.0,15
5319,CM61-BEAD-NV-PER-0173-6,NV,800596.67,0.0,0.0,4.0,L,False,969,0,61.0,100.0,20.0,15
5320,CM61-BEAD-NV-PER-0767-1,NV,1826926.54,23.0,3.0,5.0,L,True,222,1,50.0,5000.0,5000.0,15
5321,CM61-BEAD-NV-STO-1034-6,NV,23400.0,0.0,0.0,3.0,L,False,39,0,61.0,100.0,20.0,15
5322,CM61-BEAD-NV-STO-1008-6,NV,12019.61,0.0,0.0,5.0,L,False,16,0,61.0,100.0,20.0,15
5323,CM61-BEAD-NV-STO-1006-6,NV,600.0,0.0,0.0,1.0,L,False,1,0,61.0,100.0,20.0,15
5324,CM61-BEAD-NV-STO-1032-0,NV,6010613.29,25.0,47.0,16.0,L,True,610,0,50.0,5000.0,5000.0,15
5325,CM61-BEAD-NV-WAS-0063-6,NV,259200.0,0.0,0.0,51.0,L,False,421,0,61.0,100.0,20.0,15
5326,CM61-BEAD-NV-WAS-0059-3,NV,4000000.0,1.0,6.0,5.0,L,False,159,0,50.0,1000.0,1000.0,15
5327,CM61-BEAD-NV-WAS-0091-0,NV,1541979.5,6.0,6.0,1.0,L,True,88,0,50.0,5000.0,5000.0,15
5328,CM61-BEAD-NV-WAS-0093-0,NV,880529.21,5.0,23.0,9.0,L,True,72,0,50.0,5000.0,5000.0,15
5329,CM61-BEAD-NV-WAS-0923-5,NV,4574470.0,2.0,4.0,12.0,L,True,445,0,50.0,10000.0,10000.0,15
5330,CM61-BEAD-NV-WAS-0096-1,NV,202488.15,1.0,1.0,1.0,L,True,11,0,71.0,1000.0,1000.0,15
5331,CM61-BEAD-NV-WAS-0701-0,NV,97545.3,1.0,3.0,1.0,L,True,6,0,50.0,10000.0,10000.0,15
5332,CM61-BEAD-NV-WAS-0708-6,NV,8342.31,0.0,0.0,3.0,L,False,8,0,61.0,100.0,20.0,15
5333,CM61-BEAD-NV-WAS-0741-2,NV,738088.6,1.0,1.0,3.0,L,True,53,10,50.0,2500.0,2500.0,15
5334,CM61-BEAD-NV-WAS-0915-0,NV,138883.76,1.0,1.0,1.0,L,True,8,0,71.0,1000.0,1000.0,15
5335,CM61-BEAD-NV-WAS-0919-0,NV,586697.05,1.0,1.0,2.0,L,True,120,0,71.0,1000.0,1000.0,15
5336,CM61-BEAD-NV-WAS-0921-0,NV,614470.91,1.0,1.0,1.0,L,True,161,0,71.0,1000.0,1000.0,15
5337,CM61-BEAD-NV-WAS-0924-1,NV,12803301.71,163.0,33.0,31.0,L,True,937,0,50.0,5000.0,5000.0,15
5338,CM61-BEAD-NV-WAS-0966-0,NV,39500.0,1.0,1.0,2.0,L,True,2,0,50.0,2500.0,2500.0,15
5339,CM61-BEAD-NV-WAS-0981-6,NV,600.0,0.0,0.0,1.0,L,False,1,0,61.0,100.0,20.0,15
5340,CM61-BEAD-NV-WAS-1005-1,NV,776893.7,3.0,14.0,6.0,L,True,63,0,50.0,5000.0,5000.0,15
5341,CM61-BEAD-NV-WAS-1033-6,NV,183750.0,0.0,0.0,1.0,L,False,76,0,61.0,100.0,20.0,15
5342,CM61-BEAD-NV-WHI-0827-6,NV,423800.0,0.0,0.0,61.0,L,False,629,0,61.0,100.0,20.0,15
5343,CM61-BEAD-NV-WHI-0835-6,NV,422250.0,0.0,0.0,8.0,L,False,553,0,61.0,100.0,20.0,15
5344,CM61-BEAD-NV-WHI-0991-1,NV,9416842.54,101.0,11.0,21.0,L,True,2835,0,50.0,1000.0,1000.0,15
5345,CM61-BEAD-NV-WHI-0994-6,NV,86250.0,0.0,0.0,3.0,L,False,104,0,61.0,100.0,20.0,15
5346,CM61-BEAD-CT-001-1,CT,110271.0,2.0,1.0,14.0,L,True,260,198,50.0,2000.0,2000.0,2
5347,CM61-BEAD-CT-003-1,CT,171483.0,4.0,1.0,14.0,L,True,127,125,40.0,1984.2519685039367,1984.2519685039367,2
5348,CM61-BEAD-CT-005-1,CT,31986.0,1.0,1.0,14.0,L,True,90,54,50.0,2000.0,2000.0,2
5349,CM61-BEAD-CT-007-1,CT,62948.0,2.0,1.0,14.0,L,True,33,32,40.0,2000.0,2000.0,2
5350,CM61-BEAD-CT-009-1,CT,193291.0,4.0,1.0,14.0,L,True,134,121,40.0,2000.0,2000.0,2
5351,CM61-BEAD-CT-013-1,CT,40262.0,2.0,1.0,14.0,L,True,11,9,40.0,2000.0,2000.0,2
5352,CM61-BEAD-CT-001-2,CT,1277249.0,6.0,7.0,6.0,L,True,221,152,50.0,7000.0,7000.0,2
5353,CM61-BEAD-CT-003-2,CT,840276.0,7.0,5.0,6.0,L,True,163,127,50.0,7000.0,7000.0,2
5354,CM61-BEAD-CT-005-2,CT,1419461.25,5.0,12.0,9.0,L,True,168,57,50.0,7000.0,7000.0,2
5355,CM61-BEAD-CT-009-2,CT,541368.75,2.0,4.0,2.0,L,True,72,50,50.0,7000.0,7000.0,2
5356,CM61-BEAD-CT-011-2,CT,269514.75,3.0,3.0,2.0,L,True,50,27,50.0,7000.0,7000.0,2
5357,CM61-BEAD-CT-013-2,CT,1172780.5,5.0,4.0,5.0,L,True,262,36,50.0,7000.0,7000.0,2
5358,CM61-BEAD-CT-015-2,CT,993968.0,12.0,5.0,9.0,L,True,114,0,50.0,7000.0,7000.0,2
5359,CM61-BEAD-CT-011-1,CT,16614.0,1.0,1.0,7.0,L,True,43,43,40.0,2000.0,2000.0,2
5360,CM61-BEAD-CT-015-1,CT,16444.0,1.0,0.0,7.0,L,True,23,23,40.0,2000.0,2000.0,2
5361,CM61-BEAD-CT-007-2,CT,57832.5,0.0,1.0,1.0,L,True,11,11,50.0,7000.0,7000.0,2
5362,CM61-BEAD-NY-Archtop-A,NY,23728734.26,625.0,176.0,134.0,L,True,1638,0,50.0,8000.0,8000.0,7
5363,CM61-BEAD-NY-CBN-A,NY,121006204.9,793.0,84.0,946.0,L,True,21110,0,71.0,713.0743723353858,705.2013263856064,7
5364,CM61-BEAD-NY-CBN-Onondaga,NY,100584.08,0.0,0.0,8.0,L,True,68,0,71.0,500.0,500.0,7
5365,CM61-BEAD-NY-CBN-Shinnecock,NY,70479.0,1.0,0.0,2.0,L,True,7,0,50.0,1000.0,1000.0,7
5366,CM61-BEAD-NY-Citizens-A,NY,13273290.47,135.0,108.0,4.0,L,True,1014,0,50.0,7000.0,7000.0,7
5367,CM61-BEAD-NY-Fidium-A,NY,5454547.0,104.0,50.0,0.0,L,True,1083,0,50.0,1000.0,1000.0,7
5368,CM61-BEAD-NY-IBT-A,NY,12495403.3,213.0,0.0,1046.0,L,True,5399,0,72.0,1000.0,100.0,7
5369,CM61-BEAD-NY-IBT-Oneida,NY,214211.42,0.0,0.0,68.0,L,True,79,0,72.0,1000.0,100.0,7
5370,CM61-BEAD-NY-Reasnor-A,NY,11437665.0,334.0,91.0,12.0,L,True,795,0,50.0,1000.0,1000.0,7
5371,CM61-BEAD-NY-SpaceX-Allegany,NY,7500.0,0.0,0.0,0.0,L,False,5,0,61.0,100.0,20.0,7
5372,CM61-BEAD-NY-SpaceX-Capital,NY,4188000.0,0.0,0.0,0.0,L,False,2793,0,61.0,100.0,20.0,7
5373,CM61-BEAD-NY-SpaceX-Central,NY,1500.0,0.0,0.0,0.0,L,False,1,0,61.0,100.0,20.0,7
5374,CM61-BEAD-NY-SpaceX-FLakes,NY,141000.0,0.0,0.0,0.0,L,False,94,0,61.0,100.0,20.0,7
5375,CM61-BEAD-NY-SpaceX-LongIsland,NY,3000.0,0.0,0.0,0.0,L,False,2,0,61.0,100.0,20.0,7
5376,CM61-BEAD-NY-SpaceX-MidHudson,NY,2544000.0,0.0,0.0,0.0,L,False,1696,0,61.0,100.0,20.0,7
5377,CM61-BEAD-NY-SpaceX-Mohawk,NY,2803500.0,0.0,0.0,0.0,L,False,1869,0,61.0,100.0,20.0,7
5378,CM61-BEAD-NY-SpaceX-NorthCo,NY,9051000.0,0.0,0.0,0.0,L,False,6037,0,61.0,100.0,20.0,7
5379,CM61-BEAD-NY-SpaceX-Oneida,NY,613500.0,0.0,0.0,0.0,L,False,409,0,61.0,100.0,20.0,7
5380,CM61-BEAD-NY-SpaceX-RockWest,NY,1027500.0,0.0,0.0,0.0,L,False,685,0,61.0,100.0,20.0,7
5381,CM61-BEAD-NY-SpaceX-STier,NY,445500.0,0.0,0.0,0.0,L,False,302,0,61.0,100.0,20.0,7
5382,CM61-BEAD-NY-SpaceX-Western,NY,1474500.0,0.0,0.0,0.0,L,False,984,0,61.0,100.0,20.0,7
5383,CM61-BEAD-NY-Spectrum-A,NY,19673080.46,283.0,71.0,0.0,L,True,2454,0,50.0,1000.0,1000.0,7
5384,CM61-BEAD-NY-Spectrum-Tuscarora,NY,1365559.98,13.0,3.0,0.0,L,True,465,0,50.0,1000.0,1000.0,7
5385,CM61-BEAD-NY-Verizon-A,NY,55036800.0,1732.0,422.0,0.0,L,True,3835,0,50.0,940.0,880.0,7
5386,CM61-BEAD-NY-Verizon-Tonawanda,NY,1083206.0,11.0,5.0,0.0,L,True,181,0,50.0,940.0,880.0,7
5387,CM61-BEAD-FL-05-001,FL,12400200.0,0.0,0.0,45.0,L,False,17638,0,61.0,150.0,20.0,18
5388,CM61-BEAD-FL-07-001,FL,1428000.0,10.0,24.0,0.0,L,True,204,0,50.0,5000.0,5000.0,18
5389,CM61-BEAD-FL-07-002,FL,210518.0,7.0,14.0,0.0,L,True,154,0,50.0,5000.0,5000.0,18
5390,CM61-BEAD-FL-07-003,FL,550282.0,4.0,26.0,0.0,L,True,547,0,50.0,5000.0,5000.0,18
5391,CM61-BEAD-FL-07-004,FL,4379416.0,9.0,59.0,0.0,L,True,584,0,50.0,5000.0,5000.0,18
5392,CM61-BEAD-FL-07-006,FL,1190000.0,13.0,12.0,0.0,L,True,170,0,50.0,5000.0,5000.0,18
5393,CM61-BEAD-FL-07-008,FL,903350.0,1.0,4.0,0.0,L,True,290,0,50.0,5000.0,5000.0,18
5394,CM61-BEAD-FL-07-009,FL,829290.0,8.0,15.0,0.0,L,True,231,0,50.0,5000.0,5000.0,18
5395,CM61-BEAD-FL-07-010,FL,3486000.0,15.0,60.0,0.0,L,True,498,0,50.0,5000.0,5000.0,18
5396,CM61-BEAD-FL-09-001,FL,902811.68,1.0,1.0,5.0,L,True,351,0,71.0,100.0,21.367521367521356,18
5397,CM61-BEAD-FL-09-002,FL,1747947.0,0.0,0.0,9.0,L,True,721,0,71.0,100.0,20.0,18
5398,CM61-BEAD-FL-09-003,FL,792910.91,1.0,1.0,4.0,L,True,248,0,71.0,100.0,22.580645161290317,18
5399,CM61-BEAD-FL-09-004,FL,1600719.7,0.0,0.0,8.0,L,True,550,0,71.0,100.0,20.0,18
5400,CM61-BEAD-FL-09-005,FL,2389639.38,1.0,1.0,10.0,L,True,1104,0,71.0,100.0,20.942028985507246,18
5401,CM61-BEAD-FL-09-006,FL,165141.78,0.0,0.0,3.0,L,False,162,0,72.0,100.0,20.0,18
5402,CM61-BEAD-FL-08-001,FL,5137400.0,203.0,0.0,115.0,L,True,1526,0,50.0,2000.0,2000.0,18
5403,CM61-BEAD-FL-04-001,FL,3250000.0,52.0,35.0,15.0,L,True,573,0,50.0,2000.0,2000.0,18
5404,CM61-BEAD-FL-04-002,FL,31773594.0,600.0,398.0,245.0,L,True,13493,0,50.0,2000.0,2000.0,18
5405,CM61-BEAD-FL-04-005,FL,1961812.02,14.0,9.0,5.0,L,True,899,0,40.0,2204.7830923248093,2201.557285873189,18
5406,CM61-BEAD-FL-04-009,FL,3750000.0,59.0,39.0,20.0,L,True,633,0,50.0,2000.0,2000.0,18
5407,CM61-BEAD-FL-04-011,FL,4000000.0,44.0,29.0,15.0,L,True,657,0,50.0,2000.0,2000.0,18
5408,CM61-BEAD-FL-04-012,FL,22933410.0,409.0,273.0,60.0,L,True,4369,0,50.0,2000.0,2000.0,18
5409,CM61-BEAD-FL-04-015,FL,6386733.0,96.0,64.0,20.0,L,True,1221,0,50.0,2000.0,2000.0,18
5410,CM61-BEAD-FL-04-016,FL,2666000.0,47.0,31.0,10.0,L,True,369,0,50.0,2000.0,2000.0,18
5411,CM61-BEAD-FL-04-017,FL,481000.0,17.0,11.0,5.0,L,True,65,0,50.0,2000.0,2000.0,18
5412,CM61-BEAD-FL-04-019,FL,13900000.0,241.0,160.0,35.0,L,True,2548,0,50.0,2000.0,2000.0,18
5413,CM61-BEAD-FL-04-021,FL,2455000.0,36.0,24.0,5.0,L,True,338,0,50.0,2000.0,2000.0,18
5414,CM61-BEAD-FL-04-022,FL,14081275.0,247.0,165.0,35.0,L,True,2706,0,50.0,2000.0,2000.0,18
5415,CM61-BEAD-FL-22-001,FL,556280.32,1.0,1.0,3.0,L,True,230,0,71.0,100.0,24.17391304347826,18
5416,CM61-BEAD-FL-22-002,FL,550794.09,1.0,1.0,3.0,L,True,224,0,71.0,100.0,24.28571428571428,18
5417,CM61-BEAD-FL-01-001,FL,473992.59,0.0,6.0,1.0,L,True,122,0,50.0,2000.0,2000.0,18
5418,CM61-BEAD-FL-01-002,FL,153615.39,4.0,0.0,1.0,L,True,33,0,50.0,2000.0,2000.0,18
5419,CM61-BEAD-FL-01-003,FL,792314.63,4.0,10.0,1.0,L,True,120,0,50.0,2000.0,2000.0,18
5420,CM61-BEAD-FL-01-004,FL,3727881.68,24.0,75.0,3.0,L,True,643,0,50.0,2000.0,2000.0,18
5421,CM61-BEAD-FL-01-005,FL,6086650.0,34.0,105.0,6.0,L,True,817,0,50.0,2000.0,2000.0,18
5422,CM61-BEAD-FL-01-006,FL,2838450.0,174.0,4.0,3.0,L,True,381,0,50.0,2000.0,2000.0,18
5423,CM61-BEAD-FL-11-001,FL,1012000.0,0.0,2.0,0.0,L,True,403,0,71.0,100.0,20.0,18
5424,CM61-BEAD-FL-16-002,FL,1004539.21,0.0,8.0,14.0,L,True,396,0,50.0,1000.0,1000.0,18
5425,CM61-BEAD-FL-16-003,FL,1905149.0,0.0,0.0,18.0,L,False,1005,0,72.0,1000.0,200.0,18
5426,CM61-BEAD-FL-12-001,FL,1559685.0,7.0,41.0,0.0,L,True,329,0,40.0,2000.0,1000.0,18
5427,CM61-BEAD-FL-12-002,FL,1183950.0,5.0,29.0,0.0,L,True,343,0,50.0,1720.116618075802,1000.0,18
5428,CM61-BEAD-FL-12-003,FL,978615.0,5.0,30.0,0.0,L,True,145,0,40.0,1503.448275862069,1082.7586206896553,18
5429,CM61-BEAD-FL-23-001,FL,171495.0,0.0,0.0,0.0,L,False,49,0,72.0,231.63265306122454,46.3265306122449,18
5430,CM61-BEAD-FL-18-001,FL,1881935.0,0.0,0.0,2.0,L,True,422,0,71.0,385.23459715639797,96.47867298578203,18
5431,CM61-BEAD-FL-18-002,FL,1185841.21,0.0,0.0,1.0,L,True,165,0,71.0,336.8363636363635,84.31515151515153,18
5432,CM61-BEAD-FL-17-001,FL,3056864.0,0.0,102.0,35.0,L,True,909,0,50.0,1000.0,1000.0,18
5433,CM61-BEAD-FL-17-002,FL,850668.0,0.0,10.0,6.0,L,True,1059,0,50.0,1000.0,1000.0,18
5434,CM61-BEAD-FL-03-001,FL,1050000.0,0.0,0.0,1.0,L,True,152,0,71.0,100.0,20.0,18
5435,CM61-BEAD-FL-03-002,FL,890000.0,0.0,0.0,4.0,L,True,128,0,71.0,100.0,20.0,18
5436,CM61-BEAD-FL-03-003,FL,8917500.0,0.0,0.0,11.0,L,True,2108,0,71.0,100.0,20.0,18
5437,CM61-BEAD-FL-03-004,FL,7875000.0,0.0,0.0,7.0,L,True,1182,0,71.0,100.0,20.0,18
5438,CM61-BEAD-FL-13-001,FL,889698.37,0.0,10.0,15.0,L,True,230,0,50.0,100.0,100.0,18
5439,CM61-BEAD-FL-13-002,FL,1611704.78,0.0,8.0,15.0,L,True,535,0,50.0,100.0,100.0,18
5440,CM61-BEAD-FL-06-001,FL,10803000.0,0.0,0.0,0.0,L,False,1725,0,61.0,100.0,20.0,18
5441,CM61-BEAD-FL-10-001,FL,281898.0,8.0,4.0,0.0,L,True,103,0,50.0,1000.0,1000.0,18
5442,CM61-BEAD-FL-10-002,FL,77071.0,3.0,1.0,0.0,L,True,34,0,50.0,1000.0,1000.0,18
5443,CM61-BEAD-FL-10-003,FL,4313174.0,79.0,42.0,0.0,L,True,703,0,50.0,1000.0,1000.0,18
5444,CM61-BEAD-FL-10-004,FL,4164217.4,47.0,50.0,0.0,L,True,1712,0,50.0,1000.0,1000.0,18
5445,CM61-BEAD-FL-10-005,FL,708383.0,0.0,23.0,0.0,L,True,117,0,50.0,1000.0,1000.0,18
5446,CM61-BEAD-FL-10-006,FL,408020.0,14.0,9.0,0.0,L,True,118,0,50.0,1000.0,1000.0,18
5447,CM61-BEAD-FL-15-001,FL,281000.0,0.0,0.0,1.0,L,True,200,0,72.0,300.0,60.0,18
5448,CM61-BEAD-FL-15-002,FL,381000.0,0.0,0.0,1.0,L,True,210,0,72.0,377.14285714285734,69.14285714285712,18
5449,CM61-BEAD-FL-14-001,FL,1535338.98,1.0,42.0,15.0,L,True,223,0,50.0,1000.0,1000.0,18
5450,CM61-BEAD-FL-14-002,FL,772429.64,2.0,20.0,10.0,L,True,189,0,50.0,1000.0,1000.0,18
5451,CM61-BEAD-FL-14-003,FL,1248267.75,1.0,35.0,5.0,L,True,372,0,50.0,1000.0,1000.0,18
5452,CM61-BEAD-FL-14-004,FL,1427317.5,2.0,41.0,10.0,L,True,327,0,50.0,1000.0,1000.0,18
5453,CM61-BEAD-FL-21-001,FL,357845.4,2.0,16.0,3.0,L,True,159,0,50.0,2000.0,2000.0,18
5454,CM61-BEAD-FL-21-002,FL,1933624.44,3.0,38.0,6.0,L,True,2169,0,50.0,2000.0,2000.0,18
5455,CM61-BEAD-FL-21-003,FL,4012485.84,0.0,177.0,17.0,L,True,604,0,50.0,2000.0,2000.0,18
5456,CM61-BEAD-ND-1084644,ND,5942467.35,0.0,155.0,26.0,L,True,257,0,50.0,5000.0,5000.0,2
5457,CM61-BEAD-ND-1085690,ND,191501.0,0.0,6.0,13.0,L,True,22,0,50.0,4636.363636363636,4636.363636363636,2
5458,CSD-BEAD-200,SD,54507556.93,20.0,434.0,9.0,L,False,2771,0,50.0,2346.6979429808703,2341.587874413567,3
5459,CSD-BEAD-100,SD,12873778.0,0.0,129.19,0.0,L,False,1217,0,50.0,5000.0,5000.0,3
5460,CSD-BEAD-300,SD,3838725.0,0.0,210.0,2.0,L,False,374,0,50.0,1000.0,1000.0,3
5461,CSD-BEAD-400,SD,1596000.0,0.0,0.0,0.0,L,False,2630,0,61.0,350.0,40.0,3
